"DateTime","Depth","period","type","var","value","scenario"
2015-07-09,"0.1","calib","mod","wl",10.9695423860331,"baseline"
2015-07-09,"0.1","calib","obs","wl",11.3,"baseline"
2015-07-09,"0.1","calib","mod","chla",3.4558618985744,"baseline"
2015-07-09,"0.1","calib","obs","chla",1.2616,"baseline"
2015-07-10,"0.1","calib","mod","wl",10.9673642695829,"baseline"
2015-07-10,"0.1","calib","obs","wl",11.3,"baseline"
2015-07-11,"0.1","calib","mod","wl",10.9651762342969,"baseline"
2015-07-11,"0.1","calib","obs","wl",11.3,"baseline"
2015-07-12,"0.1","calib","mod","wl",10.9630202598729,"baseline"
2015-07-12,"0.1","calib","obs","wl",11.3,"baseline"
2015-07-13,"0.1","calib","mod","wl",10.9618179758171,"baseline"
2015-07-13,"0.1","calib","obs","wl",11.3,"baseline"
2015-07-14,"0.1","calib","mod","wl",10.9704258415524,"baseline"
2015-07-14,"0.1","calib","obs","wl",11.3,"baseline"
2015-07-15,"0.1","calib","mod","wl",10.9728873286756,"baseline"
2015-07-15,"0.1","calib","obs","wl",11.3,"baseline"
2015-07-16,"0.1","calib","mod","wl",10.9686103330603,"baseline"
2015-07-16,"0.1","calib","obs","wl",11.3,"baseline"
2015-07-16,"0.1","calib","mod","nh4",18.2851552312582,"baseline"
2015-07-16,"0.1","calib","obs","nh4",3.00000000000001,"baseline"
2015-07-16,"0.1","calib","mod","no3",2.9332913663597,"baseline"
2015-07-16,"0.1","calib","obs","no3",2,"baseline"
2015-07-16,"0.1","calib","mod","po4",4.63511373814231,"baseline"
2015-07-16,"0.1","calib","obs","po4",4,"baseline"
2015-07-16,"0.1","calib","mod","chla",3.50539679729432,"baseline"
2015-07-16,"0.1","calib","obs","chla",2.2376,"baseline"
2015-07-16,"0.1","calib","obs","din",5,"baseline"
2015-07-16,"0.1","calib","mod","din",21.2184465976179,"baseline"
2015-07-17,"0.1","calib","mod","wl",10.9645646397088,"baseline"
2015-07-17,"0.1","calib","obs","wl",11.3,"baseline"
2015-07-18,"0.1","calib","mod","wl",10.962109183182,"baseline"
2015-07-18,"0.1","calib","obs","wl",11.3,"baseline"
2015-07-19,"0.1","calib","mod","wl",10.9631271674621,"baseline"
2015-07-19,"0.1","calib","obs","wl",11.3,"baseline"
2015-07-20,"0.1","calib","mod","wl",10.9603829870427,"baseline"
2015-07-20,"0.1","calib","obs","wl",11.3,"baseline"
2015-07-21,"0.1","calib","mod","wl",10.9575413293447,"baseline"
2015-07-21,"0.1","calib","obs","wl",11.3,"baseline"
2015-07-22,"0.1","calib","mod","wl",10.9456906449404,"baseline"
2015-07-22,"0.1","calib","obs","wl",11.2875,"baseline"
2015-07-23,"0.1","calib","mod","wl",10.9333621172424,"baseline"
2015-07-23,"0.1","calib","obs","wl",11.275,"baseline"
2015-07-23,"0.1","calib","mod","nh4",16.7314095466602,"baseline"
2015-07-23,"0.1","calib","obs","nh4",5,"baseline"
2015-07-23,"0.1","calib","mod","no3",2.25120678912465,"baseline"
2015-07-23,"0.1","calib","obs","no3",2,"baseline"
2015-07-23,"0.1","calib","mod","po4",2.60066012596441,"baseline"
2015-07-23,"0.1","calib","obs","po4",5,"baseline"
2015-07-23,"0.1","calib","mod","chla",3.52203787271737,"baseline"
2015-07-23,"0.1","calib","obs","chla",1.9202,"baseline"
2015-07-23,"0.1","calib","obs","din",6.99999999999999,"baseline"
2015-07-23,"0.1","calib","mod","din",18.9826163357849,"baseline"
2015-07-24,"0.1","calib","mod","wl",10.9217142252277,"baseline"
2015-07-24,"0.1","calib","obs","wl",11.2625,"baseline"
2015-07-25,"0.1","calib","mod","wl",10.9107762510486,"baseline"
2015-07-25,"0.1","calib","obs","wl",11.25,"baseline"
2015-07-26,"0.1","calib","mod","wl",10.8998483615783,"baseline"
2015-07-26,"0.1","calib","obs","wl",11.2375,"baseline"
2015-07-27,"0.1","calib","mod","wl",10.8892848165012,"baseline"
2015-07-27,"0.1","calib","obs","wl",11.225,"baseline"
2015-07-28,"0.1","calib","mod","wl",10.879031594415,"baseline"
2015-07-28,"0.1","calib","obs","wl",11.2125,"baseline"
2015-07-29,"0.1","calib","mod","wl",10.8795513328344,"baseline"
2015-07-29,"0.1","calib","obs","wl",11.2,"baseline"
2015-07-30,"0.1","calib","mod","wl",10.8772358672513,"baseline"
2015-07-30,"0.1","calib","obs","wl",11.2,"baseline"
2015-07-30,"0.1","calib","mod","temp",29.8641222460088,"baseline"
2015-07-30,"0.1","calib","obs","temp",27.7,"baseline"
2015-07-30,"0.1","calib","mod","oxy",8.56720976634008,"baseline"
2015-07-30,"0.1","calib","obs","oxy",5.25,"baseline"
2015-07-30,"0.1","calib","mod","chla",3.40390646383794,"baseline"
2015-07-30,"0.1","calib","obs","chla",1.7695,"baseline"
2015-07-31,"0.1","calib","mod","wl",10.874184081457,"baseline"
2015-07-31,"0.1","calib","obs","wl",11.2,"baseline"
2015-08-01,"0.1","calib","mod","wl",10.8670093797805,"baseline"
2015-08-01,"0.1","calib","obs","wl",11.2,"baseline"
2015-08-02,"0.1","calib","mod","wl",10.8621908560395,"baseline"
2015-08-02,"0.1","calib","obs","wl",11.2,"baseline"
2015-08-03,"0.1","calib","mod","wl",10.8586541240505,"baseline"
2015-08-03,"0.1","calib","obs","wl",11.2,"baseline"
2015-08-04,"0.1","calib","mod","wl",10.8555075733105,"baseline"
2015-08-04,"0.1","calib","obs","wl",11.2,"baseline"
2015-08-05,"0.1","calib","mod","wl",10.8531278641214,"baseline"
2015-08-05,"0.1","calib","obs","wl",11.2,"baseline"
2015-08-06,"0.1","calib","mod","wl",10.8508126589797,"baseline"
2015-08-06,"0.1","calib","obs","wl",11.2,"baseline"
2015-08-07,"0.1","calib","mod","wl",10.8488506600685,"baseline"
2015-08-07,"0.1","calib","obs","wl",11.2,"baseline"
2015-08-08,"0.1","calib","mod","wl",10.8479852922171,"baseline"
2015-08-08,"0.1","calib","obs","wl",11.2,"baseline"
2015-08-09,"0.1","calib","mod","wl",10.8462000237473,"baseline"
2015-08-09,"0.1","calib","obs","wl",11.2,"baseline"
2015-08-10,"0.1","calib","mod","wl",10.8445527078505,"baseline"
2015-08-10,"0.1","calib","obs","wl",11.2,"baseline"
2015-08-11,"0.1","calib","mod","wl",10.8434634605754,"baseline"
2015-08-11,"0.1","calib","obs","wl",11.2,"baseline"
2015-08-12,"0.1","calib","mod","wl",10.8598625315558,"baseline"
2015-08-12,"0.1","calib","obs","wl",11.1888888888889,"baseline"
2015-08-13,"0.1","calib","mod","wl",10.8444497153559,"baseline"
2015-08-13,"0.1","calib","obs","wl",11.1777777777778,"baseline"
2015-08-13,"0.1","calib","mod","temp",26.6090212957412,"baseline"
2015-08-13,"0.1","calib","obs","temp",25.7,"baseline"
2015-08-13,"0.1","calib","mod","oxy",8.4033429362918,"baseline"
2015-08-13,"0.1","calib","obs","oxy",5.92,"baseline"
2015-08-13,"0.1","calib","mod","nh4",3.92861938789308,"baseline"
2015-08-13,"0.1","calib","obs","nh4",0.999999999999999,"baseline"
2015-08-13,"0.1","calib","mod","no3",0.244752092028475,"baseline"
2015-08-13,"0.1","calib","obs","no3",2,"baseline"
2015-08-13,"0.1","calib","mod","po4",2.18859534313342,"baseline"
2015-08-13,"0.1","calib","obs","po4",6,"baseline"
2015-08-13,"0.1","calib","obs","din",3,"baseline"
2015-08-13,"0.1","calib","mod","din",4.17337147992155,"baseline"
2015-08-14,"0.1","calib","mod","wl",10.8315293372351,"baseline"
2015-08-14,"0.1","calib","obs","wl",11.1666666666667,"baseline"
2015-08-15,"0.1","calib","mod","wl",10.8198227219434,"baseline"
2015-08-15,"0.1","calib","obs","wl",11.1555555555556,"baseline"
2015-08-16,"0.1","calib","mod","wl",10.8090332173134,"baseline"
2015-08-16,"0.1","calib","obs","wl",11.1444444444444,"baseline"
2015-08-17,"0.1","calib","mod","wl",10.7980908165668,"baseline"
2015-08-17,"0.1","calib","obs","wl",11.1333333333333,"baseline"
2015-08-18,"0.1","calib","mod","wl",10.7875258913184,"baseline"
2015-08-18,"0.1","calib","obs","wl",11.1222222222222,"baseline"
2015-08-19,"0.1","calib","mod","wl",10.780858668583,"baseline"
2015-08-19,"0.1","calib","obs","wl",11.1111111111111,"baseline"
2015-08-20,"0.1","calib","mod","wl",10.7713103756265,"baseline"
2015-08-20,"0.1","calib","obs","wl",11.1,"baseline"
2015-08-21,"0.1","calib","mod","wl",10.7699195218233,"baseline"
2015-08-21,"0.1","calib","obs","wl",11.1,"baseline"
2015-08-22,"0.1","calib","mod","wl",10.7648855738172,"baseline"
2015-08-22,"0.1","calib","obs","wl",11.1,"baseline"
2015-08-23,"0.1","calib","mod","wl",10.7625280556743,"baseline"
2015-08-23,"0.1","calib","obs","wl",11.1,"baseline"
2015-08-24,"0.1","calib","mod","wl",10.7604555465537,"baseline"
2015-08-24,"0.1","calib","obs","wl",11.1,"baseline"
2015-08-25,"0.1","calib","mod","wl",10.75830949091,"baseline"
2015-08-25,"0.1","calib","obs","wl",11.1,"baseline"
2015-08-26,"0.1","calib","mod","wl",10.7520436330008,"baseline"
2015-08-26,"0.1","calib","obs","wl",11.1,"baseline"
2015-08-27,"0.1","calib","mod","wl",10.7466207773698,"baseline"
2015-08-27,"0.1","calib","obs","wl",11.1,"baseline"
2015-08-28,"0.1","calib","mod","wl",10.7438635839481,"baseline"
2015-08-28,"0.1","calib","obs","wl",11.1,"baseline"
2015-08-29,"0.1","calib","mod","wl",10.7420909478624,"baseline"
2015-08-29,"0.1","calib","obs","wl",11.1,"baseline"
2015-08-30,"0.1","calib","mod","wl",10.7403494012379,"baseline"
2015-08-30,"0.1","calib","obs","wl",11.1,"baseline"
2015-08-31,"0.1","calib","mod","wl",10.7389019345416,"baseline"
2015-08-31,"0.1","calib","obs","wl",11.1,"baseline"
2015-09-01,"0.1","calib","mod","wl",10.7375439421165,"baseline"
2015-09-01,"0.1","calib","obs","wl",11.1,"baseline"
2015-09-02,"0.1","calib","mod","wl",10.7352820695357,"baseline"
2015-09-02,"0.1","calib","obs","wl",11.1,"baseline"
2015-09-03,"0.1","calib","mod","wl",10.7328457440033,"baseline"
2015-09-03,"0.1","calib","obs","wl",11.1,"baseline"
2015-09-04,"0.1","calib","mod","wl",10.7296616983694,"baseline"
2015-09-04,"0.1","calib","obs","wl",11.1,"baseline"
2015-09-04,"0.1","calib","mod","chla",3.28583548184169,"baseline"
2015-09-04,"0.1","calib","obs","chla",1.3605,"baseline"
2015-09-05,"0.1","calib","mod","wl",10.7480528322902,"baseline"
2015-09-05,"0.1","calib","obs","wl",11.1,"baseline"
2015-09-06,"0.1","calib","mod","wl",10.7439543617742,"baseline"
2015-09-06,"0.1","calib","obs","wl",11.1,"baseline"
2015-09-07,"0.1","calib","mod","wl",10.7409262813303,"baseline"
2015-09-07,"0.1","calib","obs","wl",11.1,"baseline"
2015-09-08,"0.1","calib","mod","wl",10.7381143181417,"baseline"
2015-09-08,"0.1","calib","obs","wl",11.1,"baseline"
2015-09-09,"0.1","calib","mod","wl",10.7358594338125,"baseline"
2015-09-09,"0.1","calib","obs","wl",11.1,"baseline"
2015-09-10,"0.1","calib","mod","wl",10.7342049498676,"baseline"
2015-09-10,"0.1","calib","obs","wl",11.1,"baseline"
2015-09-11,"0.1","calib","mod","wl",10.7326551382187,"baseline"
2015-09-11,"0.1","calib","obs","wl",11.1,"baseline"
2015-09-12,"0.1","calib","mod","wl",10.7367550539275,"baseline"
2015-09-12,"0.1","calib","obs","wl",11.1090909090909,"baseline"
2015-09-13,"0.1","calib","mod","wl",10.7424104992936,"baseline"
2015-09-13,"0.1","calib","obs","wl",11.1181818181818,"baseline"
2015-09-14,"0.1","calib","mod","wl",10.7437380761861,"baseline"
2015-09-14,"0.1","calib","obs","wl",11.1272727272727,"baseline"
2015-09-15,"0.1","calib","mod","wl",10.7475621119011,"baseline"
2015-09-15,"0.1","calib","obs","wl",11.1363636363636,"baseline"
2015-09-16,"0.1","calib","mod","wl",10.7512751843381,"baseline"
2015-09-16,"0.1","calib","obs","wl",11.1454545454545,"baseline"
2015-09-17,"0.1","calib","mod","wl",10.7559910967442,"baseline"
2015-09-17,"0.1","calib","obs","wl",11.1545454545455,"baseline"
2015-09-18,"0.1","calib","mod","wl",10.7605267067364,"baseline"
2015-09-18,"0.1","calib","obs","wl",11.1636363636364,"baseline"
2015-09-18,"0.1","calib","mod","nh4",5.94013827371037,"baseline"
2015-09-18,"0.1","calib","obs","nh4",14,"baseline"
2015-09-18,"0.1","calib","mod","no3",0.231425800983625,"baseline"
2015-09-18,"0.1","calib","obs","no3",0.999999999999999,"baseline"
2015-09-18,"0.1","calib","mod","po4",0.986137961733771,"baseline"
2015-09-18,"0.1","calib","obs","po4",8,"baseline"
2015-09-18,"0.1","calib","mod","chla",3.35197537265293,"baseline"
2015-09-18,"0.1","calib","obs","chla",0.68,"baseline"
2015-09-18,"0.1","calib","obs","din",15,"baseline"
2015-09-18,"0.1","calib","mod","din",6.171564074694,"baseline"
2015-09-19,"0.1","calib","mod","wl",10.7651090004892,"baseline"
2015-09-19,"0.1","calib","obs","wl",11.1727272727273,"baseline"
2015-09-20,"0.1","calib","mod","wl",10.7701893034482,"baseline"
2015-09-20,"0.1","calib","obs","wl",11.1818181818182,"baseline"
2015-09-21,"0.1","calib","mod","wl",10.7748057263443,"baseline"
2015-09-21,"0.1","calib","obs","wl",11.1909090909091,"baseline"
2015-09-22,"0.1","calib","mod","wl",10.8142975870096,"baseline"
2015-09-22,"0.1","calib","obs","wl",11.2,"baseline"
2015-09-23,"0.1","calib","mod","wl",10.8247177740379,"baseline"
2015-09-23,"0.1","calib","obs","wl",11.2,"baseline"
2015-09-24,"0.1","calib","mod","wl",10.8178642791861,"baseline"
2015-09-24,"0.1","calib","obs","wl",11.2,"baseline"
2015-09-25,"0.1","calib","mod","wl",10.8130652070457,"baseline"
2015-09-25,"0.1","calib","obs","wl",11.2,"baseline"
2015-09-26,"0.1","calib","mod","wl",10.8115231131893,"baseline"
2015-09-26,"0.1","calib","obs","wl",11.2,"baseline"
2015-09-27,"0.1","calib","mod","wl",10.8337409184814,"baseline"
2015-09-27,"0.1","calib","obs","wl",11.2,"baseline"
2015-09-28,"0.1","calib","mod","wl",10.8658921383897,"baseline"
2015-09-28,"0.1","calib","obs","wl",11.2,"baseline"
2015-09-29,"0.1","calib","mod","wl",10.9150271166273,"baseline"
2015-09-29,"0.1","calib","obs","wl",11.275,"baseline"
2015-09-30,"0.1","calib","mod","wl",11.0153825480183,"baseline"
2015-09-30,"0.1","calib","obs","wl",11.35,"baseline"
2015-10-01,"0.1","calib","mod","wl",11.0574126470706,"baseline"
2015-10-01,"0.1","calib","obs","wl",11.425,"baseline"
2015-10-02,"0.1","calib","mod","wl",11.1005846739673,"baseline"
2015-10-02,"0.1","calib","obs","wl",11.5,"baseline"
2015-10-02,"0.1","calib","mod","nh4",12.8682053207165,"baseline"
2015-10-02,"0.1","calib","obs","nh4",3.00000000000001,"baseline"
2015-10-02,"0.1","calib","mod","no3",8.84672687665843,"baseline"
2015-10-02,"0.1","calib","obs","no3",2,"baseline"
2015-10-02,"0.1","calib","mod","po4",7.37383735945638,"baseline"
2015-10-02,"0.1","calib","obs","po4",6,"baseline"
2015-10-02,"0.1","calib","mod","chla",3.15699336407941,"baseline"
2015-10-02,"0.1","calib","obs","chla",3.7138,"baseline"
2015-10-02,"0.1","calib","obs","din",5,"baseline"
2015-10-02,"0.1","calib","mod","din",21.7149321973749,"baseline"
2015-10-03,"0.1","calib","mod","wl",11.1355281892296,"baseline"
2015-10-03,"0.1","calib","obs","wl",11.5333333333333,"baseline"
2015-10-04,"0.1","calib","mod","wl",11.175830172418,"baseline"
2015-10-04,"0.1","calib","obs","wl",11.5666666666667,"baseline"
2015-10-05,"0.1","calib","mod","wl",11.1922691135093,"baseline"
2015-10-05,"0.1","calib","obs","wl",11.6,"baseline"
2015-10-06,"0.1","calib","mod","wl",11.1848292433268,"baseline"
2015-10-06,"0.1","calib","obs","wl",11.6,"baseline"
2015-10-07,"0.1","calib","mod","wl",11.1797277728705,"baseline"
2015-10-07,"0.1","calib","obs","wl",11.6,"baseline"
2015-10-08,"0.1","calib","mod","wl",11.1760391711442,"baseline"
2015-10-08,"0.1","calib","obs","wl",11.6,"baseline"
2015-10-09,"0.1","calib","mod","wl",11.1736249691,"baseline"
2015-10-09,"0.1","calib","obs","wl",11.6,"baseline"
2015-10-10,"0.1","calib","mod","wl",11.1569904845071,"baseline"
2015-10-10,"0.1","calib","obs","wl",11.5714285714286,"baseline"
2015-10-11,"0.1","calib","mod","wl",11.1394151955224,"baseline"
2015-10-11,"0.1","calib","obs","wl",11.5428571428571,"baseline"
2015-10-12,"0.1","calib","mod","wl",11.1168380332071,"baseline"
2015-10-12,"0.1","calib","obs","wl",11.5142857142857,"baseline"
2015-10-13,"0.1","calib","mod","wl",11.094339543053,"baseline"
2015-10-13,"0.1","calib","obs","wl",11.4857142857143,"baseline"
2015-10-14,"0.1","calib","mod","wl",11.0717569406931,"baseline"
2015-10-14,"0.1","calib","obs","wl",11.4571428571429,"baseline"
2015-10-15,"0.1","calib","mod","wl",11.0488418758939,"baseline"
2015-10-15,"0.1","calib","obs","wl",11.4285714285714,"baseline"
2015-10-16,"0.1","calib","mod","wl",11.0261866873299,"baseline"
2015-10-16,"0.1","calib","obs","wl",11.4,"baseline"
2015-10-17,"0.1","calib","mod","wl",11.0117329359,"baseline"
2015-10-17,"0.1","calib","obs","wl",11.3833333333333,"baseline"
2015-10-18,"0.1","calib","mod","wl",10.9962538372312,"baseline"
2015-10-18,"0.1","calib","obs","wl",11.3666666666667,"baseline"
2015-10-19,"0.1","calib","mod","wl",10.9811263204446,"baseline"
2015-10-19,"0.1","calib","obs","wl",11.35,"baseline"
2015-10-20,"0.1","calib","mod","wl",10.9670607082408,"baseline"
2015-10-20,"0.1","calib","obs","wl",11.3333333333333,"baseline"
2015-10-21,"0.1","calib","mod","wl",10.9530965423531,"baseline"
2015-10-21,"0.1","calib","obs","wl",11.3166666666667,"baseline"
2015-10-22,"0.1","calib","mod","wl",10.9393440689981,"baseline"
2015-10-22,"0.1","calib","obs","wl",11.3,"baseline"
2015-10-23,"0.1","calib","mod","wl",10.9481590882936,"baseline"
2015-10-23,"0.1","calib","obs","wl",11.3142857142857,"baseline"
2015-10-23,"0.1","calib","mod","nh4",35.2569041914503,"baseline"
2015-10-23,"0.1","calib","obs","nh4",1.99999999999999,"baseline"
2015-10-23,"0.1","calib","mod","no3",5.40979192023828,"baseline"
2015-10-23,"0.1","calib","obs","no3",2,"baseline"
2015-10-23,"0.1","calib","mod","po4",2.74530314013538,"baseline"
2015-10-23,"0.1","calib","obs","po4",11,"baseline"
2015-10-23,"0.1","calib","mod","chla",2.11984106670066,"baseline"
2015-10-23,"0.1","calib","obs","chla",1.477,"baseline"
2015-10-23,"0.1","calib","obs","din",3.99999999999999,"baseline"
2015-10-23,"0.1","calib","mod","din",40.6666961116886,"baseline"
2015-10-24,"0.1","calib","mod","wl",10.9552696336983,"baseline"
2015-10-24,"0.1","calib","obs","wl",11.3285714285714,"baseline"
2015-10-25,"0.1","calib","mod","wl",10.9599496115413,"baseline"
2015-10-25,"0.1","calib","obs","wl",11.3428571428571,"baseline"
2015-10-26,"0.1","calib","mod","wl",10.9631708860172,"baseline"
2015-10-26,"0.1","calib","obs","wl",11.3571428571429,"baseline"
2015-10-27,"0.1","calib","mod","wl",10.9646756455937,"baseline"
2015-10-27,"0.1","calib","obs","wl",11.3714285714286,"baseline"
2015-10-28,"0.1","calib","mod","wl",10.9905104706828,"baseline"
2015-10-28,"0.1","calib","obs","wl",11.3857142857143,"baseline"
2015-10-29,"0.1","calib","mod","wl",11.0399517280503,"baseline"
2015-10-29,"0.1","calib","obs","wl",11.4,"baseline"
2015-10-30,"0.1","calib","mod","wl",11.0208574670742,"baseline"
2015-10-30,"0.1","calib","obs","wl",11.3833333333333,"baseline"
2015-10-31,"0.1","calib","mod","wl",11.0022165763994,"baseline"
2015-10-31,"0.1","calib","obs","wl",11.3666666666667,"baseline"
2015-11-01,"0.1","calib","mod","wl",10.9856692123787,"baseline"
2015-11-01,"0.1","calib","obs","wl",11.35,"baseline"
2015-11-02,"0.1","calib","mod","wl",10.9711147180018,"baseline"
2015-11-02,"0.1","calib","obs","wl",11.3333333333333,"baseline"
2015-11-03,"0.1","calib","mod","wl",10.9580094142555,"baseline"
2015-11-03,"0.1","calib","obs","wl",11.3166666666667,"baseline"
2015-11-04,"0.1","calib","mod","wl",10.9445479109483,"baseline"
2015-11-04,"0.1","calib","obs","wl",11.3,"baseline"
2015-11-05,"0.1","calib","mod","wl",10.93143403403,"baseline"
2015-11-05,"0.1","calib","obs","wl",11.2833333333333,"baseline"
2015-11-06,"0.1","calib","mod","wl",10.9186264893263,"baseline"
2015-11-06,"0.1","calib","obs","wl",11.2666666666667,"baseline"
2015-11-07,"0.1","calib","mod","wl",10.9062162646082,"baseline"
2015-11-07,"0.1","calib","obs","wl",11.25,"baseline"
2015-11-08,"0.1","calib","mod","wl",10.895986042361,"baseline"
2015-11-08,"0.1","calib","obs","wl",11.2333333333333,"baseline"
2015-11-09,"0.1","calib","mod","wl",10.8809989074918,"baseline"
2015-11-09,"0.1","calib","obs","wl",11.2166666666667,"baseline"
2015-11-10,"0.1","calib","mod","wl",10.8902995094735,"baseline"
2015-11-10,"0.1","calib","obs","wl",11.2,"baseline"
2015-11-11,"0.1","calib","mod","wl",10.9065079844551,"baseline"
2015-11-11,"0.1","calib","obs","wl",11.2142857142857,"baseline"
2015-11-12,"0.1","calib","mod","wl",10.9110220526288,"baseline"
2015-11-12,"0.1","calib","obs","wl",11.2285714285714,"baseline"
2015-11-13,"0.1","calib","mod","wl",10.9179144177138,"baseline"
2015-11-13,"0.1","calib","obs","wl",11.2428571428571,"baseline"
2015-11-14,"0.1","calib","mod","wl",10.9236789294767,"baseline"
2015-11-14,"0.1","calib","obs","wl",11.2571428571429,"baseline"
2015-11-15,"0.1","calib","mod","wl",10.9303356964735,"baseline"
2015-11-15,"0.1","calib","obs","wl",11.2714285714286,"baseline"
2015-11-16,"0.1","calib","mod","wl",10.9380116572154,"baseline"
2015-11-16,"0.1","calib","obs","wl",11.2857142857143,"baseline"
2015-11-17,"0.1","calib","mod","wl",10.9464629443576,"baseline"
2015-11-17,"0.1","calib","obs","wl",11.3,"baseline"
2015-11-18,"0.1","calib","mod","wl",10.9453691134711,"baseline"
2015-11-18,"0.1","calib","obs","wl",11.3,"baseline"
2015-11-19,"0.1","calib","mod","wl",10.9451183951994,"baseline"
2015-11-19,"0.1","calib","obs","wl",11.3,"baseline"
2015-11-20,"0.1","calib","mod","wl",10.9749690612935,"baseline"
2015-11-20,"0.1","calib","obs","wl",11.3,"baseline"
2015-11-21,"0.1","calib","mod","wl",10.9680647696794,"baseline"
2015-11-21,"0.1","calib","obs","wl",11.3,"baseline"
2015-11-22,"0.1","calib","mod","wl",10.9635340854587,"baseline"
2015-11-22,"0.1","calib","obs","wl",11.3,"baseline"
2015-11-23,"0.1","calib","mod","wl",10.9593283158577,"baseline"
2015-11-23,"0.1","calib","obs","wl",11.3,"baseline"
2015-11-24,"0.1","calib","mod","wl",10.9555163522723,"baseline"
2015-11-24,"0.1","calib","obs","wl",11.3,"baseline"
2015-11-25,"0.1","calib","mod","wl",10.9534153049745,"baseline"
2015-11-25,"0.1","calib","obs","wl",11.3,"baseline"
2015-11-26,"0.1","calib","mod","wl",10.9517775050726,"baseline"
2015-11-26,"0.1","calib","obs","wl",11.3,"baseline"
2015-11-27,"0.1","calib","mod","wl",10.9509517673396,"baseline"
2015-11-27,"0.1","calib","obs","wl",11.3,"baseline"
2015-11-28,"0.1","calib","mod","wl",10.9504427719693,"baseline"
2015-11-28,"0.1","calib","obs","wl",11.3,"baseline"
2015-11-29,"0.1","calib","mod","wl",10.9500410180666,"baseline"
2015-11-29,"0.1","calib","obs","wl",11.3,"baseline"
2015-11-30,"0.1","calib","mod","wl",10.9503158896575,"baseline"
2015-11-30,"0.1","calib","obs","wl",11.3,"baseline"
2015-12-01,"0.1","calib","mod","wl",10.9629136134173,"baseline"
2015-12-01,"0.1","calib","obs","wl",11.3,"baseline"
2015-12-02,"0.1","calib","mod","wl",10.9852356266356,"baseline"
2015-12-02,"0.1","calib","obs","wl",11.3,"baseline"
2015-12-03,"0.1","calib","mod","wl",10.9918236878748,"baseline"
2015-12-03,"0.1","calib","obs","wl",11.3,"baseline"
2015-12-04,"0.1","calib","mod","wl",10.9855911494139,"baseline"
2015-12-04,"0.1","calib","obs","wl",11.3,"baseline"
2015-12-05,"0.1","calib","mod","wl",10.9813932699746,"baseline"
2015-12-05,"0.1","calib","obs","wl",11.3,"baseline"
2015-12-06,"0.1","calib","mod","wl",10.9783722954706,"baseline"
2015-12-06,"0.1","calib","obs","wl",11.3,"baseline"
2015-12-07,"0.1","calib","mod","wl",10.9762003021636,"baseline"
2015-12-07,"0.1","calib","obs","wl",11.3,"baseline"
2015-12-08,"0.1","calib","mod","wl",10.9760812618776,"baseline"
2015-12-08,"0.1","calib","obs","wl",11.3,"baseline"
2015-12-09,"0.1","calib","mod","wl",10.9748388083624,"baseline"
2015-12-09,"0.1","calib","obs","wl",11.3,"baseline"
2015-12-10,"0.1","calib","mod","wl",10.9737969489244,"baseline"
2015-12-10,"0.1","calib","obs","wl",11.3,"baseline"
2015-12-11,"0.1","calib","mod","wl",10.9731776310633,"baseline"
2015-12-11,"0.1","calib","obs","wl",11.3,"baseline"
2015-12-12,"0.1","calib","mod","wl",10.9584329682172,"baseline"
2015-12-12,"0.1","calib","obs","wl",11.28,"baseline"
2015-12-13,"0.1","calib","mod","wl",10.9438286340457,"baseline"
2015-12-13,"0.1","calib","obs","wl",11.26,"baseline"
2015-12-14,"0.1","calib","mod","wl",10.9293163016614,"baseline"
2015-12-14,"0.1","calib","obs","wl",11.24,"baseline"
2015-12-15,"0.1","calib","mod","wl",10.9182999060715,"baseline"
2015-12-15,"0.1","calib","obs","wl",11.22,"baseline"
2015-12-16,"0.1","calib","mod","wl",10.9028031236084,"baseline"
2015-12-16,"0.1","calib","obs","wl",11.2,"baseline"
2015-12-17,"0.1","calib","mod","wl",10.9137603562995,"baseline"
2015-12-17,"0.1","calib","obs","wl",11.2166666666667,"baseline"
2015-12-18,"0.1","calib","mod","wl",10.9423792922776,"baseline"
2015-12-18,"0.1","calib","obs","wl",11.2333333333333,"baseline"
2015-12-19,"0.1","calib","mod","wl",10.9505656924819,"baseline"
2015-12-19,"0.1","calib","obs","wl",11.25,"baseline"
2015-12-20,"0.1","calib","mod","wl",10.9586926555394,"baseline"
2015-12-20,"0.1","calib","obs","wl",11.2666666666667,"baseline"
2015-12-21,"0.1","calib","mod","wl",10.9680755695505,"baseline"
2015-12-21,"0.1","calib","obs","wl",11.2833333333333,"baseline"
2015-12-22,"0.1","calib","mod","wl",10.9792141854077,"baseline"
2015-12-22,"0.1","calib","obs","wl",11.3,"baseline"
2015-12-23,"0.1","calib","mod","wl",10.9833741778736,"baseline"
2015-12-23,"0.1","calib","obs","wl",11.3,"baseline"
2015-12-24,"0.1","calib","mod","wl",10.9961551989731,"baseline"
2015-12-24,"0.1","calib","obs","wl",11.3,"baseline"
2015-12-25,"0.1","calib","mod","wl",11.0028259846764,"baseline"
2015-12-25,"0.1","calib","obs","wl",11.3,"baseline"
2015-12-26,"0.1","calib","mod","wl",11.0017578500217,"baseline"
2015-12-26,"0.1","calib","obs","wl",11.3,"baseline"
2015-12-27,"0.1","calib","mod","wl",11.000021049609,"baseline"
2015-12-27,"0.1","calib","obs","wl",11.3,"baseline"
2015-12-28,"0.1","calib","mod","wl",10.9988726140168,"baseline"
2015-12-28,"0.1","calib","obs","wl",11.3,"baseline"
2015-12-29,"0.1","calib","mod","wl",10.9999765128002,"baseline"
2015-12-29,"0.1","calib","obs","wl",11.3,"baseline"
2015-12-30,"0.1","calib","mod","wl",11.0048035762747,"baseline"
2015-12-30,"0.1","calib","obs","wl",11.3,"baseline"
2015-12-31,"0.1","calib","mod","wl",11.0049722744375,"baseline"
2015-12-31,"0.1","calib","obs","wl",11.3,"baseline"
2016-01-01,"0.1","calib","mod","wl",11.0033750390696,"baseline"
2016-01-01,"0.1","calib","obs","wl",11.3,"baseline"
2016-01-02,"0.1","calib","mod","wl",11.001012168349,"baseline"
2016-01-02,"0.1","calib","obs","wl",11.3,"baseline"
2016-01-03,"0.1","calib","mod","wl",10.9983505442837,"baseline"
2016-01-03,"0.1","calib","obs","wl",11.3,"baseline"
2016-01-04,"0.1","calib","mod","wl",10.9961123218177,"baseline"
2016-01-04,"0.1","calib","obs","wl",11.3,"baseline"
2016-01-05,"0.1","calib","mod","wl",10.9934002122107,"baseline"
2016-01-05,"0.1","calib","obs","wl",11.3,"baseline"
2016-01-06,"0.1","calib","mod","wl",10.9907794376821,"baseline"
2016-01-06,"0.1","calib","obs","wl",11.3,"baseline"
2016-01-07,"0.1","calib","mod","wl",10.9894870929282,"baseline"
2016-01-07,"0.1","calib","obs","wl",11.3,"baseline"
2016-01-08,"0.1","calib","mod","wl",10.9829157525144,"baseline"
2016-01-08,"0.1","calib","obs","wl",11.2923076923077,"baseline"
2016-01-09,"0.1","calib","mod","wl",10.9780814899064,"baseline"
2016-01-09,"0.1","calib","obs","wl",11.2846153846154,"baseline"
2016-01-10,"0.1","calib","mod","wl",10.9736106828295,"baseline"
2016-01-10,"0.1","calib","obs","wl",11.2769230769231,"baseline"
2016-01-11,"0.1","calib","mod","wl",10.9808744599997,"baseline"
2016-01-11,"0.1","calib","obs","wl",11.2692307692308,"baseline"
2016-01-12,"0.1","calib","mod","wl",10.9720272273687,"baseline"
2016-01-12,"0.1","calib","obs","wl",11.2615384615385,"baseline"
2016-01-13,"0.1","calib","mod","wl",10.9644411468298,"baseline"
2016-01-13,"0.1","calib","obs","wl",11.2538461538462,"baseline"
2016-01-14,"0.1","calib","mod","wl",10.9570371445283,"baseline"
2016-01-14,"0.1","calib","obs","wl",11.2461538461538,"baseline"
2016-01-15,"0.1","calib","mod","wl",10.9502416743674,"baseline"
2016-01-15,"0.1","calib","obs","wl",11.2384615384615,"baseline"
2016-01-16,"0.1","calib","mod","wl",10.9535470626509,"baseline"
2016-01-16,"0.1","calib","obs","wl",11.2307692307692,"baseline"
2016-01-17,"0.1","calib","mod","wl",10.9483530197579,"baseline"
2016-01-17,"0.1","calib","obs","wl",11.2230769230769,"baseline"
2016-01-18,"0.1","calib","mod","wl",10.941446596524,"baseline"
2016-01-18,"0.1","calib","obs","wl",11.2153846153846,"baseline"
2016-01-19,"0.1","calib","mod","wl",10.9338634157285,"baseline"
2016-01-19,"0.1","calib","obs","wl",11.2076923076923,"baseline"
2016-01-20,"0.1","calib","mod","wl",10.9264217534966,"baseline"
2016-01-20,"0.1","calib","obs","wl",11.2,"baseline"
2016-01-21,"0.1","calib","mod","wl",10.9296352764269,"baseline"
2016-01-21,"0.1","calib","obs","wl",11.2066666666667,"baseline"
2016-01-22,"0.1","calib","mod","wl",10.9332278631293,"baseline"
2016-01-22,"0.1","calib","obs","wl",11.2133333333333,"baseline"
2016-01-23,"0.1","calib","mod","wl",10.9371834981143,"baseline"
2016-01-23,"0.1","calib","obs","wl",11.22,"baseline"
2016-01-24,"0.1","calib","mod","wl",10.9385029756227,"baseline"
2016-01-24,"0.1","calib","obs","wl",11.2266666666667,"baseline"
2016-01-25,"0.1","calib","mod","wl",10.9448946612318,"baseline"
2016-01-25,"0.1","calib","obs","wl",11.2333333333333,"baseline"
2016-01-26,"0.1","calib","mod","wl",10.9512741322914,"baseline"
2016-01-26,"0.1","calib","obs","wl",11.24,"baseline"
2016-01-27,"0.1","calib","mod","wl",10.955166886274,"baseline"
2016-01-27,"0.1","calib","obs","wl",11.2466666666667,"baseline"
2016-01-28,"0.1","calib","mod","wl",10.9588900479314,"baseline"
2016-01-28,"0.1","calib","obs","wl",11.2533333333333,"baseline"
2016-01-29,"0.1","calib","mod","wl",10.9629804167103,"baseline"
2016-01-29,"0.1","calib","obs","wl",11.26,"baseline"
2016-01-30,"0.1","calib","mod","wl",10.9666626408846,"baseline"
2016-01-30,"0.1","calib","obs","wl",11.2666666666667,"baseline"
2016-01-31,"0.1","calib","mod","wl",10.9704080207515,"baseline"
2016-01-31,"0.1","calib","obs","wl",11.2733333333333,"baseline"
2016-02-01,"0.1","calib","mod","wl",10.974534276704,"baseline"
2016-02-01,"0.1","calib","obs","wl",11.28,"baseline"
2016-02-02,"0.1","calib","mod","wl",10.9805059711367,"baseline"
2016-02-02,"0.1","calib","obs","wl",11.2866666666667,"baseline"
2016-02-03,"0.1","calib","mod","wl",10.9856644841492,"baseline"
2016-02-03,"0.1","calib","obs","wl",11.2933333333333,"baseline"
2016-02-04,"0.1","calib","mod","wl",11.0144581606822,"baseline"
2016-02-04,"0.1","calib","obs","wl",11.3,"baseline"
2016-02-05,"0.1","calib","mod","wl",11.0101590191775,"baseline"
2016-02-05,"0.1","calib","obs","wl",11.3,"baseline"
2016-02-06,"0.1","calib","mod","wl",11.0061353062217,"baseline"
2016-02-06,"0.1","calib","obs","wl",11.3,"baseline"
2016-02-07,"0.1","calib","mod","wl",11.0037900878993,"baseline"
2016-02-07,"0.1","calib","obs","wl",11.3,"baseline"
2016-02-08,"0.1","calib","mod","wl",11.0018478360668,"baseline"
2016-02-08,"0.1","calib","obs","wl",11.3,"baseline"
2016-02-09,"0.1","calib","mod","wl",11.001314918998,"baseline"
2016-02-09,"0.1","calib","obs","wl",11.3,"baseline"
2016-02-10,"0.1","calib","mod","wl",11.0004755108467,"baseline"
2016-02-10,"0.1","calib","obs","wl",11.3,"baseline"
2016-02-11,"0.1","calib","mod","wl",10.9987688713029,"baseline"
2016-02-11,"0.1","calib","obs","wl",11.3,"baseline"
2016-02-12,"0.1","calib","mod","wl",10.9972270148616,"baseline"
2016-02-12,"0.1","calib","obs","wl",11.3,"baseline"
2016-02-13,"0.1","calib","mod","wl",11.019677969113,"baseline"
2016-02-13,"0.1","calib","obs","wl",11.3333333333333,"baseline"
2016-02-14,"0.1","calib","mod","wl",11.0413448243979,"baseline"
2016-02-14,"0.1","calib","obs","wl",11.3666666666667,"baseline"
2016-02-15,"0.1","calib","mod","wl",11.0636565765264,"baseline"
2016-02-15,"0.1","calib","obs","wl",11.4,"baseline"
2016-02-16,"0.1","calib","mod","wl",11.08664088456,"baseline"
2016-02-16,"0.1","calib","obs","wl",11.4333333333333,"baseline"
2016-02-17,"0.1","calib","mod","wl",11.1237754174374,"baseline"
2016-02-17,"0.1","calib","obs","wl",11.4666666666667,"baseline"
2016-02-18,"0.1","calib","mod","wl",11.1450133109087,"baseline"
2016-02-18,"0.1","calib","obs","wl",11.5,"baseline"
2016-02-19,"0.1","calib","mod","wl",11.1661979692088,"baseline"
2016-02-19,"0.1","calib","obs","wl",11.5333333333333,"baseline"
2016-02-20,"0.1","calib","mod","wl",11.1879803879753,"baseline"
2016-02-20,"0.1","calib","obs","wl",11.5666666666667,"baseline"
2016-02-21,"0.1","calib","mod","wl",11.2104719417984,"baseline"
2016-02-21,"0.1","calib","obs","wl",11.6,"baseline"
2016-02-22,"0.1","calib","mod","wl",11.238272019855,"baseline"
2016-02-22,"0.1","calib","obs","wl",11.6333333333333,"baseline"
2016-02-23,"0.1","calib","mod","wl",11.2604526542636,"baseline"
2016-02-23,"0.1","calib","obs","wl",11.6666666666667,"baseline"
2016-02-24,"0.1","calib","mod","wl",11.2921848221117,"baseline"
2016-02-24,"0.1","calib","obs","wl",11.7,"baseline"
2016-02-25,"0.1","calib","mod","wl",11.3008985335786,"baseline"
2016-02-25,"0.1","calib","obs","wl",11.7,"baseline"
2016-02-26,"0.1","calib","mod","wl",11.2741128639507,"baseline"
2016-02-26,"0.1","calib","obs","wl",11.6666666666667,"baseline"
2016-02-27,"0.1","calib","mod","wl",11.2480439661795,"baseline"
2016-02-27,"0.1","calib","obs","wl",11.6333333333333,"baseline"
2016-02-28,"0.1","calib","mod","wl",11.2231106445378,"baseline"
2016-02-28,"0.1","calib","obs","wl",11.6,"baseline"
2016-02-29,"0.1","calib","mod","wl",11.1984502045218,"baseline"
2016-02-29,"0.1","calib","obs","wl",11.5666666666667,"baseline"
2016-03-01,"0.1","calib","mod","wl",11.1737683601091,"baseline"
2016-03-01,"0.1","calib","obs","wl",11.5333333333333,"baseline"
2016-03-02,"0.1","calib","mod","wl",11.1489174415968,"baseline"
2016-03-02,"0.1","calib","obs","wl",11.5,"baseline"
2016-03-03,"0.1","calib","mod","wl",11.1744444546908,"baseline"
2016-03-03,"0.1","calib","obs","wl",11.5333333333333,"baseline"
2016-03-04,"0.1","calib","mod","wl",11.1957852298719,"baseline"
2016-03-04,"0.1","calib","obs","wl",11.5666666666667,"baseline"
2016-03-05,"0.1","calib","mod","wl",11.218279129716,"baseline"
2016-03-05,"0.1","calib","obs","wl",11.6,"baseline"
2016-03-06,"0.1","calib","mod","wl",11.2400942735325,"baseline"
2016-03-06,"0.1","calib","obs","wl",11.6333333333333,"baseline"
2016-03-07,"0.1","calib","mod","wl",11.2630143754942,"baseline"
2016-03-07,"0.1","calib","obs","wl",11.6666666666667,"baseline"
2016-03-08,"0.1","calib","mod","wl",11.2849866472225,"baseline"
2016-03-08,"0.1","calib","obs","wl",11.7,"baseline"
2016-03-09,"0.1","calib","mod","wl",11.2914523247344,"baseline"
2016-03-09,"0.1","calib","obs","wl",11.7111111111111,"baseline"
2016-03-10,"0.1","calib","mod","wl",11.2981940874619,"baseline"
2016-03-10,"0.1","calib","obs","wl",11.7222222222222,"baseline"
2016-03-11,"0.1","calib","mod","wl",11.3049229657415,"baseline"
2016-03-11,"0.1","calib","obs","wl",11.7333333333333,"baseline"
2016-03-12,"0.1","calib","mod","wl",11.3116961965765,"baseline"
2016-03-12,"0.1","calib","obs","wl",11.7444444444444,"baseline"
2016-03-13,"0.1","calib","mod","wl",11.3185590075091,"baseline"
2016-03-13,"0.1","calib","obs","wl",11.7555555555556,"baseline"
2016-03-14,"0.1","calib","mod","wl",11.3283716726834,"baseline"
2016-03-14,"0.1","calib","obs","wl",11.7666666666667,"baseline"
2016-03-15,"0.1","calib","mod","wl",11.3436048662247,"baseline"
2016-03-15,"0.1","calib","obs","wl",11.7777777777778,"baseline"
2016-03-16,"0.1","calib","mod","wl",11.3626264202095,"baseline"
2016-03-16,"0.1","calib","obs","wl",11.7888888888889,"baseline"
2016-03-17,"0.1","calib","mod","wl",11.3670091331807,"baseline"
2016-03-17,"0.1","calib","obs","wl",11.8,"baseline"
2016-03-18,"0.1","calib","mod","wl",11.3518968094179,"baseline"
2016-03-18,"0.1","calib","obs","wl",11.7833333333333,"baseline"
2016-03-19,"0.1","calib","mod","wl",11.3377737720794,"baseline"
2016-03-19,"0.1","calib","obs","wl",11.7666666666667,"baseline"
2016-03-20,"0.1","calib","mod","wl",11.3316947526955,"baseline"
2016-03-20,"0.1","calib","obs","wl",11.75,"baseline"
2016-03-21,"0.1","calib","mod","wl",11.3182889443313,"baseline"
2016-03-21,"0.1","calib","obs","wl",11.7333333333333,"baseline"
2016-03-22,"0.1","calib","mod","wl",11.3038905811657,"baseline"
2016-03-22,"0.1","calib","obs","wl",11.7166666666667,"baseline"
2016-03-23,"0.1","calib","mod","wl",11.2898791408968,"baseline"
2016-03-23,"0.1","calib","obs","wl",11.7,"baseline"
2016-03-24,"0.1","calib","mod","wl",11.2801766089888,"baseline"
2016-03-24,"0.1","calib","obs","wl",11.6888888888889,"baseline"
2016-03-25,"0.1","calib","mod","wl",11.2712713400816,"baseline"
2016-03-25,"0.1","calib","obs","wl",11.6777777777778,"baseline"
2016-03-26,"0.1","calib","mod","wl",11.2631510944775,"baseline"
2016-03-26,"0.1","calib","obs","wl",11.6666666666667,"baseline"
2016-03-27,"0.1","calib","mod","wl",11.2539345633111,"baseline"
2016-03-27,"0.1","calib","obs","wl",11.6555555555556,"baseline"
2016-03-28,"0.1","calib","mod","wl",11.2460705572785,"baseline"
2016-03-28,"0.1","calib","obs","wl",11.6444444444444,"baseline"
2016-03-29,"0.1","calib","mod","wl",11.2427205553037,"baseline"
2016-03-29,"0.1","calib","obs","wl",11.6333333333333,"baseline"
2016-03-30,"0.1","calib","mod","wl",11.2313722266079,"baseline"
2016-03-30,"0.1","calib","obs","wl",11.6222222222222,"baseline"
2016-03-31,"0.1","calib","mod","wl",11.2215117452616,"baseline"
2016-03-31,"0.1","calib","obs","wl",11.6111111111111,"baseline"
2016-04-01,"0.1","calib","mod","wl",11.21307478966,"baseline"
2016-04-01,"0.1","calib","obs","wl",11.6,"baseline"
2016-04-02,"0.1","calib","mod","wl",11.2212598854332,"baseline"
2016-04-02,"0.1","calib","obs","wl",11.6,"baseline"
2016-04-03,"0.1","calib","mod","wl",11.2183268404274,"baseline"
2016-04-03,"0.1","calib","obs","wl",11.6,"baseline"
2016-04-04,"0.1","calib","mod","wl",11.2143279871914,"baseline"
2016-04-04,"0.1","calib","obs","wl",11.6,"baseline"
2016-04-05,"0.1","calib","mod","wl",11.2121237173209,"baseline"
2016-04-05,"0.1","calib","obs","wl",11.6,"baseline"
2016-04-05,"0.1","calib","mod","temp",13.0952162185896,"baseline"
2016-04-05,"0.1","calib","obs","temp",11.45,"baseline"
2016-04-05,"0.1","calib","mod","oxy",10.6701709250869,"baseline"
2016-04-05,"0.1","calib","obs","oxy",9.64,"baseline"
2016-04-06,"0.1","calib","mod","wl",11.2085677556838,"baseline"
2016-04-06,"0.1","calib","obs","wl",11.6,"baseline"
2016-04-06,"0.1","calib","mod","nh4",23.3368473313058,"baseline"
2016-04-06,"0.1","calib","obs","nh4",24,"baseline"
2016-04-06,"0.1","calib","mod","no3",4.20640692805431,"baseline"
2016-04-06,"0.1","calib","obs","no3",9.00000000000002,"baseline"
2016-04-06,"0.1","calib","mod","po4",4.23166821928592,"baseline"
2016-04-06,"0.1","calib","obs","po4",12,"baseline"
2016-04-06,"0.1","calib","obs","din",33.0000000000001,"baseline"
2016-04-06,"0.1","calib","mod","din",27.5432542593601,"baseline"
2016-04-07,"0.1","calib","mod","wl",11.2052841870501,"baseline"
2016-04-07,"0.1","calib","obs","wl",11.6,"baseline"
2016-04-08,"0.1","calib","mod","wl",11.2068382278103,"baseline"
2016-04-08,"0.1","calib","obs","wl",11.6,"baseline"
2016-04-09,"0.1","calib","mod","wl",11.1922529983287,"baseline"
2016-04-09,"0.1","calib","obs","wl",11.5833333333333,"baseline"
2016-04-10,"0.1","calib","mod","wl",11.1778797236218,"baseline"
2016-04-10,"0.1","calib","obs","wl",11.5666666666667,"baseline"
2016-04-11,"0.1","calib","mod","wl",11.1639810742413,"baseline"
2016-04-11,"0.1","calib","obs","wl",11.55,"baseline"
2016-04-12,"0.1","calib","mod","wl",11.1510562226389,"baseline"
2016-04-12,"0.1","calib","obs","wl",11.5333333333333,"baseline"
2016-04-13,"0.1","calib","mod","wl",11.1379620772207,"baseline"
2016-04-13,"0.1","calib","obs","wl",11.5166666666667,"baseline"
2016-04-14,"0.1","calib","mod","wl",11.1241446694323,"baseline"
2016-04-14,"0.1","calib","obs","wl",11.5,"baseline"
2016-04-15,"0.1","calib","mod","wl",11.1179433416693,"baseline"
2016-04-15,"0.1","calib","obs","wl",11.4928571428571,"baseline"
2016-04-16,"0.1","calib","mod","wl",11.1115125768017,"baseline"
2016-04-16,"0.1","calib","obs","wl",11.4857142857143,"baseline"
2016-04-17,"0.1","calib","mod","wl",11.1048277896244,"baseline"
2016-04-17,"0.1","calib","obs","wl",11.4785714285714,"baseline"
2016-04-18,"0.1","calib","mod","wl",11.0982196480878,"baseline"
2016-04-18,"0.1","calib","obs","wl",11.4714285714286,"baseline"
2016-04-19,"0.1","calib","mod","wl",11.0911693979459,"baseline"
2016-04-19,"0.1","calib","obs","wl",11.4642857142857,"baseline"
2016-04-20,"0.1","calib","mod","wl",11.0836012166779,"baseline"
2016-04-20,"0.1","calib","obs","wl",11.4571428571429,"baseline"
2016-04-20,"0.1","calib","mod","nh4",38.1594400421137,"baseline"
2016-04-20,"0.1","calib","obs","nh4",4,"baseline"
2016-04-20,"0.1","calib","mod","no3",3.34633323393219,"baseline"
2016-04-20,"0.1","calib","obs","no3",2,"baseline"
2016-04-20,"0.1","calib","mod","po4",4.64322669793725,"baseline"
2016-04-20,"0.1","calib","obs","po4",5,"baseline"
2016-04-20,"0.1","calib","obs","din",6,"baseline"
2016-04-20,"0.1","calib","mod","din",41.5057732760459,"baseline"
2016-04-21,"0.1","calib","mod","wl",11.0764430425637,"baseline"
2016-04-21,"0.1","calib","obs","wl",11.45,"baseline"
2016-04-22,"0.1","calib","mod","wl",11.0696029695825,"baseline"
2016-04-22,"0.1","calib","obs","wl",11.4428571428571,"baseline"
2016-04-23,"0.1","calib","mod","wl",11.0807329922259,"baseline"
2016-04-23,"0.1","calib","obs","wl",11.4357142857143,"baseline"
2016-04-24,"0.1","calib","mod","wl",11.0716007053307,"baseline"
2016-04-24,"0.1","calib","obs","wl",11.4285714285714,"baseline"
2016-04-25,"0.1","calib","mod","wl",11.0624425598978,"baseline"
2016-04-25,"0.1","calib","obs","wl",11.4214285714286,"baseline"
2016-04-26,"0.1","calib","mod","wl",11.0555184453719,"baseline"
2016-04-26,"0.1","calib","obs","wl",11.4142857142857,"baseline"
2016-04-27,"0.1","calib","mod","wl",11.0488359629214,"baseline"
2016-04-27,"0.1","calib","obs","wl",11.4071428571429,"baseline"
2016-04-28,"0.1","calib","mod","wl",11.0455925138276,"baseline"
2016-04-28,"0.1","calib","obs","wl",11.4,"baseline"
2016-04-29,"0.1","calib","mod","wl",11.05660874029,"baseline"
2016-04-29,"0.1","calib","obs","wl",11.4142857142857,"baseline"
2016-04-30,"0.1","calib","mod","wl",11.0678410108397,"baseline"
2016-04-30,"0.1","calib","obs","wl",11.4285714285714,"baseline"
2016-05-01,"0.1","calib","mod","wl",11.0764552036705,"baseline"
2016-05-01,"0.1","calib","obs","wl",11.4428571428571,"baseline"
2016-05-02,"0.1","calib","mod","wl",11.106449979592,"baseline"
2016-05-02,"0.1","calib","obs","wl",11.4571428571429,"baseline"
2016-05-03,"0.1","calib","mod","wl",11.1258943841608,"baseline"
2016-05-03,"0.1","calib","obs","wl",11.4714285714286,"baseline"
2016-05-04,"0.1","calib","mod","wl",11.1339507066436,"baseline"
2016-05-04,"0.1","calib","obs","wl",11.4857142857143,"baseline"
2016-05-04,"0.1","calib","mod","nh4",26.2633418151573,"baseline"
2016-05-04,"0.1","calib","obs","nh4",4,"baseline"
2016-05-04,"0.1","calib","mod","no3",4.42103100298061,"baseline"
2016-05-04,"0.1","calib","obs","no3",2,"baseline"
2016-05-04,"0.1","calib","mod","po4",5.9646908973247,"baseline"
2016-05-04,"0.1","calib","obs","po4",7,"baseline"
2016-05-04,"0.1","calib","obs","din",6,"baseline"
2016-05-04,"0.1","calib","mod","din",30.6843728181379,"baseline"
2016-05-05,"0.1","calib","mod","wl",11.1386487676661,"baseline"
2016-05-05,"0.1","calib","obs","wl",11.5,"baseline"
2016-05-06,"0.1","calib","mod","wl",11.1635257292217,"baseline"
2016-05-06,"0.1","calib","obs","wl",11.5142857142857,"baseline"
2016-05-07,"0.1","calib","mod","wl",11.1693067903352,"baseline"
2016-05-07,"0.1","calib","obs","wl",11.5285714285714,"baseline"
2016-05-08,"0.1","calib","mod","wl",11.1750569830013,"baseline"
2016-05-08,"0.1","calib","obs","wl",11.5428571428571,"baseline"
2016-05-09,"0.1","calib","mod","wl",11.1814567376623,"baseline"
2016-05-09,"0.1","calib","obs","wl",11.5571428571429,"baseline"
2016-05-10,"0.1","calib","mod","wl",11.1888702539464,"baseline"
2016-05-10,"0.1","calib","obs","wl",11.5714285714286,"baseline"
2016-05-11,"0.1","calib","mod","wl",11.199463238434,"baseline"
2016-05-11,"0.1","calib","obs","wl",11.5857142857143,"baseline"
2016-05-12,"0.1","calib","mod","wl",11.2118984821595,"baseline"
2016-05-12,"0.1","calib","obs","wl",11.6,"baseline"
2016-05-12,"0.1","calib","mod","chla",1.88468486316702,"baseline"
2016-05-12,"0.1","calib","obs","chla",2.0968,"baseline"
2016-05-13,"0.1","calib","mod","wl",11.2018126371129,"baseline"
2016-05-13,"0.1","calib","obs","wl",11.5857142857143,"baseline"
2016-05-14,"0.1","calib","mod","wl",11.1899385956547,"baseline"
2016-05-14,"0.1","calib","obs","wl",11.5714285714286,"baseline"
2016-05-15,"0.1","calib","mod","wl",11.177135323042,"baseline"
2016-05-15,"0.1","calib","obs","wl",11.5571428571429,"baseline"
2016-05-16,"0.1","calib","mod","wl",11.1620044082908,"baseline"
2016-05-16,"0.1","calib","obs","wl",11.5428571428571,"baseline"
2016-05-17,"0.1","calib","mod","wl",11.1488644372099,"baseline"
2016-05-17,"0.1","calib","obs","wl",11.5285714285714,"baseline"
2016-05-18,"0.1","calib","mod","wl",11.1379300746864,"baseline"
2016-05-18,"0.1","calib","obs","wl",11.5142857142857,"baseline"
2016-05-19,"0.1","calib","mod","wl",11.1269170914224,"baseline"
2016-05-19,"0.1","calib","obs","wl",11.5,"baseline"
2016-05-19,"0.1","calib","mod","chla",1.94068952879815,"baseline"
2016-05-19,"0.1","calib","obs","chla",2.1148,"baseline"
2016-05-20,"0.1","calib","mod","wl",11.116145983785,"baseline"
2016-05-20,"0.1","calib","obs","wl",11.4857142857143,"baseline"
2016-05-21,"0.1","calib","mod","wl",11.1050981845407,"baseline"
2016-05-21,"0.1","calib","obs","wl",11.4714285714286,"baseline"
2016-05-22,"0.1","calib","mod","wl",11.0947124306104,"baseline"
2016-05-22,"0.1","calib","obs","wl",11.4571428571429,"baseline"
2016-05-23,"0.1","calib","mod","wl",11.082897044924,"baseline"
2016-05-23,"0.1","calib","obs","wl",11.4428571428571,"baseline"
2016-05-24,"0.1","calib","mod","wl",11.0704967220545,"baseline"
2016-05-24,"0.1","calib","obs","wl",11.4285714285714,"baseline"
2016-05-25,"0.1","calib","mod","wl",11.0580757160504,"baseline"
2016-05-25,"0.1","calib","obs","wl",11.4142857142857,"baseline"
2016-05-26,"0.1","calib","mod","wl",11.0467667775554,"baseline"
2016-05-26,"0.1","calib","obs","wl",11.4,"baseline"
2016-05-26,"0.1","calib","mod","chla",2.08952729549516,"baseline"
2016-05-26,"0.1","calib","obs","chla",2.6801,"baseline"
2016-05-27,"0.1","calib","mod","wl",11.0415552047351,"baseline"
2016-05-27,"0.1","calib","obs","wl",11.3933333333333,"baseline"
2016-05-28,"0.1","calib","mod","wl",11.0362235718919,"baseline"
2016-05-28,"0.1","calib","obs","wl",11.3866666666667,"baseline"
2016-05-29,"0.1","calib","mod","wl",11.0305849309258,"baseline"
2016-05-29,"0.1","calib","obs","wl",11.38,"baseline"
2016-05-29,"0.1","calib","mod","nh4",34.3432515042533,"baseline"
2016-05-29,"0.1","calib","obs","nh4",0.999999999999999,"baseline"
2016-05-29,"0.1","calib","mod","no3",3.24895736238319,"baseline"
2016-05-29,"0.1","calib","obs","no3",0,"baseline"
2016-05-29,"0.1","calib","mod","po4",5.2704879309423,"baseline"
2016-05-29,"0.1","calib","obs","po4",6,"baseline"
2016-05-29,"0.1","calib","mod","chla",2.153182840592,"baseline"
2016-05-29,"0.1","calib","obs","chla",1.9913,"baseline"
2016-05-29,"0.1","calib","obs","din",0.999999999999999,"baseline"
2016-05-29,"0.1","calib","mod","din",37.5922088666365,"baseline"
2016-05-30,"0.1","calib","mod","wl",11.0243311536933,"baseline"
2016-05-30,"0.1","calib","obs","wl",11.3733333333333,"baseline"
2016-05-31,"0.1","calib","mod","wl",11.0180834124898,"baseline"
2016-05-31,"0.1","calib","obs","wl",11.3666666666667,"baseline"
2016-05-31,"0.1","calib","mod","nh4",36.9536846177963,"baseline"
2016-05-31,"0.1","calib","obs","nh4",3.00000000000001,"baseline"
2016-05-31,"0.1","calib","mod","no3",3.21520001053964,"baseline"
2016-05-31,"0.1","calib","obs","no3",5,"baseline"
2016-05-31,"0.1","calib","mod","po4",6.325082122902,"baseline"
2016-05-31,"0.1","calib","obs","po4",5,"baseline"
2016-05-31,"0.1","calib","mod","chla",2.22128262471664,"baseline"
2016-05-31,"0.1","calib","obs","chla",2.2409,"baseline"
2016-05-31,"0.1","calib","obs","din",8.00000000000001,"baseline"
2016-05-31,"0.1","calib","mod","din",40.1688846283359,"baseline"
2016-06-01,"0.1","calib","mod","wl",11.0122870994524,"baseline"
2016-06-01,"0.1","calib","obs","wl",11.36,"baseline"
2016-06-02,"0.1","calib","mod","wl",11.0063856313825,"baseline"
2016-06-02,"0.1","calib","obs","wl",11.3533333333333,"baseline"
2016-06-02,"0.1","calib","mod","nh4",39.9462429617902,"baseline"
2016-06-02,"0.1","calib","obs","nh4",7.00000000000001,"baseline"
2016-06-02,"0.1","calib","mod","no3",3.17351110621714,"baseline"
2016-06-02,"0.1","calib","obs","no3",0.999999999999999,"baseline"
2016-06-02,"0.1","calib","mod","po4",7.73954819694575,"baseline"
2016-06-02,"0.1","calib","obs","po4",5,"baseline"
2016-06-02,"0.1","calib","mod","chla",2.27947857364244,"baseline"
2016-06-02,"0.1","calib","obs","chla",0.9917,"baseline"
2016-06-02,"0.1","calib","obs","din",8.00000000000001,"baseline"
2016-06-02,"0.1","calib","mod","din",43.1197540680073,"baseline"
2016-06-03,"0.1","calib","mod","wl",11.0009634175995,"baseline"
2016-06-03,"0.1","calib","obs","wl",11.3466666666667,"baseline"
2016-06-04,"0.1","calib","mod","wl",10.9948537546016,"baseline"
2016-06-04,"0.1","calib","obs","wl",11.34,"baseline"
2016-06-05,"0.1","calib","mod","wl",10.9889315286263,"baseline"
2016-06-05,"0.1","calib","obs","wl",11.3333333333333,"baseline"
2016-06-06,"0.1","calib","mod","wl",10.9830085769269,"baseline"
2016-06-06,"0.1","calib","obs","wl",11.3266666666667,"baseline"
2016-06-07,"0.1","calib","mod","wl",10.9763390404723,"baseline"
2016-06-07,"0.1","calib","obs","wl",11.32,"baseline"
2016-06-07,"0.1","calib","mod","chla",2.57422345937879,"baseline"
2016-06-07,"0.1","calib","obs","chla",0.8172,"baseline"
2016-06-08,"0.1","calib","mod","wl",10.9690263098182,"baseline"
2016-06-08,"0.1","calib","obs","wl",11.3133333333333,"baseline"
2016-06-08,"0.1","calib","mod","nh4",43.1025940684751,"baseline"
2016-06-08,"0.1","calib","obs","nh4",5.99999999999999,"baseline"
2016-06-08,"0.1","calib","mod","no3",2.64472411445246,"baseline"
2016-06-08,"0.1","calib","obs","no3",5,"baseline"
2016-06-08,"0.1","calib","mod","po4",13.4369665621482,"baseline"
2016-06-08,"0.1","calib","obs","po4",9,"baseline"
2016-06-08,"0.1","calib","mod","chla",2.61590378612641,"baseline"
2016-06-08,"0.1","calib","obs","chla",1.6576,"baseline"
2016-06-08,"0.1","calib","obs","din",11,"baseline"
2016-06-08,"0.1","calib","mod","din",45.7473181829276,"baseline"
2016-06-09,"0.1","calib","mod","wl",10.9601005678826,"baseline"
2016-06-09,"0.1","calib","obs","wl",11.3066666666667,"baseline"
2016-06-10,"0.1","calib","mod","wl",10.951257582462,"baseline"
2016-06-10,"0.1","calib","obs","wl",11.3,"baseline"
2016-06-11,"0.1","calib","mod","wl",10.9488805948322,"baseline"
2016-06-11,"0.1","calib","obs","wl",11.3,"baseline"
2016-06-12,"0.1","calib","mod","wl",10.9465521058062,"baseline"
2016-06-12,"0.1","calib","obs","wl",11.3,"baseline"
2016-06-13,"0.1","calib","mod","wl",10.9440427994392,"baseline"
2016-06-13,"0.1","calib","obs","wl",11.3,"baseline"
2016-06-14,"0.1","calib","mod","wl",10.9378540196888,"baseline"
2016-06-14,"0.1","calib","obs","wl",11.3,"baseline"
2016-06-15,"0.1","calib","mod","wl",10.934575119034,"baseline"
2016-06-15,"0.1","calib","obs","wl",11.3,"baseline"
2016-06-16,"0.1","calib","mod","wl",10.9340393029365,"baseline"
2016-06-16,"0.1","calib","obs","wl",11.3,"baseline"
2016-06-16,"0.1","calib","mod","chla",2.85798478047241,"baseline"
2016-06-16,"0.1","calib","obs","chla",0.6474,"baseline"
2016-06-17,"0.1","calib","mod","wl",10.9330081789209,"baseline"
2016-06-17,"0.1","calib","obs","wl",11.3,"baseline"
2016-06-18,"0.1","calib","mod","wl",10.9306094257892,"baseline"
2016-06-18,"0.1","calib","obs","wl",11.3,"baseline"
2016-06-19,"0.1","calib","mod","wl",10.9278808924595,"baseline"
2016-06-19,"0.1","calib","obs","wl",11.3,"baseline"
2016-06-20,"0.1","calib","mod","wl",10.9251335419517,"baseline"
2016-06-20,"0.1","calib","obs","wl",11.3,"baseline"
2016-06-21,"0.1","calib","mod","wl",10.9220749440322,"baseline"
2016-06-21,"0.1","calib","obs","wl",11.3,"baseline"
2016-06-22,"0.1","calib","mod","wl",10.9195104623978,"baseline"
2016-06-22,"0.1","calib","obs","wl",11.3,"baseline"
2016-06-23,"0.1","calib","mod","wl",10.9175888698353,"baseline"
2016-06-23,"0.1","calib","obs","wl",11.3,"baseline"
2016-06-23,"0.1","calib","mod","chla",2.85157848914789,"baseline"
2016-06-23,"0.1","calib","obs","chla",2.4143,"baseline"
2016-06-24,"0.1","calib","mod","wl",10.915722503015,"baseline"
2016-06-24,"0.1","calib","obs","wl",11.3,"baseline"
2016-06-25,"0.1","calib","mod","wl",10.9144892295176,"baseline"
2016-06-25,"0.1","calib","obs","wl",11.3,"baseline"
2016-06-26,"0.1","calib","mod","wl",10.9128884305273,"baseline"
2016-06-26,"0.1","calib","obs","wl",11.3,"baseline"
2016-06-26,"0.1","calib","mod","chla",2.82041347724963,"baseline"
2016-06-26,"0.1","calib","obs","chla",1.4518,"baseline"
2016-06-27,"0.1","calib","mod","wl",10.9114438868167,"baseline"
2016-06-27,"0.1","calib","obs","wl",11.3,"baseline"
2016-06-28,"0.1","calib","mod","wl",10.9100465242537,"baseline"
2016-06-28,"0.1","calib","obs","wl",11.3,"baseline"
2016-06-28,"0.1","calib","mod","chla",2.72890828153348,"baseline"
2016-06-28,"0.1","calib","obs","chla",1.9081,"baseline"
2016-06-29,"0.1","calib","mod","wl",10.9080429114367,"baseline"
2016-06-29,"0.1","calib","obs","wl",11.3,"baseline"
2016-06-30,"0.1","calib","mod","wl",10.9046218227752,"baseline"
2016-06-30,"0.1","calib","obs","wl",11.3,"baseline"
2016-06-30,"0.1","calib","mod","chla",2.64430683713281,"baseline"
2016-06-30,"0.1","calib","obs","chla",0.6361,"baseline"
2016-07-01,"0.1","calib","mod","wl",10.9017216174828,"baseline"
2016-07-01,"0.1","calib","obs","wl",11.3,"baseline"
2016-07-02,"0.1","calib","mod","wl",10.8998683652661,"baseline"
2016-07-02,"0.1","calib","obs","wl",11.3,"baseline"
2016-07-03,"0.1","calib","mod","wl",10.897227383531,"baseline"
2016-07-03,"0.1","calib","obs","wl",11.3,"baseline"
2016-07-04,"0.1","calib","mod","wl",10.895102810242,"baseline"
2016-07-04,"0.1","calib","obs","wl",11.3,"baseline"
2016-07-05,"0.1","calib","mod","wl",10.8934989206758,"baseline"
2016-07-05,"0.1","calib","obs","wl",11.3,"baseline"
2016-07-06,"0.1","calib","mod","wl",10.891795698539,"baseline"
2016-07-06,"0.1","calib","obs","wl",11.3,"baseline"
2016-07-07,"0.1","calib","mod","wl",10.8896991975041,"baseline"
2016-07-07,"0.1","calib","obs","wl",11.3,"baseline"
2016-07-07,"0.1","calib","mod","nh4",2.79086421879399,"baseline"
2016-07-07,"0.1","calib","obs","nh4",5,"baseline"
2016-07-07,"0.1","calib","mod","no3",0.00230762385101265,"baseline"
2016-07-07,"0.1","calib","obs","no3",0,"baseline"
2016-07-07,"0.1","calib","mod","po4",1.13495025030566,"baseline"
2016-07-07,"0.1","calib","obs","po4",5,"baseline"
2016-07-07,"0.1","calib","mod","chla",2.41622151212507,"baseline"
2016-07-07,"0.1","calib","obs","chla",1.7939,"baseline"
2016-07-07,"0.1","calib","obs","din",5,"baseline"
2016-07-07,"0.1","calib","mod","din",2.793171842645,"baseline"
2016-07-08,"0.1","calib","mod","wl",10.8913542376584,"baseline"
2016-07-08,"0.1","calib","obs","wl",11.3,"baseline"
2016-07-09,"0.1","calib","mod","wl",10.8967275314295,"baseline"
2016-07-09,"0.1","calib","obs","wl",11.3,"baseline"
2016-07-10,"0.1","calib","mod","wl",10.892103465838,"baseline"
2016-07-10,"0.1","calib","obs","wl",11.3,"baseline"
2016-07-11,"0.1","calib","mod","wl",10.8884596364717,"baseline"
2016-07-11,"0.1","calib","obs","wl",11.3,"baseline"
2016-07-12,"0.1","calib","mod","wl",10.8856833120496,"baseline"
2016-07-12,"0.1","calib","obs","wl",11.3,"baseline"
2016-07-13,"0.1","calib","mod","wl",10.9139572905436,"baseline"
2016-07-13,"0.1","calib","obs","wl",11.3,"baseline"
2016-07-14,"0.1","calib","mod","wl",10.9062473597495,"baseline"
2016-07-14,"0.1","calib","obs","wl",11.2916666666667,"baseline"
2016-07-14,"0.1","calib","mod","nh4",3.65431367860038,"baseline"
2016-07-14,"0.1","calib","obs","nh4",1.99999999999999,"baseline"
2016-07-14,"0.1","calib","mod","no3",0.27087494703497,"baseline"
2016-07-14,"0.1","calib","obs","no3",2,"baseline"
2016-07-14,"0.1","calib","mod","po4",0.840858849407662,"baseline"
2016-07-14,"0.1","calib","obs","po4",9,"baseline"
2016-07-14,"0.1","calib","mod","chla",2.29524934289969,"baseline"
2016-07-14,"0.1","calib","obs","chla",0.9328,"baseline"
2016-07-14,"0.1","calib","obs","din",3.99999999999999,"baseline"
2016-07-14,"0.1","calib","mod","din",3.92518862563535,"baseline"
2016-07-15,"0.1","calib","mod","wl",10.8951047620979,"baseline"
2016-07-15,"0.1","calib","obs","wl",11.2833333333333,"baseline"
2016-07-16,"0.1","calib","mod","wl",10.883868916303,"baseline"
2016-07-16,"0.1","calib","obs","wl",11.275,"baseline"
2016-07-17,"0.1","calib","mod","wl",10.8744089850713,"baseline"
2016-07-17,"0.1","calib","obs","wl",11.2666666666667,"baseline"
2016-07-18,"0.1","calib","mod","wl",10.8652800521185,"baseline"
2016-07-18,"0.1","calib","obs","wl",11.2583333333333,"baseline"
2016-07-19,"0.1","calib","mod","wl",10.8577197732249,"baseline"
2016-07-19,"0.1","calib","obs","wl",11.25,"baseline"
2016-07-20,"0.1","calib","mod","wl",10.8489148488546,"baseline"
2016-07-20,"0.1","calib","obs","wl",11.2416666666667,"baseline"
2016-07-21,"0.1","calib","mod","wl",10.8395634572314,"baseline"
2016-07-21,"0.1","calib","obs","wl",11.2333333333333,"baseline"
2016-07-21,"0.1","calib","mod","chla",2.4616229839641,"baseline"
2016-07-21,"0.1","calib","obs","chla",1.953,"baseline"
2016-07-22,"0.1","calib","mod","wl",10.8313816303546,"baseline"
2016-07-22,"0.1","calib","obs","wl",11.225,"baseline"
2016-07-23,"0.1","calib","mod","wl",10.8230256003479,"baseline"
2016-07-23,"0.1","calib","obs","wl",11.2166666666667,"baseline"
2016-07-24,"0.1","calib","mod","wl",10.8132128438782,"baseline"
2016-07-24,"0.1","calib","obs","wl",11.2083333333333,"baseline"
2016-07-24,"0.1","calib","mod","nh4",9.28830909323058,"baseline"
2016-07-24,"0.1","calib","obs","nh4",15,"baseline"
2016-07-24,"0.1","calib","mod","no3",0.511845006833502,"baseline"
2016-07-24,"0.1","calib","obs","no3",2,"baseline"
2016-07-24,"0.1","calib","mod","po4",1.2782462152789,"baseline"
2016-07-24,"0.1","calib","obs","po4",9.99999999999998,"baseline"
2016-07-24,"0.1","calib","mod","chla",2.56050595640445,"baseline"
2016-07-24,"0.1","calib","obs","chla",1.6143,"baseline"
2016-07-24,"0.1","calib","obs","din",17,"baseline"
2016-07-24,"0.1","calib","mod","din",9.80015410006408,"baseline"
2016-07-25,"0.1","calib","mod","wl",10.8046759540113,"baseline"
2016-07-25,"0.1","calib","obs","wl",11.2,"baseline"
2016-07-26,"0.1","calib","mod","wl",10.8086604741165,"baseline"
2016-07-26,"0.1","calib","obs","wl",11.2055555555556,"baseline"
2016-07-27,"0.1","calib","mod","wl",10.8140002355069,"baseline"
2016-07-27,"0.1","calib","obs","wl",11.2111111111111,"baseline"
2016-07-28,"0.1","calib","mod","wl",10.8305156544458,"baseline"
2016-07-28,"0.1","calib","obs","wl",11.2166666666667,"baseline"
2016-07-28,"0.1","calib","mod","chla",2.64043632583834,"baseline"
2016-07-28,"0.1","calib","obs","chla",1.6081,"baseline"
2016-07-29,"0.1","calib","mod","wl",10.8341715640726,"baseline"
2016-07-29,"0.1","calib","obs","wl",11.2222222222222,"baseline"
2016-07-30,"0.1","calib","mod","wl",10.8522038761281,"baseline"
2016-07-30,"0.1","calib","obs","wl",11.2277777777778,"baseline"
2016-07-31,"0.1","calib","mod","wl",10.8567929516201,"baseline"
2016-07-31,"0.1","calib","obs","wl",11.2333333333333,"baseline"
2016-08-01,"0.1","calib","mod","wl",10.8737544604051,"baseline"
2016-08-01,"0.1","calib","obs","wl",11.2388888888889,"baseline"
2016-08-02,"0.1","calib","mod","wl",10.8744655670549,"baseline"
2016-08-02,"0.1","calib","obs","wl",11.2444444444444,"baseline"
2016-08-03,"0.1","calib","mod","wl",10.8731668051174,"baseline"
2016-08-03,"0.1","calib","obs","wl",11.25,"baseline"
2016-08-04,"0.1","calib","mod","wl",10.8807323789654,"baseline"
2016-08-04,"0.1","calib","obs","wl",11.2555555555556,"baseline"
2016-08-05,"0.1","calib","mod","wl",10.8863701314456,"baseline"
2016-08-05,"0.1","calib","obs","wl",11.2611111111111,"baseline"
2016-08-06,"0.1","calib","mod","wl",10.8986700086008,"baseline"
2016-08-06,"0.1","calib","obs","wl",11.2666666666667,"baseline"
2016-08-07,"0.1","calib","mod","wl",10.8977619317296,"baseline"
2016-08-07,"0.1","calib","obs","wl",11.2722222222222,"baseline"
2016-08-08,"0.1","calib","mod","wl",10.898050889539,"baseline"
2016-08-08,"0.1","calib","obs","wl",11.2777777777778,"baseline"
2016-08-09,"0.1","calib","mod","wl",10.9039805664722,"baseline"
2016-08-09,"0.1","calib","obs","wl",11.2833333333333,"baseline"
2016-08-10,"0.1","calib","mod","wl",10.9060482614159,"baseline"
2016-08-10,"0.1","calib","obs","wl",11.2888888888889,"baseline"
2016-08-11,"0.1","calib","mod","wl",10.9156491539631,"baseline"
2016-08-11,"0.1","calib","obs","wl",11.2944444444444,"baseline"
2016-08-11,"0.1","calib","mod","nh4",23.6217287367621,"baseline"
2016-08-11,"0.1","calib","obs","nh4",4,"baseline"
2016-08-11,"0.1","calib","mod","no3",5.14494416066728,"baseline"
2016-08-11,"0.1","calib","obs","no3",3,"baseline"
2016-08-11,"0.1","calib","mod","po4",4.89461564686856,"baseline"
2016-08-11,"0.1","calib","obs","po4",8,"baseline"
2016-08-11,"0.1","calib","mod","chla",3.22109016793103,"baseline"
2016-08-11,"0.1","calib","obs","chla",3.1488,"baseline"
2016-08-11,"0.1","calib","obs","din",7,"baseline"
2016-08-11,"0.1","calib","mod","din",28.7666728974294,"baseline"
2016-08-12,"0.1","calib","mod","wl",10.9164323272688,"baseline"
2016-08-12,"0.1","calib","obs","wl",11.3,"baseline"
2016-08-13,"0.1","calib","mod","wl",10.9084028020321,"baseline"
2016-08-13,"0.1","calib","obs","wl",11.2923076923077,"baseline"
2016-08-14,"0.1","calib","mod","wl",10.9005178955762,"baseline"
2016-08-14,"0.1","calib","obs","wl",11.2846153846154,"baseline"
2016-08-15,"0.1","calib","mod","wl",10.8916983578696,"baseline"
2016-08-15,"0.1","calib","obs","wl",11.2769230769231,"baseline"
2016-08-16,"0.1","calib","mod","wl",10.8946420925811,"baseline"
2016-08-16,"0.1","calib","obs","wl",11.2692307692308,"baseline"
2016-08-17,"0.1","calib","mod","wl",10.8893953055852,"baseline"
2016-08-17,"0.1","calib","obs","wl",11.2615384615385,"baseline"
2016-08-18,"0.1","calib","mod","wl",10.8834555680674,"baseline"
2016-08-18,"0.1","calib","obs","wl",11.2538461538462,"baseline"
2016-08-18,"0.1","calib","mod","chla",3.20514916804038,"baseline"
2016-08-18,"0.1","calib","obs","chla",2.4539,"baseline"
2016-08-19,"0.1","calib","mod","wl",10.8743612680099,"baseline"
2016-08-19,"0.1","calib","obs","wl",11.2461538461538,"baseline"
2016-08-20,"0.1","calib","mod","wl",10.8669837182286,"baseline"
2016-08-20,"0.1","calib","obs","wl",11.2384615384615,"baseline"
2016-08-21,"0.1","calib","mod","wl",10.8590358770208,"baseline"
2016-08-21,"0.1","calib","obs","wl",11.2307692307692,"baseline"
2016-08-22,"0.1","calib","mod","wl",10.8532480372829,"baseline"
2016-08-22,"0.1","calib","obs","wl",11.2230769230769,"baseline"
2016-08-23,"0.1","calib","mod","wl",10.843256216042,"baseline"
2016-08-23,"0.1","calib","obs","wl",11.2153846153846,"baseline"
2016-08-23,"0.1","calib","mod","chla",3.20270876279938,"baseline"
2016-08-23,"0.1","calib","obs","chla",2.2813,"baseline"
2016-08-24,"0.1","calib","mod","wl",10.8343456474626,"baseline"
2016-08-24,"0.1","calib","obs","wl",11.2076923076923,"baseline"
2016-08-25,"0.1","calib","mod","wl",10.8271060813544,"baseline"
2016-08-25,"0.1","calib","obs","wl",11.2,"baseline"
2016-08-26,"0.1","calib","mod","wl",10.834146986718,"baseline"
2016-08-26,"0.1","calib","obs","wl",11.2111111111111,"baseline"
2016-08-27,"0.1","calib","mod","wl",10.8401644094752,"baseline"
2016-08-27,"0.1","calib","obs","wl",11.2222222222222,"baseline"
2016-08-28,"0.1","calib","mod","wl",10.8466801197503,"baseline"
2016-08-28,"0.1","calib","obs","wl",11.2333333333333,"baseline"
2016-08-29,"0.1","calib","mod","wl",10.85295159708,"baseline"
2016-08-29,"0.1","calib","obs","wl",11.2444444444444,"baseline"
2016-08-30,"0.1","calib","mod","wl",10.8589130878651,"baseline"
2016-08-30,"0.1","calib","obs","wl",11.2555555555556,"baseline"
2016-08-31,"0.1","calib","mod","wl",10.8650797930799,"baseline"
2016-08-31,"0.1","calib","obs","wl",11.2666666666667,"baseline"
2016-09-01,"0.1","calib","mod","wl",10.8747778467165,"baseline"
2016-09-01,"0.1","calib","obs","wl",11.2777777777778,"baseline"
2016-09-02,"0.1","calib","mod","wl",10.8984670531576,"baseline"
2016-09-02,"0.1","calib","obs","wl",11.2888888888889,"baseline"
2016-09-03,"0.1","calib","mod","wl",10.9009112060162,"baseline"
2016-09-03,"0.1","calib","obs","wl",11.3,"baseline"
2016-09-04,"0.1","calib","mod","wl",10.9042258417916,"baseline"
2016-09-04,"0.1","calib","obs","wl",11.3111111111111,"baseline"
2016-09-05,"0.1","calib","mod","wl",10.9089627184302,"baseline"
2016-09-05,"0.1","calib","obs","wl",11.3222222222222,"baseline"
2016-09-06,"0.1","calib","mod","wl",10.9141128219106,"baseline"
2016-09-06,"0.1","calib","obs","wl",11.3333333333333,"baseline"
2016-09-06,"0.1","calib","mod","chla",3.22415527751414,"baseline"
2016-09-06,"0.1","calib","obs","chla",5.2938,"baseline"
2016-09-07,"0.1","calib","mod","wl",10.9184676330668,"baseline"
2016-09-07,"0.1","calib","obs","wl",11.3444444444444,"baseline"
2016-09-08,"0.1","calib","mod","wl",10.9243443728788,"baseline"
2016-09-08,"0.1","calib","obs","wl",11.3555555555556,"baseline"
2016-09-09,"0.1","calib","mod","wl",10.9297887010946,"baseline"
2016-09-09,"0.1","calib","obs","wl",11.3666666666667,"baseline"
2016-09-10,"0.1","calib","mod","wl",10.9360577093878,"baseline"
2016-09-10,"0.1","calib","obs","wl",11.3777777777778,"baseline"
2016-09-11,"0.1","calib","mod","wl",10.9426673533304,"baseline"
2016-09-11,"0.1","calib","obs","wl",11.3888888888889,"baseline"
2016-09-12,"0.1","calib","mod","wl",10.9473753126175,"baseline"
2016-09-12,"0.1","calib","obs","wl",11.4,"baseline"
2016-09-13,"0.1","calib","mod","wl",10.9527896465689,"baseline"
2016-09-13,"0.1","calib","obs","wl",11.4111111111111,"baseline"
2016-09-14,"0.1","calib","mod","wl",10.9594279452732,"baseline"
2016-09-14,"0.1","calib","obs","wl",11.4222222222222,"baseline"
2016-09-15,"0.1","calib","mod","wl",10.9659576612541,"baseline"
2016-09-15,"0.1","calib","obs","wl",11.4333333333333,"baseline"
2016-09-16,"0.1","calib","mod","wl",10.9707398235439,"baseline"
2016-09-16,"0.1","calib","obs","wl",11.4444444444444,"baseline"
2016-09-16,"0.1","calib","mod","nh4",4.35461555861139,"baseline"
2016-09-16,"0.1","calib","obs","nh4",3.00000000000001,"baseline"
2016-09-16,"0.1","calib","mod","no3",0.0376144489452308,"baseline"
2016-09-16,"0.1","calib","obs","no3",0.999999999999999,"baseline"
2016-09-16,"0.1","calib","mod","po4",0.471250679466368,"baseline"
2016-09-16,"0.1","calib","obs","po4",9,"baseline"
2016-09-16,"0.1","calib","mod","chla",3.43982569419418,"baseline"
2016-09-16,"0.1","calib","obs","chla",9.7589,"baseline"
2016-09-16,"0.1","calib","obs","din",4,"baseline"
2016-09-16,"0.1","calib","mod","din",4.39223000755662,"baseline"
2016-09-17,"0.1","calib","mod","wl",10.9758659109085,"baseline"
2016-09-17,"0.1","calib","obs","wl",11.4555555555556,"baseline"
2016-09-17,"0.1","calib","mod","chla",3.40519772838597,"baseline"
2016-09-17,"0.1","calib","obs","chla",6.8814,"baseline"
2016-09-18,"0.1","calib","mod","wl",10.979069525054,"baseline"
2016-09-18,"0.1","calib","obs","wl",11.4666666666667,"baseline"
2016-09-19,"0.1","calib","mod","wl",10.9809902021929,"baseline"
2016-09-19,"0.1","calib","obs","wl",11.4777777777778,"baseline"
2016-09-20,"0.1","calib","mod","wl",11.0575989626725,"baseline"
2016-09-20,"0.1","calib","obs","wl",11.4888888888889,"baseline"
2016-09-21,"0.1","calib","mod","wl",11.0548274760352,"baseline"
2016-09-21,"0.1","calib","obs","wl",11.5,"baseline"
2016-09-22,"0.1","calib","mod","wl",11.0548447346705,"baseline"
2016-09-22,"0.1","calib","obs","wl",11.5111111111111,"baseline"
2016-09-23,"0.1","calib","mod","wl",11.0574086203913,"baseline"
2016-09-23,"0.1","calib","obs","wl",11.5222222222222,"baseline"
2016-09-24,"0.1","calib","mod","wl",11.0607377690395,"baseline"
2016-09-24,"0.1","calib","obs","wl",11.5333333333333,"baseline"
2016-09-25,"0.1","calib","mod","wl",11.0651952746678,"baseline"
2016-09-25,"0.1","calib","obs","wl",11.5444444444444,"baseline"
2016-09-26,"0.1","calib","mod","wl",11.0706376776032,"baseline"
2016-09-26,"0.1","calib","obs","wl",11.5555555555556,"baseline"
2016-09-27,"0.1","calib","mod","wl",11.0861236513557,"baseline"
2016-09-27,"0.1","calib","obs","wl",11.5666666666667,"baseline"
2016-09-27,"0.1","calib","mod","chla",3.46005931578163,"baseline"
2016-09-27,"0.1","calib","obs","chla",4.1265,"baseline"
2016-09-28,"0.1","calib","mod","wl",11.1018366793239,"baseline"
2016-09-28,"0.1","calib","obs","wl",11.5777777777778,"baseline"
2016-09-29,"0.1","calib","mod","wl",11.1147858105387,"baseline"
2016-09-29,"0.1","calib","obs","wl",11.5888888888889,"baseline"
2016-09-30,"0.1","calib","mod","wl",11.18074975495,"baseline"
2016-09-30,"0.1","calib","obs","wl",11.6,"baseline"
2016-10-01,"0.1","calib","mod","wl",11.2244972872995,"baseline"
2016-10-01,"0.1","calib","obs","wl",11.6166666666667,"baseline"
2016-10-02,"0.1","calib","mod","wl",11.2237822312743,"baseline"
2016-10-02,"0.1","calib","obs","wl",11.6333333333333,"baseline"
2016-10-03,"0.1","calib","mod","wl",11.2262626025796,"baseline"
2016-10-03,"0.1","calib","obs","wl",11.65,"baseline"
2016-10-04,"0.1","calib","mod","wl",11.2306504168838,"baseline"
2016-10-04,"0.1","calib","obs","wl",11.6666666666667,"baseline"
2016-10-05,"0.1","calib","mod","wl",11.237063205586,"baseline"
2016-10-05,"0.1","calib","obs","wl",11.6833333333333,"baseline"
2016-10-06,"0.1","calib","mod","wl",11.2445950840374,"baseline"
2016-10-06,"0.1","calib","obs","wl",11.7,"baseline"
2016-10-07,"0.1","calib","mod","wl",11.2758889968607,"baseline"
2016-10-07,"0.1","calib","obs","wl",11.75,"baseline"
2016-10-08,"0.1","calib","mod","wl",11.3533956151006,"baseline"
2016-10-08,"0.1","calib","obs","wl",11.8,"baseline"
2016-10-09,"0.1","calib","mod","wl",11.4142502929315,"baseline"
2016-10-09,"0.1","calib","obs","wl",11.85,"baseline"
2016-10-10,"0.1","calib","mod","wl",11.4321386278721,"baseline"
2016-10-10,"0.1","calib","obs","wl",11.9,"baseline"
2016-10-11,"0.1","calib","mod","wl",11.4566008327745,"baseline"
2016-10-11,"0.1","calib","obs","wl",11.95,"baseline"
2016-10-11,"0.1","calib","mod","nh4",36.3381155590965,"baseline"
2016-10-11,"0.1","calib","obs","nh4",7.00000000000001,"baseline"
2016-10-11,"0.1","calib","mod","no3",4.34488219188891,"baseline"
2016-10-11,"0.1","calib","obs","no3",2,"baseline"
2016-10-11,"0.1","calib","mod","po4",5.6078658461065,"baseline"
2016-10-11,"0.1","calib","obs","po4",7,"baseline"
2016-10-11,"0.1","calib","mod","chla",4.42229860088217,"baseline"
2016-10-11,"0.1","calib","obs","chla",1.2391,"baseline"
2016-10-11,"0.1","calib","obs","din",9,"baseline"
2016-10-11,"0.1","calib","mod","din",40.6829977509854,"baseline"
2016-10-12,"0.1","calib","mod","wl",11.484878738009,"baseline"
2016-10-12,"0.1","calib","obs","wl",12,"baseline"
2016-10-13,"0.1","calib","mod","wl",11.48075137172,"baseline"
2016-10-13,"0.1","calib","obs","wl",12,"baseline"
2016-10-14,"0.1","calib","mod","wl",11.4775365377452,"baseline"
2016-10-14,"0.1","calib","obs","wl",12,"baseline"
2016-10-15,"0.1","calib","mod","wl",11.4751297909195,"baseline"
2016-10-15,"0.1","calib","obs","wl",12,"baseline"
2016-10-16,"0.1","calib","mod","wl",11.4767066289206,"baseline"
2016-10-16,"0.1","calib","obs","wl",12,"baseline"
2016-10-17,"0.1","calib","mod","wl",11.4751634416201,"baseline"
2016-10-17,"0.1","calib","obs","wl",12,"baseline"
2016-10-18,"0.1","calib","mod","wl",11.4716839478344,"baseline"
2016-10-18,"0.1","calib","obs","wl",12,"baseline"
2016-10-19,"0.1","calib","mod","wl",11.4693651406917,"baseline"
2016-10-19,"0.1","calib","obs","wl",12,"baseline"
2016-10-20,"0.1","calib","mod","wl",11.4731581302846,"baseline"
2016-10-20,"0.1","calib","obs","wl",12,"baseline"
2016-10-21,"0.1","calib","mod","wl",11.4419134129693,"baseline"
2016-10-21,"0.1","calib","obs","wl",11.9571428571429,"baseline"
2016-10-22,"0.1","calib","mod","wl",11.4129712680326,"baseline"
2016-10-22,"0.1","calib","obs","wl",11.9142857142857,"baseline"
2016-10-23,"0.1","calib","mod","wl",11.3856125088394,"baseline"
2016-10-23,"0.1","calib","obs","wl",11.8714285714286,"baseline"
2016-10-24,"0.1","calib","mod","wl",11.3545672807934,"baseline"
2016-10-24,"0.1","calib","obs","wl",11.8285714285714,"baseline"
2016-10-25,"0.1","calib","mod","wl",11.325252128876,"baseline"
2016-10-25,"0.1","calib","obs","wl",11.7857142857143,"baseline"
2016-10-25,"0.1","calib","mod","nh4",25.848061322358,"baseline"
2016-10-25,"0.1","calib","obs","nh4",4,"baseline"
2016-10-25,"0.1","calib","mod","no3",4.39913798540026,"baseline"
2016-10-25,"0.1","calib","obs","no3",7.00000000000002,"baseline"
2016-10-25,"0.1","calib","mod","po4",4.35206237821128,"baseline"
2016-10-25,"0.1","calib","obs","po4",3,"baseline"
2016-10-25,"0.1","calib","obs","din",11,"baseline"
2016-10-25,"0.1","calib","mod","din",30.2471993077583,"baseline"
2016-10-26,"0.1","calib","mod","wl",11.3002303969037,"baseline"
2016-10-26,"0.1","calib","obs","wl",11.7428571428571,"baseline"
2016-10-27,"0.1","calib","mod","wl",11.2732682743447,"baseline"
2016-10-27,"0.1","calib","obs","wl",11.7,"baseline"
2016-10-28,"0.1","calib","mod","wl",11.2597565830754,"baseline"
2016-10-28,"0.1","calib","obs","wl",11.675,"baseline"
2016-10-29,"0.1","calib","mod","wl",11.2460542467685,"baseline"
2016-10-29,"0.1","calib","obs","wl",11.65,"baseline"
2016-10-30,"0.1","calib","mod","wl",11.2334707398345,"baseline"
2016-10-30,"0.1","calib","obs","wl",11.625,"baseline"
2016-10-31,"0.1","calib","mod","wl",11.217485288051,"baseline"
2016-10-31,"0.1","calib","obs","wl",11.6,"baseline"
2016-11-01,"0.1","calib","mod","wl",11.1968304416599,"baseline"
2016-11-01,"0.1","calib","obs","wl",11.575,"baseline"
2016-11-02,"0.1","calib","mod","wl",11.1808965366393,"baseline"
2016-11-02,"0.1","calib","obs","wl",11.55,"baseline"
2016-11-03,"0.1","calib","mod","wl",11.1603824561992,"baseline"
2016-11-03,"0.1","calib","obs","wl",11.525,"baseline"
2016-11-04,"0.1","calib","mod","wl",11.141170596433,"baseline"
2016-11-04,"0.1","calib","obs","wl",11.5,"baseline"
2016-11-05,"0.1","calib","mod","wl",11.128311761025,"baseline"
2016-11-05,"0.1","calib","obs","wl",11.4833333333333,"baseline"
2016-11-06,"0.1","calib","mod","wl",11.1181121106919,"baseline"
2016-11-06,"0.1","calib","obs","wl",11.4666666666667,"baseline"
2016-11-07,"0.1","calib","mod","wl",11.1052642374253,"baseline"
2016-11-07,"0.1","calib","obs","wl",11.45,"baseline"
2016-11-08,"0.1","calib","mod","wl",11.0908356595756,"baseline"
2016-11-08,"0.1","calib","obs","wl",11.4333333333333,"baseline"
2016-11-09,"0.1","calib","mod","wl",11.0824172005274,"baseline"
2016-11-09,"0.1","calib","obs","wl",11.4166666666667,"baseline"
2016-11-10,"0.1","calib","mod","wl",11.0697048151114,"baseline"
2016-11-10,"0.1","calib","obs","wl",11.4,"baseline"
2016-11-11,"0.1","calib","mod","wl",11.0439125546114,"baseline"
2016-11-11,"0.1","calib","obs","wl",11.3666666666667,"baseline"
2016-11-11,"0.1","calib","mod","nh4",42.1025697599335,"baseline"
2016-11-11,"0.1","calib","obs","nh4",62.9999999999999,"baseline"
2016-11-11,"0.1","calib","mod","no3",4.3146134024477,"baseline"
2016-11-11,"0.1","calib","obs","no3",5,"baseline"
2016-11-11,"0.1","calib","mod","po4",4.35080329986737,"baseline"
2016-11-11,"0.1","calib","obs","po4",4,"baseline"
2016-11-11,"0.1","calib","mod","chla",0.254350839304155,"baseline"
2016-11-11,"0.1","calib","obs","chla",1.7426,"baseline"
2016-11-11,"0.1","calib","obs","din",67.9999999999999,"baseline"
2016-11-11,"0.1","calib","mod","din",46.4171831623812,"baseline"
2016-11-12,"0.1","calib","mod","wl",11.0302073200816,"baseline"
2016-11-12,"0.1","calib","obs","wl",11.3333333333333,"baseline"
2016-11-13,"0.1","calib","mod","wl",11.0129167996974,"baseline"
2016-11-13,"0.1","calib","obs","wl",11.3,"baseline"
2016-11-14,"0.1","calib","mod","wl",10.9851133223299,"baseline"
2016-11-14,"0.1","calib","obs","wl",11.2666666666667,"baseline"
2016-11-15,"0.1","calib","mod","wl",10.9622834384991,"baseline"
2016-11-15,"0.1","calib","obs","wl",11.2333333333333,"baseline"
2016-11-16,"0.1","calib","mod","wl",10.935234322353,"baseline"
2016-11-16,"0.1","calib","obs","wl",11.2,"baseline"
2016-11-17,"0.1","calib","mod","wl",10.9327139266686,"baseline"
2016-11-17,"0.1","calib","obs","wl",11.2,"baseline"
2016-11-18,"0.1","calib","mod","wl",10.9319460436527,"baseline"
2016-11-18,"0.1","calib","obs","wl",11.2,"baseline"
2016-11-19,"0.1","calib","mod","wl",10.9353842009146,"baseline"
2016-11-19,"0.1","calib","obs","wl",11.2,"baseline"
2016-11-20,"0.1","calib","mod","wl",10.932771866372,"baseline"
2016-11-20,"0.1","calib","obs","wl",11.2,"baseline"
2016-11-21,"0.1","calib","mod","wl",10.9307225942103,"baseline"
2016-11-21,"0.1","calib","obs","wl",11.2,"baseline"
2016-11-22,"0.1","calib","mod","wl",10.9289067462433,"baseline"
2016-11-22,"0.1","calib","obs","wl",11.2,"baseline"
2016-11-23,"0.1","calib","mod","wl",10.927814435861,"baseline"
2016-11-23,"0.1","calib","obs","wl",11.2,"baseline"
2016-11-24,"0.1","calib","mod","wl",10.9306388890446,"baseline"
2016-11-24,"0.1","calib","obs","wl",11.2,"baseline"
2016-11-25,"0.1","calib","mod","wl",10.9286887466988,"baseline"
2016-11-25,"0.1","calib","obs","wl",11.2,"baseline"
2016-11-26,"0.1","calib","mod","wl",10.9270926619061,"baseline"
2016-11-26,"0.1","calib","obs","wl",11.2,"baseline"
2016-11-27,"0.1","calib","mod","wl",10.9264253674557,"baseline"
2016-11-27,"0.1","calib","obs","wl",11.2,"baseline"
2016-11-28,"0.1","calib","mod","wl",10.9245679238261,"baseline"
2016-11-28,"0.1","calib","obs","wl",11.2,"baseline"
2016-11-29,"0.1","calib","mod","wl",10.9230476080507,"baseline"
2016-11-29,"0.1","calib","obs","wl",11.2,"baseline"
2016-11-30,"0.1","calib","mod","wl",10.9257834164571,"baseline"
2016-11-30,"0.1","calib","obs","wl",11.2,"baseline"
2016-12-01,"0.1","calib","mod","wl",10.9373434848167,"baseline"
2016-12-01,"0.1","calib","obs","wl",11.2,"baseline"
2016-12-02,"0.1","calib","mod","wl",10.9367654979848,"baseline"
2016-12-02,"0.1","calib","obs","wl",11.2,"baseline"
2016-12-03,"0.1","calib","mod","wl",10.933602224414,"baseline"
2016-12-03,"0.1","calib","obs","wl",11.2,"baseline"
2016-12-04,"0.1","calib","mod","wl",10.931262804324,"baseline"
2016-12-04,"0.1","calib","obs","wl",11.2,"baseline"
2016-12-05,"0.1","calib","mod","wl",10.9311123461482,"baseline"
2016-12-05,"0.1","calib","obs","wl",11.2,"baseline"
2016-12-06,"0.1","calib","mod","wl",10.9330058800787,"baseline"
2016-12-06,"0.1","calib","obs","wl",11.2,"baseline"
2016-12-07,"0.1","calib","mod","wl",10.9313222337367,"baseline"
2016-12-07,"0.1","calib","obs","wl",11.2,"baseline"
2016-12-08,"0.1","calib","mod","wl",10.9299634332637,"baseline"
2016-12-08,"0.1","calib","obs","wl",11.2,"baseline"
2016-12-09,"0.1","calib","mod","wl",10.9301190992615,"baseline"
2016-12-09,"0.1","calib","obs","wl",11.2,"baseline"
2016-12-10,"0.1","calib","mod","wl",10.9163949371947,"baseline"
2016-12-10,"0.1","calib","obs","wl",11.18,"baseline"
2016-12-11,"0.1","calib","mod","wl",10.9010824803222,"baseline"
2016-12-11,"0.1","calib","obs","wl",11.16,"baseline"
2016-12-12,"0.1","calib","mod","wl",10.885358611569,"baseline"
2016-12-12,"0.1","calib","obs","wl",11.14,"baseline"
2016-12-13,"0.1","calib","mod","wl",10.8699877321195,"baseline"
2016-12-13,"0.1","calib","obs","wl",11.12,"baseline"
2016-12-14,"0.1","calib","mod","wl",10.858726329027,"baseline"
2016-12-14,"0.1","calib","obs","wl",11.1,"baseline"
2016-12-15,"0.1","calib","mod","wl",10.8546697643984,"baseline"
2016-12-15,"0.1","calib","obs","wl",11.0857142857143,"baseline"
2016-12-16,"0.1","calib","mod","wl",10.8429418328414,"baseline"
2016-12-16,"0.1","calib","obs","wl",11.0714285714286,"baseline"
2016-12-17,"0.1","calib","mod","wl",10.8359233166253,"baseline"
2016-12-17,"0.1","calib","obs","wl",11.0571428571429,"baseline"
2016-12-18,"0.1","calib","mod","wl",10.8246858897699,"baseline"
2016-12-18,"0.1","calib","obs","wl",11.0428571428571,"baseline"
2016-12-19,"0.1","calib","mod","wl",10.8126458033421,"baseline"
2016-12-19,"0.1","calib","obs","wl",11.0285714285714,"baseline"
2016-12-20,"0.1","calib","mod","wl",10.8014919987898,"baseline"
2016-12-20,"0.1","calib","obs","wl",11.0142857142857,"baseline"
2016-12-21,"0.1","calib","mod","wl",10.7900439319845,"baseline"
2016-12-21,"0.1","calib","obs","wl",11,"baseline"
2016-12-22,"0.1","calib","mod","wl",10.7883223156908,"baseline"
2016-12-22,"0.1","calib","obs","wl",11,"baseline"
2016-12-23,"0.1","calib","mod","wl",10.7896888626079,"baseline"
2016-12-23,"0.1","calib","obs","wl",11,"baseline"
2016-12-24,"0.1","calib","mod","wl",10.787989717251,"baseline"
2016-12-24,"0.1","calib","obs","wl",11,"baseline"
2016-12-25,"0.1","calib","mod","wl",10.7969475471579,"baseline"
2016-12-25,"0.1","calib","obs","wl",11,"baseline"
2016-12-26,"0.1","calib","mod","wl",10.7954247689595,"baseline"
2016-12-26,"0.1","calib","obs","wl",11,"baseline"
2016-12-27,"0.1","calib","mod","wl",10.7947886376209,"baseline"
2016-12-27,"0.1","calib","obs","wl",11,"baseline"
2016-12-28,"0.1","calib","mod","wl",10.794133533046,"baseline"
2016-12-28,"0.1","calib","obs","wl",11,"baseline"
2016-12-29,"0.1","calib","mod","wl",10.7854287532496,"baseline"
2016-12-29,"0.1","calib","obs","wl",10.9888888888889,"baseline"
2016-12-30,"0.1","calib","mod","wl",10.781668861329,"baseline"
2016-12-30,"0.1","calib","obs","wl",10.9777777777778,"baseline"
2016-12-31,"0.1","calib","mod","wl",10.7719106713921,"baseline"
2016-12-31,"0.1","calib","obs","wl",10.9666666666667,"baseline"
2017-01-01,"0.1","calib","mod","wl",10.7629095023322,"baseline"
2017-01-01,"0.1","calib","obs","wl",10.9555555555556,"baseline"
2017-01-02,"0.1","calib","mod","wl",10.7550338481979,"baseline"
2017-01-02,"0.1","calib","obs","wl",10.9444444444444,"baseline"
2017-01-03,"0.1","calib","mod","wl",10.749785027911,"baseline"
2017-01-03,"0.1","calib","obs","wl",10.9333333333333,"baseline"
2017-01-04,"0.1","calib","mod","wl",10.7539628163872,"baseline"
2017-01-04,"0.1","calib","obs","wl",10.9222222222222,"baseline"
2017-01-05,"0.1","calib","mod","wl",10.7447338071925,"baseline"
2017-01-05,"0.1","calib","obs","wl",10.9111111111111,"baseline"
2017-01-06,"0.1","calib","mod","wl",10.7352303101647,"baseline"
2017-01-06,"0.1","calib","obs","wl",10.9,"baseline"
2017-01-07,"0.1","calib","mod","wl",10.7330785082397,"baseline"
2017-01-07,"0.1","calib","obs","wl",10.9,"baseline"
2017-01-08,"0.1","calib","mod","wl",10.7312797572295,"baseline"
2017-01-08,"0.1","calib","obs","wl",10.9,"baseline"
2017-01-09,"0.1","calib","mod","wl",10.7292367627713,"baseline"
2017-01-09,"0.1","calib","obs","wl",10.9,"baseline"
2017-01-10,"0.1","calib","mod","wl",10.7278580898014,"baseline"
2017-01-10,"0.1","calib","obs","wl",10.9,"baseline"
2017-01-11,"0.1","calib","mod","wl",10.7275839425322,"baseline"
2017-01-11,"0.1","calib","obs","wl",10.9,"baseline"
2017-01-12,"0.1","calib","mod","wl",10.728982689593,"baseline"
2017-01-12,"0.1","calib","obs","wl",10.9,"baseline"
2017-01-13,"0.1","calib","mod","wl",10.7284960498642,"baseline"
2017-01-13,"0.1","calib","obs","wl",10.9,"baseline"
2017-01-14,"0.1","calib","mod","wl",10.7281146720645,"baseline"
2017-01-14,"0.1","calib","obs","wl",10.9,"baseline"
2017-01-15,"0.1","calib","mod","wl",10.7293105644539,"baseline"
2017-01-15,"0.1","calib","obs","wl",10.9,"baseline"
2017-01-16,"0.1","calib","mod","wl",10.7288735732052,"baseline"
2017-01-16,"0.1","calib","obs","wl",10.9,"baseline"
2017-01-17,"0.1","calib","mod","wl",10.7292225399074,"baseline"
2017-01-17,"0.1","calib","obs","wl",10.9,"baseline"
2017-01-18,"0.1","calib","mod","wl",10.7320472541479,"baseline"
2017-01-18,"0.1","calib","obs","wl",10.9,"baseline"
2017-01-19,"0.1","calib","mod","wl",10.7397790823428,"baseline"
2017-01-19,"0.1","calib","obs","wl",10.9125,"baseline"
2017-01-20,"0.1","calib","mod","wl",10.7470937678944,"baseline"
2017-01-20,"0.1","calib","obs","wl",10.925,"baseline"
2017-01-21,"0.1","calib","mod","wl",10.7601800525848,"baseline"
2017-01-21,"0.1","calib","obs","wl",10.9375,"baseline"
2017-01-22,"0.1","calib","mod","wl",10.7676343931831,"baseline"
2017-01-22,"0.1","calib","obs","wl",10.95,"baseline"
2017-01-23,"0.1","calib","mod","wl",10.7807388799328,"baseline"
2017-01-23,"0.1","calib","obs","wl",10.9625,"baseline"
2017-01-24,"0.1","calib","mod","wl",10.8154060444372,"baseline"
2017-01-24,"0.1","calib","obs","wl",10.975,"baseline"
2017-01-25,"0.1","calib","mod","wl",10.818142447744,"baseline"
2017-01-25,"0.1","calib","obs","wl",10.9875,"baseline"
2017-01-26,"0.1","calib","mod","wl",10.8223456688533,"baseline"
2017-01-26,"0.1","calib","obs","wl",11,"baseline"
2017-01-27,"0.1","calib","mod","wl",10.8196052694392,"baseline"
2017-01-27,"0.1","calib","obs","wl",11,"baseline"
2017-01-28,"0.1","calib","mod","wl",10.816877276222,"baseline"
2017-01-28,"0.1","calib","obs","wl",11,"baseline"
2017-01-29,"0.1","calib","mod","wl",10.814726784366,"baseline"
2017-01-29,"0.1","calib","obs","wl",11,"baseline"
2017-01-30,"0.1","calib","mod","wl",10.8135595462161,"baseline"
2017-01-30,"0.1","calib","obs","wl",11,"baseline"
2017-01-31,"0.1","calib","mod","wl",10.8122369927622,"baseline"
2017-01-31,"0.1","calib","obs","wl",11,"baseline"
2017-02-01,"0.1","calib","mod","wl",10.8115127718006,"baseline"
2017-02-01,"0.1","calib","obs","wl",11,"baseline"
2017-02-02,"0.1","calib","mod","wl",10.8104835094325,"baseline"
2017-02-02,"0.1","calib","obs","wl",11,"baseline"
2017-02-03,"0.1","calib","mod","wl",10.8093913210549,"baseline"
2017-02-03,"0.1","calib","obs","wl",11,"baseline"
2017-02-04,"0.1","calib","mod","wl",10.8077885025627,"baseline"
2017-02-04,"0.1","calib","obs","wl",11,"baseline"
2017-02-05,"0.1","calib","mod","wl",10.8055085911536,"baseline"
2017-02-05,"0.1","calib","obs","wl",11,"baseline"
2017-02-06,"0.1","calib","mod","wl",10.8047286738681,"baseline"
2017-02-06,"0.1","calib","obs","wl",11,"baseline"
2017-02-07,"0.1","calib","mod","wl",10.8080412059038,"baseline"
2017-02-07,"0.1","calib","obs","wl",11,"baseline"
2017-02-08,"0.1","calib","mod","wl",10.8115953467794,"baseline"
2017-02-08,"0.1","calib","obs","wl",11,"baseline"
2017-02-09,"0.1","calib","mod","wl",10.8097639072409,"baseline"
2017-02-09,"0.1","calib","obs","wl",11,"baseline"
2017-02-10,"0.1","calib","mod","wl",10.8082145256596,"baseline"
2017-02-10,"0.1","calib","obs","wl",11,"baseline"
2017-02-11,"0.1","calib","mod","wl",10.8093851552687,"baseline"
2017-02-11,"0.1","calib","obs","wl",11,"baseline"
2017-02-12,"0.1","calib","mod","wl",10.8156349118871,"baseline"
2017-02-12,"0.1","calib","obs","wl",11,"baseline"
2017-02-13,"0.1","calib","mod","wl",10.815584086996,"baseline"
2017-02-13,"0.1","calib","obs","wl",11,"baseline"
2017-02-14,"0.1","calib","mod","wl",10.8170682488984,"baseline"
2017-02-14,"0.1","calib","obs","wl",11,"baseline"
2017-02-15,"0.1","calib","mod","wl",10.8171883968969,"baseline"
2017-02-15,"0.1","calib","obs","wl",11,"baseline"
2017-02-16,"0.1","calib","mod","wl",10.8162885370882,"baseline"
2017-02-16,"0.1","calib","obs","wl",11,"baseline"
2017-02-17,"0.1","calib","mod","wl",10.8209345564778,"baseline"
2017-02-17,"0.1","calib","obs","wl",11,"baseline"
2017-02-18,"0.1","calib","mod","wl",10.8199119405059,"baseline"
2017-02-18,"0.1","calib","obs","wl",11,"baseline"
2017-02-19,"0.1","calib","mod","wl",10.8217591941522,"baseline"
2017-02-19,"0.1","calib","obs","wl",11,"baseline"
2017-02-20,"0.1","calib","mod","wl",10.823195810955,"baseline"
2017-02-20,"0.1","calib","obs","wl",11,"baseline"
2017-02-21,"0.1","calib","mod","wl",10.8215280629827,"baseline"
2017-02-21,"0.1","calib","obs","wl",11,"baseline"
2017-02-22,"0.1","calib","mod","wl",10.824213004273,"baseline"
2017-02-22,"0.1","calib","obs","wl",11,"baseline"
2017-02-23,"0.1","calib","mod","wl",10.8264514697544,"baseline"
2017-02-23,"0.1","calib","obs","wl",11,"baseline"
2017-02-24,"0.1","calib","mod","wl",10.8304443977488,"baseline"
2017-02-24,"0.1","calib","obs","wl",11,"baseline"
2017-02-25,"0.1","calib","mod","wl",10.8336627850077,"baseline"
2017-02-25,"0.1","calib","obs","wl",11,"baseline"
2017-02-26,"0.1","calib","mod","wl",10.8315109691624,"baseline"
2017-02-26,"0.1","calib","obs","wl",11,"baseline"
2017-02-27,"0.1","calib","mod","wl",10.8286162778738,"baseline"
2017-02-27,"0.1","calib","obs","wl",11,"baseline"
2017-02-28,"0.1","calib","mod","wl",10.8284186617536,"baseline"
2017-02-28,"0.1","calib","obs","wl",11,"baseline"
2017-03-01,"0.1","calib","mod","wl",10.8281112368222,"baseline"
2017-03-01,"0.1","calib","obs","wl",11,"baseline"
2017-03-02,"0.1","calib","mod","wl",10.8306589537809,"baseline"
2017-03-02,"0.1","calib","obs","wl",11,"baseline"
2017-03-03,"0.1","calib","mod","wl",10.8283262802511,"baseline"
2017-03-03,"0.1","calib","obs","wl",11,"baseline"
2017-03-04,"0.1","calib","mod","wl",10.8283276161719,"baseline"
2017-03-04,"0.1","calib","obs","wl",11,"baseline"
2017-03-05,"0.1","calib","mod","wl",10.8267989831902,"baseline"
2017-03-05,"0.1","calib","obs","wl",11,"baseline"
2017-03-06,"0.1","calib","mod","wl",10.8250723586672,"baseline"
2017-03-06,"0.1","calib","obs","wl",11,"baseline"
2017-03-07,"0.1","calib","mod","wl",10.8236463658549,"baseline"
2017-03-07,"0.1","calib","obs","wl",11,"baseline"
2017-03-08,"0.1","calib","mod","wl",10.822988114907,"baseline"
2017-03-08,"0.1","calib","obs","wl",11,"baseline"
2017-03-09,"0.1","calib","mod","wl",10.821578252391,"baseline"
2017-03-09,"0.1","calib","obs","wl",11,"baseline"
2017-03-10,"0.1","calib","mod","wl",10.8154383944998,"baseline"
2017-03-10,"0.1","calib","obs","wl",10.9875,"baseline"
2017-03-11,"0.1","calib","mod","wl",10.8068230694567,"baseline"
2017-03-11,"0.1","calib","obs","wl",10.975,"baseline"
2017-03-12,"0.1","calib","mod","wl",10.7977567244449,"baseline"
2017-03-12,"0.1","calib","obs","wl",10.9625,"baseline"
2017-03-13,"0.1","calib","mod","wl",10.7901442244832,"baseline"
2017-03-13,"0.1","calib","obs","wl",10.95,"baseline"
2017-03-14,"0.1","calib","mod","wl",10.7810601914679,"baseline"
2017-03-14,"0.1","calib","obs","wl",10.9375,"baseline"
2017-03-15,"0.1","calib","mod","wl",10.7737535375738,"baseline"
2017-03-15,"0.1","calib","obs","wl",10.925,"baseline"
2017-03-16,"0.1","calib","mod","wl",10.7657967649687,"baseline"
2017-03-16,"0.1","calib","obs","wl",10.9125,"baseline"
2017-03-17,"0.1","calib","mod","wl",10.7599158405745,"baseline"
2017-03-17,"0.1","calib","obs","wl",10.9,"baseline"
2017-03-17,"0.1","calib","mod","temp",0.31626455415998,"baseline"
2017-03-17,"0.1","calib","obs","temp",5.9,"baseline"
2017-03-17,"0.1","calib","mod","oxy",12.3733521383109,"baseline"
2017-03-17,"0.1","calib","obs","oxy",11.57,"baseline"
2017-03-17,"0.1","calib","mod","nh4",17.1441580199631,"baseline"
2017-03-17,"0.1","calib","obs","nh4",9.99999999999999,"baseline"
2017-03-17,"0.1","calib","mod","no3",5.73370030995174,"baseline"
2017-03-17,"0.1","calib","obs","no3",4,"baseline"
2017-03-17,"0.1","calib","mod","po4",2.69857192384973,"baseline"
2017-03-17,"0.1","calib","obs","po4",7,"baseline"
2017-03-17,"0.1","calib","mod","chla",1.70762116637692,"baseline"
2017-03-17,"0.1","calib","obs","chla",0.7966,"baseline"
2017-03-17,"0.1","calib","obs","din",14,"baseline"
2017-03-17,"0.1","calib","mod","din",22.8778583299148,"baseline"
2017-03-18,"0.1","calib","mod","wl",10.7593763062974,"baseline"
2017-03-18,"0.1","calib","obs","wl",10.9,"baseline"
2017-03-19,"0.1","calib","mod","wl",10.7615825885034,"baseline"
2017-03-19,"0.1","calib","obs","wl",10.9,"baseline"
2017-03-20,"0.1","calib","mod","wl",10.762903321077,"baseline"
2017-03-20,"0.1","calib","obs","wl",10.9,"baseline"
2017-03-21,"0.1","calib","mod","wl",10.763677090713,"baseline"
2017-03-21,"0.1","calib","obs","wl",10.9,"baseline"
2017-03-22,"0.1","calib","mod","wl",10.7638269121823,"baseline"
2017-03-22,"0.1","calib","obs","wl",10.9,"baseline"
2017-03-23,"0.1","calib","mod","wl",10.7624713419473,"baseline"
2017-03-23,"0.1","calib","obs","wl",10.9,"baseline"
2017-03-24,"0.1","calib","mod","wl",10.7639389056589,"baseline"
2017-03-24,"0.1","calib","obs","wl",10.9,"baseline"
2017-03-25,"0.1","calib","mod","wl",10.7668381920221,"baseline"
2017-03-25,"0.1","calib","obs","wl",10.9,"baseline"
2017-03-26,"0.1","calib","mod","wl",10.7667027053528,"baseline"
2017-03-26,"0.1","calib","obs","wl",10.9,"baseline"
2017-03-27,"0.1","calib","mod","wl",10.7692658835798,"baseline"
2017-03-27,"0.1","calib","obs","wl",10.9,"baseline"
2017-03-28,"0.1","calib","mod","wl",10.7682047284798,"baseline"
2017-03-28,"0.1","calib","obs","wl",10.9,"baseline"
2017-03-29,"0.1","calib","mod","wl",10.7681871620558,"baseline"
2017-03-29,"0.1","calib","obs","wl",10.9,"baseline"
2017-03-30,"0.1","calib","mod","wl",10.7670754116984,"baseline"
2017-03-30,"0.1","calib","obs","wl",10.9,"baseline"
2017-03-31,"0.1","calib","mod","wl",10.7648619747296,"baseline"
2017-03-31,"0.1","calib","obs","wl",10.9,"baseline"
2017-04-01,"0.1","calib","mod","wl",10.7661160622498,"baseline"
2017-04-01,"0.1","calib","obs","wl",10.9,"baseline"
2017-04-02,"0.1","calib","mod","wl",10.7661070893462,"baseline"
2017-04-02,"0.1","calib","obs","wl",10.9,"baseline"
2017-04-03,"0.1","calib","mod","wl",10.7656933228158,"baseline"
2017-04-03,"0.1","calib","obs","wl",10.9,"baseline"
2017-04-04,"0.1","calib","mod","wl",10.7628697397278,"baseline"
2017-04-04,"0.1","calib","obs","wl",10.9,"baseline"
2017-04-05,"0.1","calib","mod","wl",10.7601689388991,"baseline"
2017-04-05,"0.1","calib","obs","wl",10.9,"baseline"
2017-04-06,"0.1","calib","mod","wl",10.7614300043577,"baseline"
2017-04-06,"0.1","calib","obs","wl",10.9,"baseline"
2017-04-07,"0.1","calib","mod","wl",10.7617784960893,"baseline"
2017-04-07,"0.1","calib","obs","wl",10.9,"baseline"
2017-04-08,"0.1","calib","mod","wl",10.7613768277084,"baseline"
2017-04-08,"0.1","calib","obs","wl",10.9,"baseline"
2017-04-09,"0.1","calib","mod","wl",10.7632999948957,"baseline"
2017-04-09,"0.1","calib","obs","wl",10.9,"baseline"
2017-04-10,"0.1","calib","mod","wl",10.7618664013374,"baseline"
2017-04-10,"0.1","calib","obs","wl",10.9,"baseline"
2017-04-10,"0.1","calib","mod","temp",13.484741839794,"baseline"
2017-04-10,"0.1","calib","obs","temp",12.3,"baseline"
2017-04-10,"0.1","calib","mod","oxy",10.6964228664292,"baseline"
2017-04-10,"0.1","calib","obs","oxy",10.6,"baseline"
2017-04-10,"0.1","calib","mod","nh4",41.4327416730182,"baseline"
2017-04-10,"0.1","calib","obs","nh4",3.00000000000001,"baseline"
2017-04-10,"0.1","calib","mod","no3",4.09578587506093,"baseline"
2017-04-10,"0.1","calib","obs","no3",14,"baseline"
2017-04-10,"0.1","calib","mod","po4",5.68681635682875,"baseline"
2017-04-10,"0.1","calib","obs","po4",9.99999999999998,"baseline"
2017-04-10,"0.1","calib","mod","chla",0.266461628182971,"baseline"
2017-04-10,"0.1","calib","obs","chla",1.5131,"baseline"
2017-04-10,"0.1","calib","obs","din",17,"baseline"
2017-04-10,"0.1","calib","mod","din",45.5285275480791,"baseline"
2017-04-11,"0.1","calib","mod","wl",10.7608111544166,"baseline"
2017-04-11,"0.1","calib","obs","wl",10.9,"baseline"
2017-04-12,"0.1","calib","mod","wl",10.7599970860743,"baseline"
2017-04-12,"0.1","calib","obs","wl",10.9,"baseline"
2017-04-13,"0.1","calib","mod","wl",10.7588513359943,"baseline"
2017-04-13,"0.1","calib","obs","wl",10.9,"baseline"
2017-04-14,"0.1","calib","mod","wl",10.7600226727115,"baseline"
2017-04-14,"0.1","calib","obs","wl",10.9,"baseline"
2017-04-15,"0.1","calib","mod","wl",10.7599335898645,"baseline"
2017-04-15,"0.1","calib","obs","wl",10.88,"baseline"
2017-04-16,"0.1","calib","mod","wl",10.7472073496896,"baseline"
2017-04-16,"0.1","calib","obs","wl",10.86,"baseline"
2017-04-17,"0.1","calib","mod","wl",10.7316466384326,"baseline"
2017-04-17,"0.1","calib","obs","wl",10.84,"baseline"
2017-04-18,"0.1","calib","mod","wl",10.7145415049921,"baseline"
2017-04-18,"0.1","calib","obs","wl",10.82,"baseline"
2017-04-19,"0.1","calib","mod","wl",10.701506054769,"baseline"
2017-04-19,"0.1","calib","obs","wl",10.8,"baseline"
2017-04-20,"0.1","calib","mod","wl",10.7358748434113,"baseline"
2017-04-20,"0.1","calib","obs","wl",10.85,"baseline"
2017-04-21,"0.1","calib","mod","wl",10.7653211616227,"baseline"
2017-04-21,"0.1","calib","obs","wl",10.9,"baseline"
2017-04-22,"0.1","calib","mod","wl",10.7968695960402,"baseline"
2017-04-22,"0.1","calib","obs","wl",10.95,"baseline"
2017-04-23,"0.1","calib","mod","wl",10.8266813747531,"baseline"
2017-04-23,"0.1","calib","obs","wl",11,"baseline"
2017-04-24,"0.1","calib","mod","wl",10.8641392434248,"baseline"
2017-04-24,"0.1","calib","obs","wl",11.05,"baseline"
2017-04-25,"0.1","calib","mod","wl",10.9083450245106,"baseline"
2017-04-25,"0.1","calib","obs","wl",11.1,"baseline"
2017-04-26,"0.1","calib","mod","wl",10.959997272584,"baseline"
2017-04-26,"0.1","calib","obs","wl",11.15,"baseline"
2017-04-27,"0.1","calib","mod","wl",10.9921031633008,"baseline"
2017-04-27,"0.1","calib","obs","wl",11.2,"baseline"
2017-04-28,"0.1","calib","mod","wl",10.9899626376334,"baseline"
2017-04-28,"0.1","calib","obs","wl",11.2,"baseline"
2017-04-29,"0.1","calib","mod","wl",10.9887479826211,"baseline"
2017-04-29,"0.1","calib","obs","wl",11.2,"baseline"
2017-04-30,"0.1","calib","mod","wl",10.9873678998237,"baseline"
2017-04-30,"0.1","calib","obs","wl",11.2,"baseline"
2017-05-01,"0.1","calib","mod","wl",10.9859503242101,"baseline"
2017-05-01,"0.1","calib","obs","wl",11.2,"baseline"
2017-05-02,"0.1","calib","mod","wl",10.9865249242967,"baseline"
2017-05-02,"0.1","calib","obs","wl",11.2,"baseline"
2017-05-03,"0.1","calib","mod","wl",10.9824837412163,"baseline"
2017-05-03,"0.1","calib","obs","wl",11.2,"baseline"
2017-05-04,"0.1","calib","mod","wl",10.9793402588745,"baseline"
2017-05-04,"0.1","calib","obs","wl",11.2,"baseline"
2017-05-05,"0.1","calib","mod","wl",10.987172090837,"baseline"
2017-05-05,"0.1","calib","obs","wl",11.2,"baseline"
2017-05-05,"0.1","calib","mod","temp",18.7842906424085,"baseline"
2017-05-05,"0.1","calib","obs","temp",18.2,"baseline"
2017-05-05,"0.1","calib","mod","oxy",9.2269191533384,"baseline"
2017-05-05,"0.1","calib","obs","oxy",9.05,"baseline"
2017-05-05,"0.1","calib","mod","nh4",29.2163863376001,"baseline"
2017-05-05,"0.1","calib","obs","nh4",22,"baseline"
2017-05-05,"0.1","calib","mod","no3",3.99203768583052,"baseline"
2017-05-05,"0.1","calib","obs","no3",5,"baseline"
2017-05-05,"0.1","calib","mod","po4",5.73600077732751,"baseline"
2017-05-05,"0.1","calib","obs","po4",9,"baseline"
2017-05-05,"0.1","calib","mod","chla",1.15946863395658,"baseline"
2017-05-05,"0.1","calib","obs","chla",0.9942,"baseline"
2017-05-05,"0.1","calib","obs","din",27,"baseline"
2017-05-05,"0.1","calib","mod","din",33.2084240234306,"baseline"
2017-05-06,"0.1","calib","mod","wl",11.0235037219949,"baseline"
2017-05-06,"0.1","calib","obs","wl",11.2,"baseline"
2017-05-07,"0.1","calib","mod","wl",11.0152878563351,"baseline"
2017-05-07,"0.1","calib","obs","wl",11.2,"baseline"
2017-05-08,"0.1","calib","mod","wl",11.0092005325841,"baseline"
2017-05-08,"0.1","calib","obs","wl",11.2,"baseline"
2017-05-09,"0.1","calib","mod","wl",11.0041449770947,"baseline"
2017-05-09,"0.1","calib","obs","wl",11.2,"baseline"
2017-05-10,"0.1","calib","mod","wl",11.0008958554274,"baseline"
2017-05-10,"0.1","calib","obs","wl",11.2,"baseline"
2017-05-10,"0.1","calib","mod","temp",15.2995014805342,"baseline"
2017-05-10,"0.1","calib","obs","temp",16,"baseline"
2017-05-10,"0.1","calib","mod","oxy",9.60871465291211,"baseline"
2017-05-10,"0.1","calib","obs","oxy",9.13,"baseline"
2017-05-10,"0.1","calib","mod","nh4",23.9689331756768,"baseline"
2017-05-10,"0.1","calib","obs","nh4",7.00000000000001,"baseline"
2017-05-10,"0.1","calib","mod","no3",3.4689683224544,"baseline"
2017-05-10,"0.1","calib","obs","no3",4,"baseline"
2017-05-10,"0.1","calib","mod","po4",4.39003086530741,"baseline"
2017-05-10,"0.1","calib","obs","po4",8,"baseline"
2017-05-10,"0.1","calib","mod","chla",1.64442543964215,"baseline"
2017-05-10,"0.1","calib","obs","chla",1.6801,"baseline"
2017-05-10,"0.1","calib","obs","din",11,"baseline"
2017-05-10,"0.1","calib","mod","din",27.4379014981312,"baseline"
2017-05-11,"0.1","calib","mod","wl",11.0035673198319,"baseline"
2017-05-11,"0.1","calib","obs","wl",11.2,"baseline"
2017-05-12,"0.1","calib","mod","wl",11.004477893295,"baseline"
2017-05-12,"0.1","calib","obs","wl",11.2,"baseline"
2017-05-13,"0.1","calib","mod","wl",11.0114667056921,"baseline"
2017-05-13,"0.1","calib","obs","wl",11.2,"baseline"
2017-05-14,"0.1","calib","mod","wl",11.0145977631668,"baseline"
2017-05-14,"0.1","calib","obs","wl",11.2,"baseline"
2017-05-15,"0.1","calib","mod","wl",11.0109875564117,"baseline"
2017-05-15,"0.1","calib","obs","wl",11.2,"baseline"
2017-05-16,"0.1","calib","mod","wl",11.0079583585317,"baseline"
2017-05-16,"0.1","calib","obs","wl",11.2,"baseline"
2017-05-17,"0.1","calib","mod","wl",11.0052767609533,"baseline"
2017-05-17,"0.1","calib","obs","wl",11.2,"baseline"
2017-05-18,"0.1","calib","mod","wl",11.0035633452072,"baseline"
2017-05-18,"0.1","calib","obs","wl",11.2,"baseline"
2017-05-18,"0.1","calib","mod","temp",21.1965629084541,"baseline"
2017-05-18,"0.1","calib","obs","temp",22.2,"baseline"
2017-05-18,"0.1","calib","mod","oxy",9.38418943260215,"baseline"
2017-05-18,"0.1","calib","obs","oxy",8.8,"baseline"
2017-05-18,"0.1","calib","mod","nh4",27.7277466321866,"baseline"
2017-05-18,"0.1","calib","obs","nh4",5,"baseline"
2017-05-18,"0.1","calib","mod","no3",4.37771000922959,"baseline"
2017-05-18,"0.1","calib","obs","no3",4,"baseline"
2017-05-18,"0.1","calib","mod","po4",3.74672300841886,"baseline"
2017-05-18,"0.1","calib","obs","po4",6,"baseline"
2017-05-18,"0.1","calib","obs","din",9,"baseline"
2017-05-18,"0.1","calib","mod","din",32.1054566414161,"baseline"
2017-05-19,"0.1","calib","mod","wl",11.0025255767962,"baseline"
2017-05-19,"0.1","calib","obs","wl",11.2,"baseline"
2017-05-20,"0.1","calib","mod","wl",11.0013880614346,"baseline"
2017-05-20,"0.1","calib","obs","wl",11.2,"baseline"
2017-05-21,"0.1","calib","mod","wl",11.0041284830695,"baseline"
2017-05-21,"0.1","calib","obs","wl",11.2,"baseline"
2017-05-22,"0.1","calib","mod","wl",11.0024263425658,"baseline"
2017-05-22,"0.1","calib","obs","wl",11.2,"baseline"
2017-05-23,"0.1","calib","mod","wl",11.0093823916354,"baseline"
2017-05-23,"0.1","calib","obs","wl",11.2,"baseline"
2017-05-24,"0.1","calib","mod","wl",11.0147960335807,"baseline"
2017-05-24,"0.1","calib","obs","wl",11.2,"baseline"
2017-05-25,"0.1","calib","mod","wl",11.045056812005,"baseline"
2017-05-25,"0.1","calib","obs","wl",11.2,"baseline"
2017-05-25,"0.1","calib","mod","temp",20.0368373660689,"baseline"
2017-05-25,"0.1","calib","obs","temp",19.4,"baseline"
2017-05-25,"0.1","calib","mod","oxy",8.87199788195596,"baseline"
2017-05-25,"0.1","calib","obs","oxy",9.16,"baseline"
2017-05-25,"0.1","calib","mod","nh4",26.0853587729334,"baseline"
2017-05-25,"0.1","calib","obs","nh4",11,"baseline"
2017-05-25,"0.1","calib","mod","no3",5.24275322749642,"baseline"
2017-05-25,"0.1","calib","obs","no3",5,"baseline"
2017-05-25,"0.1","calib","mod","po4",3.23434251688091,"baseline"
2017-05-25,"0.1","calib","obs","po4",7,"baseline"
2017-05-25,"0.1","calib","obs","din",16,"baseline"
2017-05-25,"0.1","calib","mod","din",31.3281120004299,"baseline"
2017-05-26,"0.1","calib","mod","wl",11.0521468870617,"baseline"
2017-05-26,"0.1","calib","obs","wl",11.2,"baseline"
2017-05-27,"0.1","calib","mod","wl",11.0449598616336,"baseline"
2017-05-27,"0.1","calib","obs","wl",11.2,"baseline"
2017-05-28,"0.1","calib","mod","wl",11.0402990392667,"baseline"
2017-05-28,"0.1","calib","obs","wl",11.2,"baseline"
2017-05-29,"0.1","calib","mod","wl",11.037367894564,"baseline"
2017-05-29,"0.1","calib","obs","wl",11.2,"baseline"
2017-05-30,"0.1","calib","mod","wl",11.0342474997215,"baseline"
2017-05-30,"0.1","calib","obs","wl",11.2,"baseline"
2017-05-30,"0.1","calib","mod","temp",21.8549211946104,"baseline"
2017-05-30,"0.1","calib","obs","temp",22.3,"baseline"
2017-05-30,"0.1","calib","mod","oxy",8.89458210881629,"baseline"
2017-05-30,"0.1","calib","obs","oxy",9.02,"baseline"
2017-05-30,"0.1","calib","mod","nh4",20.4007984604268,"baseline"
2017-05-30,"0.1","calib","obs","nh4",7.00000000000001,"baseline"
2017-05-30,"0.1","calib","mod","no3",5.83073483770216,"baseline"
2017-05-30,"0.1","calib","obs","no3",5,"baseline"
2017-05-30,"0.1","calib","mod","po4",3.43200345918735,"baseline"
2017-05-30,"0.1","calib","obs","po4",7,"baseline"
2017-05-30,"0.1","calib","obs","din",12,"baseline"
2017-05-30,"0.1","calib","mod","din",26.2315332981289,"baseline"
2017-05-31,"0.1","calib","mod","wl",11.0317430435101,"baseline"
2017-05-31,"0.1","calib","obs","wl",11.2,"baseline"
2017-06-01,"0.1","calib","mod","wl",11.0297024346447,"baseline"
2017-06-01,"0.1","calib","obs","wl",11.2,"baseline"
2017-06-01,"0.1","calib","mod","temp",22.7481445336686,"baseline"
2017-06-01,"0.1","calib","obs","temp",22.8,"baseline"
2017-06-01,"0.1","calib","mod","oxy",8.7977088830142,"baseline"
2017-06-01,"0.1","calib","obs","oxy",9.3,"baseline"
2017-06-01,"0.1","calib","mod","nh4",22.5525403683621,"baseline"
2017-06-01,"0.1","calib","obs","nh4",8,"baseline"
2017-06-01,"0.1","calib","mod","no3",4.80773452145008,"baseline"
2017-06-01,"0.1","calib","obs","no3",4,"baseline"
2017-06-01,"0.1","calib","mod","po4",3.41947639826653,"baseline"
2017-06-01,"0.1","calib","obs","po4",9,"baseline"
2017-06-01,"0.1","calib","obs","din",12,"baseline"
2017-06-01,"0.1","calib","mod","din",27.3602748898122,"baseline"
2017-06-02,"0.1","calib","mod","wl",11.0281310088508,"baseline"
2017-06-02,"0.1","calib","obs","wl",11.2,"baseline"
2017-06-03,"0.1","calib","mod","wl",11.0248647022932,"baseline"
2017-06-03,"0.1","calib","obs","wl",11.2,"baseline"
2017-06-04,"0.1","calib","mod","wl",11.0218283173863,"baseline"
2017-06-04,"0.1","calib","obs","wl",11.2,"baseline"
2017-06-05,"0.1","calib","mod","wl",11.0209379226484,"baseline"
2017-06-05,"0.1","calib","obs","wl",11.2,"baseline"
2017-06-06,"0.1","calib","mod","wl",11.036843358785,"baseline"
2017-06-06,"0.1","calib","obs","wl",11.2,"baseline"
2017-06-07,"0.1","calib","mod","wl",11.0314947230622,"baseline"
2017-06-07,"0.1","calib","obs","wl",11.2,"baseline"
2017-06-08,"0.1","calib","mod","wl",11.027106913248,"baseline"
2017-06-08,"0.1","calib","obs","wl",11.2,"baseline"
2017-06-08,"0.1","calib","mod","temp",22.2213871438341,"baseline"
2017-06-08,"0.1","calib","obs","temp",21,"baseline"
2017-06-08,"0.1","calib","mod","oxy",8.71494780588854,"baseline"
2017-06-08,"0.1","calib","obs","oxy",9.17,"baseline"
2017-06-08,"0.1","calib","mod","nh4",22.5482972338,"baseline"
2017-06-08,"0.1","calib","obs","nh4",8,"baseline"
2017-06-08,"0.1","calib","mod","no3",4.25127822735679,"baseline"
2017-06-08,"0.1","calib","obs","no3",2,"baseline"
2017-06-08,"0.1","calib","mod","po4",3.68082654845795,"baseline"
2017-06-08,"0.1","calib","obs","po4",7,"baseline"
2017-06-08,"0.1","calib","obs","din",10,"baseline"
2017-06-08,"0.1","calib","mod","din",26.7995754611568,"baseline"
2017-06-09,"0.1","calib","mod","wl",11.0258788117143,"baseline"
2017-06-09,"0.1","calib","obs","wl",11.2,"baseline"
2017-06-10,"0.1","calib","mod","wl",11.0231340015553,"baseline"
2017-06-10,"0.1","calib","obs","wl",11.2,"baseline"
2017-06-11,"0.1","calib","mod","wl",11.0208426370876,"baseline"
2017-06-11,"0.1","calib","obs","wl",11.2,"baseline"
2017-06-12,"0.1","calib","mod","wl",11.0193702559763,"baseline"
2017-06-12,"0.1","calib","obs","wl",11.2,"baseline"
2017-06-13,"0.1","calib","mod","wl",11.0177311934274,"baseline"
2017-06-13,"0.1","calib","obs","wl",11.2,"baseline"
2017-06-14,"0.1","calib","mod","wl",11.0333922858402,"baseline"
2017-06-14,"0.1","calib","obs","wl",11.2,"baseline"
2017-06-15,"0.1","calib","mod","wl",11.0337302833641,"baseline"
2017-06-15,"0.1","calib","obs","wl",11.2,"baseline"
2017-06-15,"0.1","calib","mod","nh4",26.5398375180764,"baseline"
2017-06-15,"0.1","calib","obs","nh4",14,"baseline"
2017-06-15,"0.1","calib","mod","no3",4.76948609308674,"baseline"
2017-06-15,"0.1","calib","obs","no3",5,"baseline"
2017-06-15,"0.1","calib","mod","po4",4.22787486977081,"baseline"
2017-06-15,"0.1","calib","obs","po4",9,"baseline"
2017-06-15,"0.1","calib","obs","din",19,"baseline"
2017-06-15,"0.1","calib","mod","din",31.3093236111631,"baseline"
2017-06-16,"0.1","calib","mod","wl",11.0395504483074,"baseline"
2017-06-16,"0.1","calib","obs","wl",11.2,"baseline"
2017-06-17,"0.1","calib","mod","wl",11.0280509880135,"baseline"
2017-06-17,"0.1","calib","obs","wl",11.1857142857143,"baseline"
2017-06-18,"0.1","calib","mod","wl",11.0367766588164,"baseline"
2017-06-18,"0.1","calib","obs","wl",11.1714285714286,"baseline"
2017-06-19,"0.1","calib","mod","wl",11.0246987972896,"baseline"
2017-06-19,"0.1","calib","obs","wl",11.1571428571429,"baseline"
2017-06-20,"0.1","calib","mod","wl",11.0223424004009,"baseline"
2017-06-20,"0.1","calib","obs","wl",11.1428571428571,"baseline"
2017-06-21,"0.1","calib","mod","wl",11.0071885952461,"baseline"
2017-06-21,"0.1","calib","obs","wl",11.1285714285714,"baseline"
2017-06-22,"0.1","calib","mod","wl",10.9935095395934,"baseline"
2017-06-22,"0.1","calib","obs","wl",11.1142857142857,"baseline"
2017-06-22,"0.1","calib","mod","temp",26.4510484903193,"baseline"
2017-06-22,"0.1","calib","obs","temp",25.8,"baseline"
2017-06-22,"0.1","calib","mod","oxy",8.21112860238206,"baseline"
2017-06-22,"0.1","calib","obs","oxy",8.83,"baseline"
2017-06-22,"0.1","calib","mod","nh4",22.4220743263479,"baseline"
2017-06-22,"0.1","calib","obs","nh4",19.9999999999999,"baseline"
2017-06-22,"0.1","calib","mod","no3",6.53935647178663,"baseline"
2017-06-22,"0.1","calib","obs","no3",5,"baseline"
2017-06-22,"0.1","calib","mod","po4",3.44412143001723,"baseline"
2017-06-22,"0.1","calib","obs","po4",7,"baseline"
2017-06-22,"0.1","calib","obs","din",24.9999999999999,"baseline"
2017-06-22,"0.1","calib","mod","din",28.9614307981345,"baseline"
2017-06-23,"0.1","calib","mod","wl",10.9797432927623,"baseline"
2017-06-23,"0.1","calib","obs","wl",11.1,"baseline"
2017-06-24,"0.1","calib","mod","wl",10.9553250191422,"baseline"
2017-06-24,"0.1","calib","obs","wl",11.0666666666667,"baseline"
2017-06-25,"0.1","calib","mod","wl",10.9301849798295,"baseline"
2017-06-25,"0.1","calib","obs","wl",11.0333333333333,"baseline"
2017-06-26,"0.1","calib","mod","wl",10.902115121569,"baseline"
2017-06-26,"0.1","calib","obs","wl",11,"baseline"
2017-06-27,"0.1","calib","mod","wl",10.8765788717151,"baseline"
2017-06-27,"0.1","calib","obs","wl",10.9666666666667,"baseline"
2017-06-28,"0.1","calib","mod","wl",10.8509708200038,"baseline"
2017-06-28,"0.1","calib","obs","wl",10.9333333333333,"baseline"
2017-06-29,"0.1","calib","mod","wl",10.8264108936188,"baseline"
2017-06-29,"0.1","calib","obs","wl",10.9,"baseline"
2017-06-29,"0.1","calib","mod","temp",24.7072305313892,"baseline"
2017-06-29,"0.1","calib","obs","temp",25.1,"baseline"
2017-06-29,"0.1","calib","mod","oxy",8.40045180070915,"baseline"
2017-06-29,"0.1","calib","obs","oxy",9.05,"baseline"
2017-06-29,"0.1","calib","mod","nh4",26.1428104390254,"baseline"
2017-06-29,"0.1","calib","obs","nh4",9,"baseline"
2017-06-29,"0.1","calib","mod","no3",5.26538801871576,"baseline"
2017-06-29,"0.1","calib","obs","no3",2,"baseline"
2017-06-29,"0.1","calib","mod","po4",4.61232119502126,"baseline"
2017-06-29,"0.1","calib","obs","po4",8,"baseline"
2017-06-29,"0.1","calib","obs","din",11,"baseline"
2017-06-29,"0.1","calib","mod","din",31.4081984577412,"baseline"
2017-06-30,"0.1","calib","mod","wl",10.792557421441,"baseline"
2017-06-30,"0.1","calib","obs","wl",10.85,"baseline"
2017-07-01,"0.1","calib","mod","wl",10.7584817393337,"baseline"
2017-07-01,"0.1","calib","obs","wl",10.8,"baseline"
2017-07-02,"0.1","calib","mod","wl",10.7242275592551,"baseline"
2017-07-02,"0.1","calib","obs","wl",10.75,"baseline"
2017-07-03,"0.1","calib","mod","wl",10.6888658084627,"baseline"
2017-07-03,"0.1","calib","obs","wl",10.7,"baseline"
2017-07-04,"0.1","calib","mod","wl",10.6528226651543,"baseline"
2017-07-04,"0.1","calib","obs","wl",10.65,"baseline"
2017-07-05,"0.1","calib","mod","wl",10.617851498167,"baseline"
2017-07-05,"0.1","calib","obs","wl",10.6,"baseline"
2017-07-06,"0.1","calib","mod","wl",10.5893861164862,"baseline"
2017-07-06,"0.1","calib","obs","wl",10.55,"baseline"
2017-07-07,"0.1","calib","mod","wl",10.5727840983593,"baseline"
2017-07-07,"0.1","calib","obs","wl",10.5,"baseline"
2017-07-07,"0.1","calib","mod","temp",27.3014149969617,"baseline"
2017-07-07,"0.1","calib","obs","temp",26.1,"baseline"
2017-07-07,"0.1","calib","mod","oxy",8.32989412662268,"baseline"
2017-07-07,"0.1","calib","obs","oxy",8.49,"baseline"
2017-07-07,"0.1","calib","mod","nh4",45.7510631271967,"baseline"
2017-07-07,"0.1","calib","obs","nh4",13,"baseline"
2017-07-07,"0.1","calib","mod","no3",4.67613840689562,"baseline"
2017-07-07,"0.1","calib","obs","no3",4,"baseline"
2017-07-07,"0.1","calib","mod","po4",8.35925559393622,"baseline"
2017-07-07,"0.1","calib","obs","po4",8,"baseline"
2017-07-07,"0.1","calib","obs","din",17,"baseline"
2017-07-07,"0.1","calib","mod","din",50.4272015340923,"baseline"
2017-07-08,"0.1","calib","mod","wl",10.5193946142502,"baseline"
2017-07-08,"0.1","calib","obs","wl",10.4285714285714,"baseline"
2017-07-09,"0.1","calib","mod","wl",10.4664632145227,"baseline"
2017-07-09,"0.1","calib","obs","wl",10.3571428571429,"baseline"
2017-07-10,"0.1","calib","mod","wl",10.4140887401729,"baseline"
2017-07-10,"0.1","calib","obs","wl",10.2857142857143,"baseline"
2017-07-11,"0.1","calib","mod","wl",10.36200950404,"baseline"
2017-07-11,"0.1","calib","obs","wl",10.2142857142857,"baseline"
2017-07-12,"0.1","calib","mod","wl",10.3096954040148,"baseline"
2017-07-12,"0.1","calib","obs","wl",10.1428571428571,"baseline"
2017-07-13,"0.1","calib","mod","wl",10.2571886545947,"baseline"
2017-07-13,"0.1","calib","obs","wl",10.0714285714286,"baseline"
2017-07-13,"0.1","calib","mod","temp",26.9304686357109,"baseline"
2017-07-13,"0.1","calib","obs","temp",31.9,"baseline"
2017-07-13,"0.1","calib","mod","oxy",8.70442625735616,"baseline"
2017-07-13,"0.1","calib","obs","oxy",8.39,"baseline"
2017-07-14,"0.1","calib","mod","wl",10.2051902599444,"baseline"
2017-07-14,"0.1","calib","obs","wl",10,"baseline"
2017-07-15,"0.1","calib","mod","wl",10.1788467534913,"baseline"
2017-07-15,"0.1","calib","obs","wl",9.96,"baseline"
2017-07-16,"0.1","calib","mod","wl",10.1517277176154,"baseline"
2017-07-16,"0.1","calib","obs","wl",9.92,"baseline"
2017-07-17,"0.1","calib","mod","wl",10.1244853244829,"baseline"
2017-07-17,"0.1","calib","obs","wl",9.88,"baseline"
2017-07-18,"0.1","calib","mod","wl",10.0979112891713,"baseline"
2017-07-18,"0.1","calib","obs","wl",9.84,"baseline"
2017-07-19,"0.1","calib","mod","wl",10.089848485712,"baseline"
2017-07-19,"0.1","calib","obs","wl",9.8,"baseline"
2017-07-19,"0.1","calib","mod","nh4",54.1637132971449,"baseline"
2017-07-19,"0.1","calib","obs","nh4",9.99999999999999,"baseline"
2017-07-19,"0.1","calib","mod","no3",4.0186567987976,"baseline"
2017-07-19,"0.1","calib","obs","no3",4,"baseline"
2017-07-19,"0.1","calib","mod","po4",7.9245386438058,"baseline"
2017-07-19,"0.1","calib","obs","po4",14,"baseline"
2017-07-19,"0.1","calib","obs","din",14,"baseline"
2017-07-19,"0.1","calib","mod","din",58.1823700959425,"baseline"
2017-07-20,"0.1","calib","mod","wl",10.0786816893761,"baseline"
2017-07-20,"0.1","calib","obs","wl",9.78888888888889,"baseline"
2017-07-20,"0.1","calib","mod","temp",27.1340621107492,"baseline"
2017-07-20,"0.1","calib","obs","temp",29.5,"baseline"
2017-07-20,"0.1","calib","mod","oxy",8.53077654117095,"baseline"
2017-07-20,"0.1","calib","obs","oxy",9.12,"baseline"
2017-07-20,"0.1","calib","mod","nh4",48.3152259858065,"baseline"
2017-07-20,"0.1","calib","obs","nh4",17,"baseline"
2017-07-20,"0.1","calib","mod","no3",4.103973711964,"baseline"
2017-07-20,"0.1","calib","obs","no3",6,"baseline"
2017-07-20,"0.1","calib","mod","po4",7.35142223719716,"baseline"
2017-07-20,"0.1","calib","obs","po4",24,"baseline"
2017-07-20,"0.1","calib","obs","din",23,"baseline"
2017-07-20,"0.1","calib","mod","din",52.4191996977705,"baseline"
2017-07-21,"0.1","calib","mod","wl",10.068267910579,"baseline"
2017-07-21,"0.1","calib","obs","wl",9.77777777777778,"baseline"
2017-07-22,"0.1","calib","mod","wl",10.0605158553825,"baseline"
2017-07-22,"0.1","calib","obs","wl",9.76666666666667,"baseline"
2017-07-23,"0.1","calib","mod","wl",10.0511650114833,"baseline"
2017-07-23,"0.1","calib","obs","wl",9.75555555555556,"baseline"
2017-07-24,"0.1","calib","mod","wl",10.0420627586957,"baseline"
2017-07-24,"0.1","calib","obs","wl",9.74444444444444,"baseline"
2017-07-25,"0.1","calib","mod","wl",10.0475694640441,"baseline"
2017-07-25,"0.1","calib","obs","wl",9.73333333333333,"baseline"
2017-07-26,"0.1","calib","mod","wl",10.0358814113507,"baseline"
2017-07-26,"0.1","calib","obs","wl",9.72222222222222,"baseline"
2017-07-27,"0.1","calib","mod","wl",10.0257550267645,"baseline"
2017-07-27,"0.1","calib","obs","wl",9.71111111111111,"baseline"
2017-07-27,"0.1","calib","mod","temp",25.597617322157,"baseline"
2017-07-27,"0.1","calib","obs","temp",27,"baseline"
2017-07-27,"0.1","calib","mod","oxy",8.52540554081778,"baseline"
2017-07-27,"0.1","calib","obs","oxy",8.21,"baseline"
2017-07-28,"0.1","calib","mod","wl",10.0193439762447,"baseline"
2017-07-28,"0.1","calib","obs","wl",9.7,"baseline"
2017-07-29,"0.1","calib","mod","wl",10.0303056993442,"baseline"
2017-07-29,"0.1","calib","obs","wl",9.71538461538461,"baseline"
2017-07-30,"0.1","calib","mod","wl",10.0368984394115,"baseline"
2017-07-30,"0.1","calib","obs","wl",9.73076923076923,"baseline"
2017-07-31,"0.1","calib","mod","wl",10.0433230217521,"baseline"
2017-07-31,"0.1","calib","obs","wl",9.74615384615385,"baseline"
2017-08-01,"0.1","calib","mod","wl",10.0507260368278,"baseline"
2017-08-01,"0.1","calib","obs","wl",9.76153846153846,"baseline"
2017-08-02,"0.1","calib","mod","wl",10.0591984755776,"baseline"
2017-08-02,"0.1","calib","obs","wl",9.77692307692308,"baseline"
2017-08-03,"0.1","calib","mod","wl",10.0710222837334,"baseline"
2017-08-03,"0.1","calib","obs","wl",9.79230769230769,"baseline"
2017-08-03,"0.1","calib","mod","temp",25.2863055966403,"baseline"
2017-08-03,"0.1","calib","obs","temp",25.6,"baseline"
2017-08-03,"0.1","calib","mod","oxy",8.87939359730857,"baseline"
2017-08-03,"0.1","calib","obs","oxy",8.44,"baseline"
2017-08-03,"0.1","calib","mod","nh4",51.3403343421401,"baseline"
2017-08-03,"0.1","calib","obs","nh4",7.00000000000001,"baseline"
2017-08-03,"0.1","calib","mod","no3",5.57620360776868,"baseline"
2017-08-03,"0.1","calib","obs","no3",4,"baseline"
2017-08-03,"0.1","calib","mod","po4",4.50868998009227,"baseline"
2017-08-03,"0.1","calib","obs","po4",13,"baseline"
2017-08-03,"0.1","calib","obs","din",11,"baseline"
2017-08-03,"0.1","calib","mod","din",56.9165379499088,"baseline"
2017-08-04,"0.1","calib","mod","wl",10.0789246908327,"baseline"
2017-08-04,"0.1","calib","obs","wl",9.80769230769231,"baseline"
2017-08-05,"0.1","calib","mod","wl",10.0868657442455,"baseline"
2017-08-05,"0.1","calib","obs","wl",9.82307692307692,"baseline"
2017-08-06,"0.1","calib","mod","wl",10.092825686106,"baseline"
2017-08-06,"0.1","calib","obs","wl",9.83846153846154,"baseline"
2017-08-07,"0.1","calib","mod","wl",10.0998368514661,"baseline"
2017-08-07,"0.1","calib","obs","wl",9.85384615384615,"baseline"
2017-08-08,"0.1","calib","mod","wl",10.1214624331091,"baseline"
2017-08-08,"0.1","calib","obs","wl",9.86923076923077,"baseline"
2017-08-09,"0.1","calib","mod","wl",10.1313012156112,"baseline"
2017-08-09,"0.1","calib","obs","wl",9.88461538461539,"baseline"
2017-08-10,"0.1","calib","mod","wl",10.1379242153721,"baseline"
2017-08-10,"0.1","calib","obs","wl",9.9,"baseline"
2017-08-10,"0.1","calib","mod","temp",24.5155981034016,"baseline"
2017-08-10,"0.1","calib","obs","temp",24.7,"baseline"
2017-08-10,"0.1","calib","mod","oxy",8.90592587937806,"baseline"
2017-08-10,"0.1","calib","obs","oxy",8.56,"baseline"
2017-08-10,"0.1","calib","mod","nh4",45.3883827458817,"baseline"
2017-08-10,"0.1","calib","obs","nh4",22.9999999999999,"baseline"
2017-08-10,"0.1","calib","mod","no3",3.89218024290545,"baseline"
2017-08-10,"0.1","calib","obs","no3",6,"baseline"
2017-08-10,"0.1","calib","mod","po4",4.49203992122326,"baseline"
2017-08-10,"0.1","calib","obs","po4",5,"baseline"
2017-08-10,"0.1","calib","obs","din",28.9999999999999,"baseline"
2017-08-10,"0.1","calib","mod","din",49.2805629887871,"baseline"
2017-08-11,"0.1","calib","mod","wl",10.1355355433229,"baseline"
2017-08-11,"0.1","calib","obs","wl",9.9,"baseline"
2017-08-12,"0.1","calib","mod","wl",10.1351435705257,"baseline"
2017-08-12,"0.1","calib","obs","wl",9.9,"baseline"
2017-08-13,"0.1","calib","mod","wl",10.1348411748423,"baseline"
2017-08-13,"0.1","calib","obs","wl",9.9,"baseline"
2017-08-14,"0.1","calib","mod","wl",10.1334107695001,"baseline"
2017-08-14,"0.1","calib","obs","wl",9.9,"baseline"
2017-08-15,"0.1","calib","mod","wl",10.1335418938152,"baseline"
2017-08-15,"0.1","calib","obs","wl",9.9,"baseline"
2017-08-16,"0.1","calib","mod","wl",10.1335829072039,"baseline"
2017-08-16,"0.1","calib","obs","wl",9.9,"baseline"
2017-08-17,"0.1","calib","mod","wl",10.132381415309,"baseline"
2017-08-17,"0.1","calib","obs","wl",9.9,"baseline"
2017-08-17,"0.1","calib","mod","temp",25.7931020765573,"baseline"
2017-08-17,"0.1","calib","obs","temp",30.3,"baseline"
2017-08-17,"0.1","calib","mod","oxy",9.00181695536275,"baseline"
2017-08-17,"0.1","calib","obs","oxy",8.68,"baseline"
2017-08-17,"0.1","calib","mod","nh4",59.1427131750691,"baseline"
2017-08-17,"0.1","calib","obs","nh4",12,"baseline"
2017-08-17,"0.1","calib","mod","no3",3.72294694053191,"baseline"
2017-08-17,"0.1","calib","obs","no3",4,"baseline"
2017-08-17,"0.1","calib","mod","po4",5.06400150752967,"baseline"
2017-08-17,"0.1","calib","obs","po4",5,"baseline"
2017-08-17,"0.1","calib","obs","din",16,"baseline"
2017-08-17,"0.1","calib","mod","din",62.865660115601,"baseline"
2017-08-18,"0.1","calib","mod","wl",10.134298546695,"baseline"
2017-08-18,"0.1","calib","obs","wl",9.9,"baseline"
2017-08-19,"0.1","calib","mod","wl",10.1416643134584,"baseline"
2017-08-19,"0.1","calib","obs","wl",9.91428571428571,"baseline"
2017-08-20,"0.1","calib","mod","wl",10.1480983123321,"baseline"
2017-08-20,"0.1","calib","obs","wl",9.92857142857143,"baseline"
2017-08-21,"0.1","calib","mod","wl",10.1550494985806,"baseline"
2017-08-21,"0.1","calib","obs","wl",9.94285714285714,"baseline"
2017-08-22,"0.1","calib","mod","wl",10.1629886806544,"baseline"
2017-08-22,"0.1","calib","obs","wl",9.95714285714286,"baseline"
2017-08-23,"0.1","calib","mod","wl",10.1705240067597,"baseline"
2017-08-23,"0.1","calib","obs","wl",9.97142857142857,"baseline"
2017-08-24,"0.1","calib","mod","wl",10.1774367176161,"baseline"
2017-08-24,"0.1","calib","obs","wl",9.98571428571429,"baseline"
2017-08-24,"0.1","calib","mod","temp",26.7975471689564,"baseline"
2017-08-24,"0.1","calib","obs","temp",26,"baseline"
2017-08-24,"0.1","calib","mod","oxy",8.71401308789465,"baseline"
2017-08-24,"0.1","calib","obs","oxy",8.34,"baseline"
2017-08-24,"0.1","calib","mod","nh4",59.8033122885006,"baseline"
2017-08-24,"0.1","calib","obs","nh4",7.00000000000001,"baseline"
2017-08-24,"0.1","calib","mod","no3",3.85139254568313,"baseline"
2017-08-24,"0.1","calib","obs","no3",0,"baseline"
2017-08-24,"0.1","calib","mod","po4",5.51632149530761,"baseline"
2017-08-24,"0.1","calib","obs","po4",4,"baseline"
2017-08-24,"0.1","calib","obs","din",7.00000000000001,"baseline"
2017-08-24,"0.1","calib","mod","din",63.6547048341837,"baseline"
2017-08-25,"0.1","calib","mod","wl",10.1834181061278,"baseline"
2017-08-25,"0.1","calib","obs","wl",10,"baseline"
2017-08-26,"0.1","calib","mod","wl",10.1798472885901,"baseline"
2017-08-26,"0.1","calib","obs","wl",10,"baseline"
2017-08-27,"0.1","calib","mod","wl",10.1780882873311,"baseline"
2017-08-27,"0.1","calib","obs","wl",10,"baseline"
2017-08-28,"0.1","calib","mod","wl",10.1765780782807,"baseline"
2017-08-28,"0.1","calib","obs","wl",10,"baseline"
2017-08-29,"0.1","calib","mod","wl",10.1742103328192,"baseline"
2017-08-29,"0.1","calib","obs","wl",10,"baseline"
2017-08-30,"0.1","calib","mod","wl",10.174630313183,"baseline"
2017-08-30,"0.1","calib","obs","wl",10,"baseline"
2017-08-31,"0.1","calib","mod","wl",10.1770344007608,"baseline"
2017-08-31,"0.1","calib","obs","wl",10,"baseline"
2017-09-01,"0.1","calib","mod","wl",10.174529225833,"baseline"
2017-09-01,"0.1","calib","obs","wl",10,"baseline"
2017-09-02,"0.1","calib","mod","wl",10.1745180401905,"baseline"
2017-09-02,"0.1","calib","obs","wl",10,"baseline"
2017-09-03,"0.1","calib","mod","wl",10.1771025449655,"baseline"
2017-09-03,"0.1","calib","obs","wl",10,"baseline"
2017-09-04,"0.1","calib","mod","wl",10.1742008145087,"baseline"
2017-09-04,"0.1","calib","obs","wl",10,"baseline"
2017-09-05,"0.1","calib","mod","wl",10.1723982115753,"baseline"
2017-09-05,"0.1","calib","obs","wl",10,"baseline"
2017-09-05,"0.1","calib","mod","temp",22.0349265765141,"baseline"
2017-09-05,"0.1","calib","obs","temp",24.3,"baseline"
2017-09-05,"0.1","calib","mod","oxy",9.58626255669849,"baseline"
2017-09-05,"0.1","calib","obs","oxy",9.46,"baseline"
2017-09-05,"0.1","calib","mod","nh4",45.9518647802984,"baseline"
2017-09-05,"0.1","calib","obs","nh4",25.9999999999999,"baseline"
2017-09-05,"0.1","calib","mod","no3",3.28867772225861,"baseline"
2017-09-05,"0.1","calib","obs","no3",5,"baseline"
2017-09-05,"0.1","calib","mod","po4",5.43067595242953,"baseline"
2017-09-05,"0.1","calib","obs","din",30.9999999999999,"baseline"
2017-09-05,"0.1","calib","mod","din",49.240542502557,"baseline"
2017-09-06,"0.1","calib","mod","wl",10.1710148434016,"baseline"
2017-09-06,"0.1","calib","obs","wl",10,"baseline"
2017-09-07,"0.1","calib","mod","wl",10.1786193223405,"baseline"
2017-09-07,"0.1","calib","obs","wl",10,"baseline"
2017-09-08,"0.1","calib","mod","wl",10.1752874917723,"baseline"
2017-09-08,"0.1","calib","obs","wl",10,"baseline"
2017-09-09,"0.1","calib","mod","wl",10.172498029502,"baseline"
2017-09-09,"0.1","calib","obs","wl",10,"baseline"
2017-09-10,"0.1","calib","mod","wl",10.1701908608155,"baseline"
2017-09-10,"0.1","calib","obs","wl",10,"baseline"
2017-09-11,"0.1","calib","mod","wl",10.1685471329312,"baseline"
2017-09-11,"0.1","calib","obs","wl",10,"baseline"
2017-09-12,"0.1","calib","mod","wl",10.1669324071281,"baseline"
2017-09-12,"0.1","calib","obs","wl",10,"baseline"
2017-09-13,"0.1","calib","mod","wl",10.1700497765226,"baseline"
2017-09-13,"0.1","calib","obs","wl",10,"baseline"
2017-09-14,"0.1","calib","mod","wl",10.1782799557516,"baseline"
2017-09-14,"0.1","calib","obs","wl",10.0111111111111,"baseline"
2017-09-15,"0.1","calib","mod","wl",10.1853894321004,"baseline"
2017-09-15,"0.1","calib","obs","wl",10.0222222222222,"baseline"
2017-09-16,"0.1","calib","mod","wl",10.1919011701178,"baseline"
2017-09-16,"0.1","calib","obs","wl",10.0333333333333,"baseline"
2017-09-17,"0.1","calib","mod","wl",10.1990912939913,"baseline"
2017-09-17,"0.1","calib","obs","wl",10.0444444444444,"baseline"
2017-09-18,"0.1","calib","mod","wl",10.2063586239076,"baseline"
2017-09-18,"0.1","calib","obs","wl",10.0555555555556,"baseline"
2017-09-19,"0.1","calib","mod","wl",10.2137036111364,"baseline"
2017-09-19,"0.1","calib","obs","wl",10.0666666666667,"baseline"
2017-09-19,"0.1","calib","mod","temp",21.79885173838,"baseline"
2017-09-19,"0.1","calib","obs","temp",24.6,"baseline"
2017-09-19,"0.1","calib","mod","oxy",10.2539936128645,"baseline"
2017-09-19,"0.1","calib","obs","oxy",9.89,"baseline"
2017-09-19,"0.1","calib","mod","nh4",72.6690373412639,"baseline"
2017-09-19,"0.1","calib","obs","nh4",11,"baseline"
2017-09-19,"0.1","calib","mod","no3",2.32013004956989,"baseline"
2017-09-19,"0.1","calib","obs","no3",2,"baseline"
2017-09-19,"0.1","calib","mod","po4",4.89905764043606,"baseline"
2017-09-19,"0.1","calib","obs","po4",9,"baseline"
2017-09-19,"0.1","calib","obs","din",13,"baseline"
2017-09-19,"0.1","calib","mod","din",74.9891673908338,"baseline"
2017-09-20,"0.1","calib","mod","wl",10.2206438243394,"baseline"
2017-09-20,"0.1","calib","obs","wl",10.0777777777778,"baseline"
2017-09-21,"0.1","calib","mod","wl",10.2276755473939,"baseline"
2017-09-21,"0.1","calib","obs","wl",10.0888888888889,"baseline"
2017-09-22,"0.1","calib","mod","wl",10.2345990447475,"baseline"
2017-09-22,"0.1","calib","obs","wl",10.1,"baseline"
2017-09-23,"0.1","calib","mod","wl",10.2337000131649,"baseline"
2017-09-23,"0.1","calib","obs","wl",10.1,"baseline"
2017-09-24,"0.1","calib","mod","wl",10.2324795166469,"baseline"
2017-09-24,"0.1","calib","obs","wl",10.1,"baseline"
2017-09-25,"0.1","calib","mod","wl",10.2309462312297,"baseline"
2017-09-25,"0.1","calib","obs","wl",10.1,"baseline"
2017-09-26,"0.1","calib","mod","wl",10.2298801912192,"baseline"
2017-09-26,"0.1","calib","obs","wl",10.1,"baseline"
2017-09-27,"0.1","calib","mod","wl",10.2288665127387,"baseline"
2017-09-27,"0.1","calib","obs","wl",10.1,"baseline"
2017-09-28,"0.1","calib","mod","wl",10.2264783835104,"baseline"
2017-09-28,"0.1","calib","obs","wl",10.1,"baseline"
2017-09-29,"0.1","calib","mod","wl",10.224072953242,"baseline"
2017-09-29,"0.1","calib","obs","wl",10.1,"baseline"
2017-09-30,"0.1","calib","mod","wl",10.2213220675931,"baseline"
2017-09-30,"0.1","calib","obs","wl",10.1,"baseline"
2017-10-01,"0.1","calib","mod","wl",10.2162542271556,"baseline"
2017-10-01,"0.1","calib","obs","wl",10.1,"baseline"
2017-10-02,"0.1","calib","mod","wl",10.2140756842713,"baseline"
2017-10-02,"0.1","calib","obs","wl",10.1,"baseline"
2017-10-03,"0.1","calib","mod","wl",10.2129076569164,"baseline"
2017-10-03,"0.1","calib","obs","wl",10.1,"baseline"
2017-10-03,"0.1","calib","mod","temp",21.1733103817028,"baseline"
2017-10-03,"0.1","calib","obs","temp",20.6,"baseline"
2017-10-03,"0.1","calib","mod","oxy",10.4014613565935,"baseline"
2017-10-03,"0.1","calib","obs","oxy",8.97,"baseline"
2017-10-03,"0.1","calib","mod","nh4",7.00411890468193,"baseline"
2017-10-03,"0.1","calib","obs","nh4",11,"baseline"
2017-10-03,"0.1","calib","mod","no3",0.138000750805371,"baseline"
2017-10-03,"0.1","calib","obs","no3",2,"baseline"
2017-10-03,"0.1","calib","mod","po4",1.53085409155203,"baseline"
2017-10-03,"0.1","calib","obs","po4",6,"baseline"
2017-10-03,"0.1","calib","obs","din",13,"baseline"
2017-10-03,"0.1","calib","mod","din",7.1421196554873,"baseline"
2017-10-04,"0.1","calib","mod","wl",10.2108909028779,"baseline"
2017-10-04,"0.1","calib","obs","wl",10.1,"baseline"
2017-10-05,"0.1","calib","mod","wl",10.2091612480512,"baseline"
2017-10-05,"0.1","calib","obs","wl",10.1,"baseline"
2017-10-06,"0.1","calib","mod","wl",10.2076202723224,"baseline"
2017-10-06,"0.1","calib","obs","wl",10.1,"baseline"
2017-10-07,"0.1","calib","mod","wl",10.217936215329,"baseline"
2017-10-07,"0.1","calib","obs","wl",10.1166666666667,"baseline"
2017-10-08,"0.1","calib","mod","wl",10.2320776089257,"baseline"
2017-10-08,"0.1","calib","obs","wl",10.1333333333333,"baseline"
2017-10-09,"0.1","calib","mod","wl",10.2456620643179,"baseline"
2017-10-09,"0.1","calib","obs","wl",10.15,"baseline"
2017-10-10,"0.1","calib","mod","wl",10.2776606531642,"baseline"
2017-10-10,"0.1","calib","obs","wl",10.1666666666667,"baseline"
2017-10-11,"0.1","calib","mod","wl",10.2858748180396,"baseline"
2017-10-11,"0.1","calib","obs","wl",10.1833333333333,"baseline"
2017-10-12,"0.1","calib","mod","wl",10.3054805101882,"baseline"
2017-10-12,"0.1","calib","obs","wl",10.2,"baseline"
2017-10-13,"0.1","calib","mod","wl",10.3019367340055,"baseline"
2017-10-13,"0.1","calib","obs","wl",10.2,"baseline"
2017-10-14,"0.1","calib","mod","wl",10.3005844475501,"baseline"
2017-10-14,"0.1","calib","obs","wl",10.2,"baseline"
2017-10-15,"0.1","calib","mod","wl",10.2982505850029,"baseline"
2017-10-15,"0.1","calib","obs","wl",10.2,"baseline"
2017-10-16,"0.1","calib","mod","wl",10.296468159507,"baseline"
2017-10-16,"0.1","calib","obs","wl",10.2,"baseline"
2017-10-17,"0.1","calib","mod","wl",10.2957567984699,"baseline"
2017-10-17,"0.1","calib","obs","wl",10.2,"baseline"
2017-10-17,"0.1","calib","mod","temp",18.2440325658252,"baseline"
2017-10-17,"0.1","calib","obs","temp",18.8,"baseline"
2017-10-17,"0.1","calib","mod","oxy",9.36777353787474,"baseline"
2017-10-17,"0.1","calib","obs","oxy",8.31,"baseline"
2017-10-18,"0.1","calib","mod","wl",10.2927577305283,"baseline"
2017-10-18,"0.1","calib","obs","wl",10.2,"baseline"
2017-10-19,"0.1","calib","mod","wl",10.2902745634234,"baseline"
2017-10-19,"0.1","calib","obs","wl",10.2,"baseline"
2017-10-20,"0.1","calib","mod","wl",10.2882456356054,"baseline"
2017-10-20,"0.1","calib","obs","wl",10.2,"baseline"
2017-10-21,"0.1","calib","mod","wl",10.2964894940551,"baseline"
2017-10-21,"0.1","calib","obs","wl",10.2142857142857,"baseline"
2017-10-22,"0.1","calib","mod","wl",10.3054567861121,"baseline"
2017-10-22,"0.1","calib","obs","wl",10.2285714285714,"baseline"
2017-10-23,"0.1","calib","mod","wl",10.3146138914514,"baseline"
2017-10-23,"0.1","calib","obs","wl",10.2428571428571,"baseline"
2017-10-24,"0.1","calib","mod","wl",10.3495458579277,"baseline"
2017-10-24,"0.1","calib","obs","wl",10.2571428571429,"baseline"
2017-10-25,"0.1","calib","mod","wl",10.3571708085724,"baseline"
2017-10-25,"0.1","calib","obs","wl",10.2714285714286,"baseline"
2017-10-26,"0.1","calib","mod","wl",10.3616358244261,"baseline"
2017-10-26,"0.1","calib","obs","wl",10.2857142857143,"baseline"
2017-10-27,"0.1","calib","mod","wl",10.3674785299106,"baseline"
2017-10-27,"0.1","calib","obs","wl",10.3,"baseline"
2017-10-28,"0.1","calib","mod","wl",10.3649644318776,"baseline"
2017-10-28,"0.1","calib","obs","wl",10.3,"baseline"
2017-10-29,"0.1","calib","mod","wl",10.3633811504167,"baseline"
2017-10-29,"0.1","calib","obs","wl",10.3,"baseline"
2017-10-30,"0.1","calib","mod","wl",10.3761639387397,"baseline"
2017-10-30,"0.1","calib","obs","wl",10.3,"baseline"
2017-10-31,"0.1","calib","mod","wl",10.3709094846921,"baseline"
2017-10-31,"0.1","calib","obs","wl",10.3,"baseline"
2017-11-01,"0.1","calib","mod","wl",10.3678468840857,"baseline"
2017-11-01,"0.1","calib","obs","wl",10.3,"baseline"
2017-11-02,"0.1","calib","mod","wl",10.3659597571842,"baseline"
2017-11-02,"0.1","calib","obs","wl",10.3,"baseline"
2017-11-03,"0.1","calib","mod","wl",10.3650061808956,"baseline"
2017-11-03,"0.1","calib","obs","wl",10.3,"baseline"
2017-11-04,"0.1","calib","mod","wl",10.364314792801,"baseline"
2017-11-04,"0.1","calib","obs","wl",10.3,"baseline"
2017-11-05,"0.1","calib","mod","wl",10.3673208193088,"baseline"
2017-11-05,"0.1","calib","obs","wl",10.3,"baseline"
2017-11-06,"0.1","calib","mod","wl",10.3666117310256,"baseline"
2017-11-06,"0.1","calib","obs","wl",10.3,"baseline"
2017-11-07,"0.1","calib","mod","wl",10.3661868454929,"baseline"
2017-11-07,"0.1","calib","obs","wl",10.3,"baseline"
2017-11-07,"0.1","calib","mod","temp",14.8741624568387,"baseline"
2017-11-07,"0.1","calib","obs","temp",12.9,"baseline"
2017-11-07,"0.1","calib","mod","oxy",10.3855177221328,"baseline"
2017-11-07,"0.1","calib","obs","oxy",7.73,"baseline"
2017-11-07,"0.1","calib","mod","nh4",69.4313619493228,"baseline"
2017-11-07,"0.1","calib","obs","nh4",59.9999999999999,"baseline"
2017-11-07,"0.1","calib","mod","no3",4.09049938741109,"baseline"
2017-11-07,"0.1","calib","obs","no3",7.00000000000002,"baseline"
2017-11-07,"0.1","calib","mod","po4",3.59991184264543,"baseline"
2017-11-07,"0.1","calib","obs","po4",8,"baseline"
2017-11-07,"0.1","calib","obs","din",66.9999999999999,"baseline"
2017-11-07,"0.1","calib","mod","din",73.5218613367339,"baseline"
2017-11-08,"0.1","calib","mod","wl",10.3656916351762,"baseline"
2017-11-08,"0.1","calib","obs","wl",10.3,"baseline"
2017-11-09,"0.1","calib","mod","wl",10.3643833536556,"baseline"
2017-11-09,"0.1","calib","obs","wl",10.3,"baseline"
2017-11-10,"0.1","calib","mod","wl",10.3665269094947,"baseline"
2017-11-10,"0.1","calib","obs","wl",10.3,"baseline"
2017-11-11,"0.1","calib","mod","wl",10.3631594165701,"baseline"
2017-11-11,"0.1","calib","obs","wl",10.3,"baseline"
2017-11-12,"0.1","calib","mod","wl",10.3613935054623,"baseline"
2017-11-12,"0.1","calib","obs","wl",10.3,"baseline"
2017-11-13,"0.1","calib","mod","wl",10.3602854034584,"baseline"
2017-11-13,"0.1","calib","obs","wl",10.3,"baseline"
2017-11-14,"0.1","calib","mod","wl",10.361840477826,"baseline"
2017-11-14,"0.1","calib","obs","wl",10.3,"baseline"
2017-11-15,"0.1","calib","mod","wl",10.3641649844177,"baseline"
2017-11-15,"0.1","calib","obs","wl",10.3058823529412,"baseline"
2017-11-16,"0.1","calib","mod","wl",10.3672743471444,"baseline"
2017-11-16,"0.1","calib","obs","wl",10.3117647058824,"baseline"
2017-11-17,"0.1","calib","mod","wl",10.3700362661365,"baseline"
2017-11-17,"0.1","calib","obs","wl",10.3176470588235,"baseline"
2017-11-18,"0.1","calib","mod","wl",10.3720243746269,"baseline"
2017-11-18,"0.1","calib","obs","wl",10.3235294117647,"baseline"
2017-11-19,"0.1","calib","mod","wl",10.3750961819067,"baseline"
2017-11-19,"0.1","calib","obs","wl",10.3294117647059,"baseline"
2017-11-20,"0.1","calib","mod","wl",10.3788422298037,"baseline"
2017-11-20,"0.1","calib","obs","wl",10.3352941176471,"baseline"
2017-11-21,"0.1","calib","mod","wl",10.3813143442427,"baseline"
2017-11-21,"0.1","calib","obs","wl",10.3411764705882,"baseline"
2017-11-22,"0.1","calib","mod","wl",10.3841973607363,"baseline"
2017-11-22,"0.1","calib","obs","wl",10.3470588235294,"baseline"
2017-11-23,"0.1","calib","mod","wl",10.3867032306986,"baseline"
2017-11-23,"0.1","calib","obs","wl",10.3529411764706,"baseline"
2017-11-24,"0.1","calib","mod","wl",10.3890184598168,"baseline"
2017-11-24,"0.1","calib","obs","wl",10.3588235294118,"baseline"
2017-11-25,"0.1","calib","mod","wl",10.3918713825039,"baseline"
2017-11-25,"0.1","calib","obs","wl",10.3647058823529,"baseline"
2017-11-26,"0.1","calib","mod","wl",10.3950525747951,"baseline"
2017-11-26,"0.1","calib","obs","wl",10.3705882352941,"baseline"
2017-11-27,"0.1","calib","mod","wl",10.396725551559,"baseline"
2017-11-27,"0.1","calib","obs","wl",10.3764705882353,"baseline"
2017-11-28,"0.1","calib","mod","wl",10.3980528249062,"baseline"
2017-11-28,"0.1","calib","obs","wl",10.3823529411765,"baseline"
2017-11-29,"0.1","calib","mod","wl",10.4009057332807,"baseline"
2017-11-29,"0.1","calib","obs","wl",10.3882352941176,"baseline"
2017-11-30,"0.1","calib","mod","wl",10.4025065139919,"baseline"
2017-11-30,"0.1","calib","obs","wl",10.3941176470588,"baseline"
2017-12-01,"0.1","calib","mod","wl",10.4039921425156,"baseline"
2017-12-01,"0.1","calib","obs","wl",10.4,"baseline"
2017-12-02,"0.1","calib","mod","wl",10.4027649499129,"baseline"
2017-12-02,"0.1","calib","obs","wl",10.4,"baseline"
2017-12-03,"0.1","calib","mod","wl",10.4020168549513,"baseline"
2017-12-03,"0.1","calib","obs","wl",10.4,"baseline"
2017-12-04,"0.1","calib","mod","wl",10.4010622939707,"baseline"
2017-12-04,"0.1","calib","obs","wl",10.4,"baseline"
2017-12-05,"0.1","calib","mod","wl",10.4003148406127,"baseline"
2017-12-05,"0.1","calib","obs","wl",10.4,"baseline"
2017-12-06,"0.1","calib","mod","wl",10.4019089285898,"baseline"
2017-12-06,"0.1","calib","obs","wl",10.4,"baseline"
2017-12-07,"0.1","calib","mod","wl",10.4009472776171,"baseline"
2017-12-07,"0.1","calib","obs","wl",10.4,"baseline"
2017-12-08,"0.1","calib","mod","wl",10.3996836050814,"baseline"
2017-12-08,"0.1","calib","obs","wl",10.4,"baseline"
2017-12-09,"0.1","calib","mod","wl",10.3981374052536,"baseline"
2017-12-09,"0.1","calib","obs","wl",10.4,"baseline"
2017-12-10,"0.1","calib","mod","wl",10.3982768961706,"baseline"
2017-12-10,"0.1","calib","obs","wl",10.4,"baseline"
2017-12-11,"0.1","calib","mod","wl",10.3966270963328,"baseline"
2017-12-11,"0.1","calib","obs","wl",10.4,"baseline"
2017-12-12,"0.1","calib","mod","wl",10.3953053710773,"baseline"
2017-12-12,"0.1","calib","obs","wl",10.4,"baseline"
2017-12-13,"0.1","calib","mod","wl",10.3940708957189,"baseline"
2017-12-13,"0.1","calib","obs","wl",10.4,"baseline"
2017-12-14,"0.1","calib","mod","wl",10.3921595337555,"baseline"
2017-12-14,"0.1","calib","obs","wl",10.4,"baseline"
2017-12-15,"0.1","calib","mod","wl",10.3904192972342,"baseline"
2017-12-15,"0.1","calib","obs","wl",10.4,"baseline"
2017-12-16,"0.1","calib","mod","wl",10.3893055814188,"baseline"
2017-12-16,"0.1","calib","obs","wl",10.4,"baseline"
2017-12-17,"0.1","calib","mod","wl",10.3880598422792,"baseline"
2017-12-17,"0.1","calib","obs","wl",10.4,"baseline"
2017-12-18,"0.1","calib","mod","wl",10.3869410319914,"baseline"
2017-12-18,"0.1","calib","obs","wl",10.4,"baseline"
2017-12-19,"0.1","calib","mod","wl",10.3866142067033,"baseline"
2017-12-19,"0.1","calib","obs","wl",10.4,"baseline"
2017-12-20,"0.1","calib","mod","wl",10.3859432793634,"baseline"
2017-12-20,"0.1","calib","obs","wl",10.4,"baseline"
2017-12-21,"0.1","calib","mod","wl",10.385058940373,"baseline"
2017-12-21,"0.1","calib","obs","wl",10.4,"baseline"
2017-12-22,"0.1","calib","mod","wl",10.3839499709257,"baseline"
2017-12-22,"0.1","calib","obs","wl",10.4,"baseline"
2017-12-23,"0.1","calib","mod","wl",10.3833575980308,"baseline"
2017-12-23,"0.1","calib","obs","wl",10.4,"baseline"
2017-12-24,"0.1","calib","mod","wl",10.3864956277375,"baseline"
2017-12-24,"0.1","calib","obs","wl",10.4,"baseline"
2017-12-25,"0.1","calib","mod","wl",10.385453523244,"baseline"
2017-12-25,"0.1","calib","obs","wl",10.4,"baseline"
2017-12-26,"0.1","calib","mod","wl",10.3838662250171,"baseline"
2017-12-26,"0.1","calib","obs","wl",10.4,"baseline"
2017-12-27,"0.1","calib","mod","wl",10.3820428341246,"baseline"
2017-12-27,"0.1","calib","obs","wl",10.4,"baseline"
2017-12-28,"0.1","calib","mod","wl",10.3804874322705,"baseline"
2017-12-28,"0.1","calib","obs","wl",10.4,"baseline"
2017-12-29,"0.1","calib","mod","wl",10.3786296610306,"baseline"
2017-12-29,"0.1","calib","obs","wl",10.4,"baseline"
2017-12-30,"0.1","calib","mod","wl",10.3774871482748,"baseline"
2017-12-30,"0.1","calib","obs","wl",10.4,"baseline"
2017-12-31,"0.1","calib","mod","wl",10.3763123741012,"baseline"
2017-12-31,"0.1","calib","obs","wl",10.4,"baseline"
2018-01-01,"0.1","calib","mod","wl",10.3742052781503,"baseline"
2018-01-01,"0.1","calib","obs","wl",10.4,"baseline"
2018-01-02,"0.1","calib","mod","wl",10.371996661222,"baseline"
2018-01-02,"0.1","calib","obs","wl",10.4,"baseline"
2018-01-03,"0.1","calib","mod","wl",10.3696628025022,"baseline"
2018-01-03,"0.1","calib","obs","wl",10.4,"baseline"
2018-01-04,"0.1","calib","mod","wl",10.3684518779887,"baseline"
2018-01-04,"0.1","calib","obs","wl",10.4,"baseline"
2018-01-05,"0.1","calib","mod","wl",10.3656905289781,"baseline"
2018-01-05,"0.1","calib","obs","wl",10.4,"baseline"
2018-01-06,"0.1","calib","mod","wl",10.3668218437398,"baseline"
2018-01-06,"0.1","calib","obs","wl",10.4105263157895,"baseline"
2018-01-07,"0.1","calib","mod","wl",10.3675649834002,"baseline"
2018-01-07,"0.1","calib","obs","wl",10.4210526315789,"baseline"
2018-01-08,"0.1","calib","mod","wl",10.3678888640426,"baseline"
2018-01-08,"0.1","calib","obs","wl",10.4315789473684,"baseline"
2018-01-09,"0.1","calib","mod","wl",10.3771566765803,"baseline"
2018-01-09,"0.1","calib","obs","wl",10.4421052631579,"baseline"
2018-01-10,"0.1","calib","mod","wl",10.3841106453704,"baseline"
2018-01-10,"0.1","calib","obs","wl",10.4526315789474,"baseline"
2018-01-11,"0.1","calib","mod","wl",10.390918986899,"baseline"
2018-01-11,"0.1","calib","obs","wl",10.4631578947368,"baseline"
2018-01-12,"0.1","calib","mod","wl",10.400487102808,"baseline"
2018-01-12,"0.1","calib","obs","wl",10.4736842105263,"baseline"
2018-01-13,"0.1","calib","mod","wl",10.4201474225787,"baseline"
2018-01-13,"0.1","calib","obs","wl",10.4842105263158,"baseline"
2018-01-14,"0.1","calib","mod","wl",10.4271769143374,"baseline"
2018-01-14,"0.1","calib","obs","wl",10.4947368421053,"baseline"
2018-01-15,"0.1","calib","mod","wl",10.4304113450005,"baseline"
2018-01-15,"0.1","calib","obs","wl",10.5052631578947,"baseline"
2018-01-16,"0.1","calib","mod","wl",10.4355315062822,"baseline"
2018-01-16,"0.1","calib","obs","wl",10.5157894736842,"baseline"
2018-01-17,"0.1","calib","mod","wl",10.441152071825,"baseline"
2018-01-17,"0.1","calib","obs","wl",10.5263157894737,"baseline"
2018-01-18,"0.1","calib","mod","wl",10.3999766551866,"baseline"
2018-01-18,"0.1","calib","obs","wl",10.5368421052632,"baseline"
2018-01-19,"0.1","calib","mod","wl",10.4027061447198,"baseline"
2018-01-19,"0.1","calib","obs","wl",10.5473684210526,"baseline"
2018-01-20,"0.1","calib","mod","wl",10.4066062498603,"baseline"
2018-01-20,"0.1","calib","obs","wl",10.5578947368421,"baseline"
2018-01-21,"0.1","calib","mod","wl",10.4112336328157,"baseline"
2018-01-21,"0.1","calib","obs","wl",10.5684210526316,"baseline"
2018-01-22,"0.1","calib","mod","wl",10.4189808114958,"baseline"
2018-01-22,"0.1","calib","obs","wl",10.5789473684211,"baseline"
2018-01-23,"0.1","calib","mod","wl",10.4719485562184,"baseline"
2018-01-23,"0.1","calib","obs","wl",10.5894736842105,"baseline"
2018-01-24,"0.1","calib","mod","wl",10.481280110436,"baseline"
2018-01-24,"0.1","calib","obs","wl",10.6,"baseline"
2018-01-25,"0.1","calib","mod","wl",10.4796919573231,"baseline"
2018-01-25,"0.1","calib","obs","wl",10.6,"baseline"
2018-01-26,"0.1","calib","mod","wl",10.478320722336,"baseline"
2018-01-26,"0.1","calib","obs","wl",10.6,"baseline"
2018-01-27,"0.1","calib","mod","wl",10.4772630729493,"baseline"
2018-01-27,"0.1","calib","obs","wl",10.6,"baseline"
2018-01-28,"0.1","calib","mod","wl",10.4767767694259,"baseline"
2018-01-28,"0.1","calib","obs","wl",10.6,"baseline"
2018-01-29,"0.1","calib","mod","wl",10.4830580191951,"baseline"
2018-01-29,"0.1","calib","obs","wl",10.6,"baseline"
2018-01-30,"0.1","calib","mod","wl",10.4896414640014,"baseline"
2018-01-30,"0.1","calib","obs","wl",10.6,"baseline"
2018-01-31,"0.1","calib","mod","wl",10.4870484119159,"baseline"
2018-01-31,"0.1","calib","obs","wl",10.6,"baseline"
2018-02-01,"0.1","calib","mod","wl",10.4850121323757,"baseline"
2018-02-01,"0.1","calib","obs","wl",10.6,"baseline"
2018-02-02,"0.1","calib","mod","wl",10.4839894606183,"baseline"
2018-02-02,"0.1","calib","obs","wl",10.6,"baseline"
2018-02-03,"0.1","calib","mod","wl",10.482358858868,"baseline"
2018-02-03,"0.1","calib","obs","wl",10.6,"baseline"
2018-02-04,"0.1","calib","mod","wl",10.4807603073193,"baseline"
2018-02-04,"0.1","calib","obs","wl",10.6,"baseline"
2018-02-05,"0.1","calib","mod","wl",10.4955374001988,"baseline"
2018-02-05,"0.1","calib","obs","wl",10.6,"baseline"
2018-02-06,"0.1","calib","mod","wl",10.4302522268575,"baseline"
2018-02-06,"0.1","calib","obs","wl",10.6,"baseline"
2018-02-07,"0.1","calib","mod","wl",10.414849475058,"baseline"
2018-02-07,"0.1","calib","obs","wl",10.6,"baseline"
2018-02-08,"0.1","calib","mod","wl",10.405756577727,"baseline"
2018-02-08,"0.1","calib","obs","wl",10.6,"baseline"
2018-02-09,"0.1","calib","mod","wl",10.3917123500861,"baseline"
2018-02-09,"0.1","calib","obs","wl",10.6,"baseline"
2018-02-10,"0.1","calib","mod","wl",10.3784792601776,"baseline"
2018-02-10,"0.1","calib","obs","wl",10.6,"baseline"
2018-02-11,"0.1","calib","mod","wl",10.3735282002081,"baseline"
2018-02-11,"0.1","calib","obs","wl",10.6,"baseline"
2018-02-12,"0.1","calib","mod","wl",10.4198897911939,"baseline"
2018-02-12,"0.1","calib","obs","wl",10.6,"baseline"
2018-02-13,"0.1","calib","mod","wl",10.428287017107,"baseline"
2018-02-13,"0.1","calib","obs","wl",10.6,"baseline"
2018-02-14,"0.1","calib","mod","wl",10.43267947039,"baseline"
2018-02-14,"0.1","calib","obs","wl",10.6,"baseline"
2018-02-15,"0.1","calib","mod","wl",10.436678084797,"baseline"
2018-02-15,"0.1","calib","obs","wl",10.6,"baseline"
2018-02-16,"0.1","calib","mod","wl",10.4510206574669,"baseline"
2018-02-16,"0.1","calib","obs","wl",10.6,"baseline"
2018-02-17,"0.1","calib","mod","wl",10.5095322438226,"baseline"
2018-02-17,"0.1","calib","obs","wl",10.6142857142857,"baseline"
2018-02-18,"0.1","calib","mod","wl",10.518559803129,"baseline"
2018-02-18,"0.1","calib","obs","wl",10.6285714285714,"baseline"
2018-02-19,"0.1","calib","mod","wl",10.5266477523609,"baseline"
2018-02-19,"0.1","calib","obs","wl",10.6428571428571,"baseline"
2018-02-20,"0.1","calib","mod","wl",10.5381549937511,"baseline"
2018-02-20,"0.1","calib","obs","wl",10.6571428571429,"baseline"
2018-02-21,"0.1","calib","mod","wl",10.5463779005061,"baseline"
2018-02-21,"0.1","calib","obs","wl",10.6714285714286,"baseline"
2018-02-22,"0.1","calib","mod","wl",10.5547043506852,"baseline"
2018-02-22,"0.1","calib","obs","wl",10.6857142857143,"baseline"
2018-02-23,"0.1","calib","mod","wl",10.563223717714,"baseline"
2018-02-23,"0.1","calib","obs","wl",10.7,"baseline"
2018-02-24,"0.1","calib","mod","wl",10.5722259784365,"baseline"
2018-02-24,"0.1","calib","obs","wl",10.7142857142857,"baseline"
2018-02-25,"0.1","calib","mod","wl",10.581315950603,"baseline"
2018-02-25,"0.1","calib","obs","wl",10.7285714285714,"baseline"
2018-02-26,"0.1","calib","mod","wl",10.5914567708151,"baseline"
2018-02-26,"0.1","calib","obs","wl",10.7428571428571,"baseline"
2018-02-27,"0.1","calib","mod","wl",10.6001310140283,"baseline"
2018-02-27,"0.1","calib","obs","wl",10.7571428571429,"baseline"
2018-02-28,"0.1","calib","mod","wl",10.6084994504693,"baseline"
2018-02-28,"0.1","calib","obs","wl",10.7714285714286,"baseline"
2018-03-01,"0.1","calib","mod","wl",10.6177493679968,"baseline"
2018-03-01,"0.1","calib","obs","wl",10.7857142857143,"baseline"
2018-03-02,"0.1","calib","mod","wl",10.6339755279427,"baseline"
2018-03-02,"0.1","calib","obs","wl",10.8,"baseline"
2018-03-03,"0.1","calib","mod","wl",10.6642901611339,"baseline"
2018-03-03,"0.1","calib","obs","wl",10.85,"baseline"
2018-03-04,"0.1","calib","mod","wl",10.6934838146721,"baseline"
2018-03-04,"0.1","calib","obs","wl",10.9,"baseline"
2018-03-05,"0.1","calib","mod","wl",10.7230178521527,"baseline"
2018-03-05,"0.1","calib","obs","wl",10.95,"baseline"
2018-03-06,"0.1","calib","mod","wl",10.7541418547904,"baseline"
2018-03-06,"0.1","calib","obs","wl",11,"baseline"
2018-03-07,"0.1","calib","mod","wl",10.789989380905,"baseline"
2018-03-07,"0.1","calib","obs","wl",11.05,"baseline"
2018-03-08,"0.1","calib","mod","wl",10.8257962955451,"baseline"
2018-03-08,"0.1","calib","obs","wl",11.1,"baseline"
2018-03-09,"0.1","calib","mod","wl",10.8243339316788,"baseline"
2018-03-09,"0.1","calib","obs","wl",11.1,"baseline"
2018-03-10,"0.1","calib","mod","wl",10.8226585951081,"baseline"
2018-03-10,"0.1","calib","obs","wl",11.1,"baseline"
2018-03-11,"0.1","calib","mod","wl",10.8219533582343,"baseline"
2018-03-11,"0.1","calib","obs","wl",11.1,"baseline"
2018-03-12,"0.1","calib","mod","wl",10.8211799535092,"baseline"
2018-03-12,"0.1","calib","obs","wl",11.1,"baseline"
2018-03-13,"0.1","calib","mod","wl",10.8206342703136,"baseline"
2018-03-13,"0.1","calib","obs","wl",11.1,"baseline"
2018-03-14,"0.1","calib","mod","wl",10.821589836124,"baseline"
2018-03-14,"0.1","calib","obs","wl",11.1,"baseline"
2018-03-15,"0.1","calib","mod","wl",10.8198262471753,"baseline"
2018-03-15,"0.1","calib","obs","wl",11.1,"baseline"
2018-03-16,"0.1","calib","mod","wl",10.8270411328912,"baseline"
2018-03-16,"0.1","calib","obs","wl",11.1125,"baseline"
2018-03-17,"0.1","calib","mod","wl",10.8340130957931,"baseline"
2018-03-17,"0.1","calib","obs","wl",11.125,"baseline"
2018-03-18,"0.1","calib","mod","wl",10.8419678413408,"baseline"
2018-03-18,"0.1","calib","obs","wl",11.1375,"baseline"
2018-03-19,"0.1","calib","mod","wl",10.8581340200412,"baseline"
2018-03-19,"0.1","calib","obs","wl",11.15,"baseline"
2018-03-20,"0.1","calib","mod","wl",10.8651724420423,"baseline"
2018-03-20,"0.1","calib","obs","wl",11.1625,"baseline"
2018-03-21,"0.1","calib","mod","wl",10.8747630156689,"baseline"
2018-03-21,"0.1","calib","obs","wl",11.175,"baseline"
2018-03-22,"0.1","calib","mod","wl",10.8837710708124,"baseline"
2018-03-22,"0.1","calib","obs","wl",11.1875,"baseline"
2018-03-23,"0.1","calib","mod","wl",10.8912428856661,"baseline"
2018-03-23,"0.1","calib","obs","wl",11.2,"baseline"
2018-03-24,"0.1","calib","mod","wl",10.8926406032781,"baseline"
2018-03-24,"0.1","calib","obs","wl",11.2,"baseline"
2018-03-25,"0.1","calib","mod","wl",10.8956698671843,"baseline"
2018-03-25,"0.1","calib","obs","wl",11.2,"baseline"
2018-03-26,"0.1","calib","mod","wl",10.8959252656166,"baseline"
2018-03-26,"0.1","calib","obs","wl",11.2,"baseline"
2018-03-27,"0.1","calib","mod","wl",10.8990063242142,"baseline"
2018-03-27,"0.1","calib","obs","wl",11.2,"baseline"
2018-03-28,"0.1","calib","mod","wl",10.8984660239525,"baseline"
2018-03-28,"0.1","calib","obs","wl",11.2,"baseline"
2018-03-29,"0.1","calib","mod","wl",10.8989663017965,"baseline"
2018-03-29,"0.1","calib","obs","wl",11.2,"baseline"
2018-03-30,"0.1","calib","mod","wl",10.8879373046332,"baseline"
2018-03-30,"0.1","calib","obs","wl",11.1857142857143,"baseline"
2018-03-31,"0.1","calib","mod","wl",10.8758370915189,"baseline"
2018-03-31,"0.1","calib","obs","wl",11.1714285714286,"baseline"
2018-04-01,"0.1","calib","mod","wl",10.8672458434691,"baseline"
2018-04-01,"0.1","calib","obs","wl",11.1571428571429,"baseline"
2018-04-02,"0.1","calib","mod","wl",10.8573633412426,"baseline"
2018-04-02,"0.1","calib","obs","wl",11.1428571428571,"baseline"
2018-04-03,"0.1","calib","mod","wl",10.8469322518757,"baseline"
2018-04-03,"0.1","calib","obs","wl",11.1285714285714,"baseline"
2018-04-04,"0.1","calib","mod","wl",10.8340346124684,"baseline"
2018-04-04,"0.1","calib","obs","wl",11.1142857142857,"baseline"
2018-04-05,"0.1","calib","mod","wl",10.8212418387922,"baseline"
2018-04-05,"0.1","calib","obs","wl",11.1,"baseline"
2018-04-06,"0.1","calib","mod","wl",10.8216631432488,"baseline"
2018-04-06,"0.1","calib","obs","wl",11.1,"baseline"
2018-04-07,"0.1","calib","mod","wl",10.8198764324905,"baseline"
2018-04-07,"0.1","calib","obs","wl",11.1,"baseline"
2018-04-08,"0.1","calib","mod","wl",10.8195564620538,"baseline"
2018-04-08,"0.1","calib","obs","wl",11.1,"baseline"
2018-04-09,"0.1","calib","mod","wl",10.8176632017527,"baseline"
2018-04-09,"0.1","calib","obs","wl",11.1,"baseline"
2018-04-10,"0.1","calib","mod","wl",10.8167694429204,"baseline"
2018-04-10,"0.1","calib","obs","wl",11.1,"baseline"
2018-04-11,"0.1","calib","mod","wl",10.8151668577852,"baseline"
2018-04-11,"0.1","calib","obs","wl",11.1,"baseline"
2018-04-12,"0.1","calib","mod","wl",10.813702255237,"baseline"
2018-04-12,"0.1","calib","obs","wl",11.1,"baseline"
2018-04-13,"0.1","calib","mod","wl",10.8121563165194,"baseline"
2018-04-13,"0.1","calib","obs","wl",11.1,"baseline"
2018-04-14,"0.1","calib","mod","wl",10.8107590796739,"baseline"
2018-04-14,"0.1","calib","obs","wl",11.1,"baseline"
2018-04-15,"0.1","calib","mod","wl",10.8102722362357,"baseline"
2018-04-15,"0.1","calib","obs","wl",11.1,"baseline"
2018-04-16,"0.1","calib","mod","wl",10.829053627006,"baseline"
2018-04-16,"0.1","calib","obs","wl",11.1,"baseline"
2018-04-17,"0.1","calib","mod","wl",10.8339877042336,"baseline"
2018-04-17,"0.1","calib","obs","wl",11.1,"baseline"
2018-04-18,"0.1","calib","mod","wl",10.8282294039678,"baseline"
2018-04-18,"0.1","calib","obs","wl",11.1,"baseline"
2018-04-19,"0.1","calib","mod","wl",10.8245632487694,"baseline"
2018-04-19,"0.1","calib","obs","wl",11.1,"baseline"
2018-04-20,"0.1","calib","mod","wl",10.8222411374537,"baseline"
2018-04-20,"0.1","calib","obs","wl",11.1,"baseline"
2018-04-21,"0.1","calib","mod","wl",10.8424926017025,"baseline"
2018-04-21,"0.1","calib","obs","wl",11.1333333333333,"baseline"
2018-04-22,"0.1","calib","mod","wl",10.8643883452539,"baseline"
2018-04-22,"0.1","calib","obs","wl",11.1666666666667,"baseline"
2018-04-23,"0.1","calib","mod","wl",10.8872443804007,"baseline"
2018-04-23,"0.1","calib","obs","wl",11.2,"baseline"
2018-04-24,"0.1","calib","mod","wl",10.9112689316363,"baseline"
2018-04-24,"0.1","calib","obs","wl",11.2333333333333,"baseline"
2018-04-25,"0.1","calib","mod","wl",10.965471262162,"baseline"
2018-04-25,"0.1","calib","obs","wl",11.2666666666667,"baseline"
2018-04-26,"0.1","calib","mod","wl",10.9976626854019,"baseline"
2018-04-26,"0.1","calib","obs","wl",11.3,"baseline"
2018-04-27,"0.1","calib","mod","wl",10.9830781127299,"baseline"
2018-04-27,"0.1","calib","obs","wl",11.2875,"baseline"
2018-04-28,"0.1","calib","mod","wl",10.9761573164555,"baseline"
2018-04-28,"0.1","calib","obs","wl",11.275,"baseline"
2018-04-29,"0.1","calib","mod","wl",10.9628118195186,"baseline"
2018-04-29,"0.1","calib","obs","wl",11.2625,"baseline"
2018-04-30,"0.1","calib","mod","wl",10.9482549359896,"baseline"
2018-04-30,"0.1","calib","obs","wl",11.25,"baseline"
2018-05-01,"0.1","calib","mod","wl",10.9350860474336,"baseline"
2018-05-01,"0.1","calib","obs","wl",11.2375,"baseline"
2018-05-02,"0.1","calib","mod","wl",10.9230374463154,"baseline"
2018-05-02,"0.1","calib","obs","wl",11.225,"baseline"
2018-05-03,"0.1","calib","mod","wl",10.9116786665696,"baseline"
2018-05-03,"0.1","calib","obs","wl",11.2125,"baseline"
2018-05-04,"0.1","calib","mod","wl",10.9011044434639,"baseline"
2018-05-04,"0.1","calib","obs","wl",11.2,"baseline"
2018-05-04,"0.1","calib","mod","temp",18.251972338781,"baseline"
2018-05-04,"0.1","calib","obs","temp",20.1608,"baseline"
2018-05-04,"0.1","calib","mod","oxy",10.0843789124526,"baseline"
2018-05-04,"0.1","calib","obs","oxy",8.9477,"baseline"
2018-05-04,"0.1","calib","mod","nh4",30.661549912382,"baseline"
2018-05-04,"0.1","calib","obs","nh4",9,"baseline"
2018-05-04,"0.1","calib","mod","no3",4.10931306585824,"baseline"
2018-05-04,"0.1","calib","obs","no3",5,"baseline"
2018-05-04,"0.1","calib","mod","po4",4.84044056129529,"baseline"
2018-05-04,"0.1","calib","obs","po4",8,"baseline"
2018-05-04,"0.1","calib","mod","chla",0.399483870737977,"baseline"
2018-05-04,"0.1","calib","obs","chla",0.6787,"baseline"
2018-05-04,"0.1","calib","obs","din",14,"baseline"
2018-05-04,"0.1","calib","mod","din",34.7708629782403,"baseline"
2018-05-05,"0.1","calib","mod","wl",10.8996893015475,"baseline"
2018-05-05,"0.1","calib","obs","wl",11.2,"baseline"
2018-05-06,"0.1","calib","mod","wl",10.8986538196352,"baseline"
2018-05-06,"0.1","calib","obs","wl",11.2,"baseline"
2018-05-07,"0.1","calib","mod","wl",10.8971429237032,"baseline"
2018-05-07,"0.1","calib","obs","wl",11.2,"baseline"
2018-05-08,"0.1","calib","mod","wl",10.8977041501895,"baseline"
2018-05-08,"0.1","calib","obs","wl",11.2,"baseline"
2018-05-09,"0.1","calib","mod","wl",10.896898945584,"baseline"
2018-05-09,"0.1","calib","obs","wl",11.2,"baseline"
2018-05-10,"0.1","calib","mod","wl",10.8953122589163,"baseline"
2018-05-10,"0.1","calib","obs","wl",11.2,"baseline"
2018-05-11,"0.1","calib","mod","wl",10.894546801708,"baseline"
2018-05-11,"0.1","calib","obs","wl",11.2,"baseline"
2018-05-11,"0.1","calib","mod","temp",21.0825538707737,"baseline"
2018-05-11,"0.1","calib","obs","temp",21.6094,"baseline"
2018-05-11,"0.1","calib","mod","oxy",9.61593089239248,"baseline"
2018-05-11,"0.1","calib","obs","oxy",8.2727,"baseline"
2018-05-11,"0.1","calib","mod","nh4",37.886407711091,"baseline"
2018-05-11,"0.1","calib","obs","nh4",5.99999999999999,"baseline"
2018-05-11,"0.1","calib","mod","no3",3.47699780297882,"baseline"
2018-05-11,"0.1","calib","obs","no3",2,"baseline"
2018-05-11,"0.1","calib","mod","po4",3.85969903131082,"baseline"
2018-05-11,"0.1","calib","obs","po4",7,"baseline"
2018-05-11,"0.1","calib","mod","chla",0.478197740849403,"baseline"
2018-05-11,"0.1","calib","obs","chla",0.921,"baseline"
2018-05-11,"0.1","calib","obs","din",7.99999999999999,"baseline"
2018-05-11,"0.1","calib","mod","din",41.3634055140698,"baseline"
2018-05-12,"0.1","calib","mod","wl",10.8995442892634,"baseline"
2018-05-12,"0.1","calib","obs","wl",11.2083333333333,"baseline"
2018-05-13,"0.1","calib","mod","wl",10.9041213549061,"baseline"
2018-05-13,"0.1","calib","obs","wl",11.2166666666667,"baseline"
2018-05-14,"0.1","calib","mod","wl",10.9084876092698,"baseline"
2018-05-14,"0.1","calib","obs","wl",11.225,"baseline"
2018-05-15,"0.1","calib","mod","wl",10.9127844725732,"baseline"
2018-05-15,"0.1","calib","obs","wl",11.2333333333333,"baseline"
2018-05-16,"0.1","calib","mod","wl",10.9329061461827,"baseline"
2018-05-16,"0.1","calib","obs","wl",11.2416666666667,"baseline"
2018-05-17,"0.1","calib","mod","wl",10.9711291264962,"baseline"
2018-05-17,"0.1","calib","obs","wl",11.25,"baseline"
2018-05-17,"0.1","calib","mod","temp",23.5094197830702,"baseline"
2018-05-17,"0.1","calib","obs","temp",22.7869,"baseline"
2018-05-17,"0.1","calib","mod","oxy",8.83301052866427,"baseline"
2018-05-17,"0.1","calib","obs","oxy",7.802,"baseline"
2018-05-17,"0.1","calib","mod","nh4",40.858754337072,"baseline"
2018-05-17,"0.1","calib","obs","nh4",7.00000000000001,"baseline"
2018-05-17,"0.1","calib","mod","no3",3.10269916322534,"baseline"
2018-05-17,"0.1","calib","obs","no3",4,"baseline"
2018-05-17,"0.1","calib","mod","po4",5.30683631934097,"baseline"
2018-05-17,"0.1","calib","obs","po4",7,"baseline"
2018-05-17,"0.1","calib","mod","chla",0.607781330097358,"baseline"
2018-05-17,"0.1","calib","obs","chla",2.681,"baseline"
2018-05-17,"0.1","calib","obs","din",11,"baseline"
2018-05-17,"0.1","calib","mod","din",43.9614535002973,"baseline"
2018-05-18,"0.1","calib","mod","wl",11.1876190257578,"baseline"
2018-05-18,"0.1","calib","obs","wl",11.5,"baseline"
2018-05-19,"0.1","calib","mod","wl",11.2565924443668,"baseline"
2018-05-19,"0.1","calib","obs","wl",11.55,"baseline"
2018-05-20,"0.1","calib","mod","wl",11.2940909735077,"baseline"
2018-05-20,"0.1","calib","obs","wl",11.6,"baseline"
2018-05-21,"0.1","calib","mod","wl",11.3182162017492,"baseline"
2018-05-21,"0.1","calib","obs","wl",11.65,"baseline"
2018-05-22,"0.1","calib","mod","wl",11.3456695779469,"baseline"
2018-05-22,"0.1","calib","obs","wl",11.7,"baseline"
2018-05-23,"0.1","calib","mod","wl",11.3896315180421,"baseline"
2018-05-23,"0.1","calib","obs","wl",11.75,"baseline"
2018-05-24,"0.1","calib","mod","wl",11.4170194872549,"baseline"
2018-05-24,"0.1","calib","obs","wl",11.8,"baseline"
2018-05-24,"0.1","calib","mod","temp",23.9751395784239,"baseline"
2018-05-24,"0.1","calib","obs","temp",24.7273,"baseline"
2018-05-24,"0.1","calib","mod","oxy",8.32742903239171,"baseline"
2018-05-24,"0.1","calib","obs","oxy",5.9924,"baseline"
2018-05-24,"0.1","calib","mod","nh4",15.2239833106275,"baseline"
2018-05-24,"0.1","calib","obs","nh4",5.99999999999999,"baseline"
2018-05-24,"0.1","calib","mod","no3",2.18145247798494,"baseline"
2018-05-24,"0.1","calib","obs","no3",2,"baseline"
2018-05-24,"0.1","calib","mod","po4",6.59088220504177,"baseline"
2018-05-24,"0.1","calib","obs","po4",8,"baseline"
2018-05-24,"0.1","calib","mod","chla",2.10142711771377,"baseline"
2018-05-24,"0.1","calib","obs","chla",1.0999,"baseline"
2018-05-24,"0.1","calib","obs","din",7.99999999999999,"baseline"
2018-05-24,"0.1","calib","mod","din",17.4054357886125,"baseline"
2018-05-25,"0.1","calib","mod","wl",11.4117897311732,"baseline"
2018-05-25,"0.1","calib","obs","wl",11.8,"baseline"
2018-05-26,"0.1","calib","mod","wl",11.4083932523411,"baseline"
2018-05-26,"0.1","calib","obs","wl",11.8,"baseline"
2018-05-27,"0.1","calib","mod","wl",11.4216044044496,"baseline"
2018-05-27,"0.1","calib","obs","wl",11.8,"baseline"
2018-05-28,"0.1","calib","mod","wl",11.4276065073625,"baseline"
2018-05-28,"0.1","calib","obs","wl",11.8,"baseline"
2018-05-29,"0.1","calib","mod","wl",11.4346129761867,"baseline"
2018-05-29,"0.1","calib","obs","wl",11.8,"baseline"
2018-05-30,"0.1","calib","mod","wl",11.4344351175077,"baseline"
2018-05-30,"0.1","calib","obs","wl",11.8,"baseline"
2018-05-31,"0.1","calib","mod","wl",11.4320811701202,"baseline"
2018-05-31,"0.1","calib","obs","wl",11.8,"baseline"
2018-05-31,"0.1","calib","mod","temp",25.2523110045678,"baseline"
2018-05-31,"0.1","calib","obs","temp",24.2285,"baseline"
2018-05-31,"0.1","calib","mod","oxy",7.96479068826488,"baseline"
2018-05-31,"0.1","calib","obs","oxy",6.0054,"baseline"
2018-05-31,"0.1","calib","mod","nh4",22.1619412256943,"baseline"
2018-05-31,"0.1","calib","obs","nh4",5.99999999999999,"baseline"
2018-05-31,"0.1","calib","mod","no3",3.44104760888978,"baseline"
2018-05-31,"0.1","calib","obs","no3",2,"baseline"
2018-05-31,"0.1","calib","mod","po4",5.34892936216566,"baseline"
2018-05-31,"0.1","calib","obs","po4",7,"baseline"
2018-05-31,"0.1","calib","mod","chla",2.03266140324077,"baseline"
2018-05-31,"0.1","calib","obs","chla",3.5693,"baseline"
2018-05-31,"0.1","calib","obs","din",7.99999999999999,"baseline"
2018-05-31,"0.1","calib","mod","din",25.6029888345841,"baseline"
2018-06-01,"0.1","calib","mod","wl",11.4297521554492,"baseline"
2018-06-01,"0.1","calib","obs","wl",11.8,"baseline"
2018-06-02,"0.1","calib","mod","wl",11.419007953653,"baseline"
2018-06-02,"0.1","calib","obs","wl",11.7666666666667,"baseline"
2018-06-03,"0.1","calib","mod","wl",11.3966805074536,"baseline"
2018-06-03,"0.1","calib","obs","wl",11.7333333333333,"baseline"
2018-06-04,"0.1","calib","mod","wl",11.3697409508389,"baseline"
2018-06-04,"0.1","calib","obs","wl",11.7,"baseline"
2018-06-05,"0.1","calib","mod","wl",11.3435626011761,"baseline"
2018-06-05,"0.1","calib","obs","wl",11.6666666666667,"baseline"
2018-06-06,"0.1","calib","mod","wl",11.3157744387876,"baseline"
2018-06-06,"0.1","calib","obs","wl",11.6333333333333,"baseline"
2018-06-07,"0.1","calib","mod","wl",11.2885761644714,"baseline"
2018-06-07,"0.1","calib","obs","wl",11.6,"baseline"
2018-06-07,"0.1","calib","mod","temp",25.1107533588825,"baseline"
2018-06-07,"0.1","calib","obs","temp",24.1634,"baseline"
2018-06-07,"0.1","calib","mod","oxy",8.05026602628873,"baseline"
2018-06-07,"0.1","calib","obs","oxy",8.5386,"baseline"
2018-06-07,"0.1","calib","mod","nh4",15.6732465548275,"baseline"
2018-06-07,"0.1","calib","obs","nh4",5,"baseline"
2018-06-07,"0.1","calib","mod","no3",4.54917472233714,"baseline"
2018-06-07,"0.1","calib","obs","no3",4,"baseline"
2018-06-07,"0.1","calib","mod","po4",6.98989239292526,"baseline"
2018-06-07,"0.1","calib","obs","po4",7,"baseline"
2018-06-07,"0.1","calib","mod","chla",2.03956698412367,"baseline"
2018-06-07,"0.1","calib","obs","chla",1.556,"baseline"
2018-06-07,"0.1","calib","obs","din",9,"baseline"
2018-06-07,"0.1","calib","mod","din",20.2224212771646,"baseline"
2018-06-08,"0.1","calib","mod","wl",11.2764998282897,"baseline"
2018-06-08,"0.1","calib","obs","wl",11.5857142857143,"baseline"
2018-06-09,"0.1","calib","mod","wl",11.2649143712662,"baseline"
2018-06-09,"0.1","calib","obs","wl",11.5714285714286,"baseline"
2018-06-10,"0.1","calib","mod","wl",11.25322855541,"baseline"
2018-06-10,"0.1","calib","obs","wl",11.5571428571429,"baseline"
2018-06-11,"0.1","calib","mod","wl",11.2546273559431,"baseline"
2018-06-11,"0.1","calib","obs","wl",11.5428571428571,"baseline"
2018-06-12,"0.1","calib","mod","wl",11.2428177878786,"baseline"
2018-06-12,"0.1","calib","obs","wl",11.5285714285714,"baseline"
2018-06-13,"0.1","calib","mod","wl",11.2317351904757,"baseline"
2018-06-13,"0.1","calib","obs","wl",11.5142857142857,"baseline"
2018-06-14,"0.1","calib","mod","wl",11.2204891027131,"baseline"
2018-06-14,"0.1","calib","obs","wl",11.5,"baseline"
2018-06-14,"0.1","calib","mod","temp",25.869851801147,"baseline"
2018-06-14,"0.1","calib","obs","temp",24.0231,"baseline"
2018-06-14,"0.1","calib","mod","oxy",7.77693511416139,"baseline"
2018-06-14,"0.1","calib","obs","oxy",8.8153,"baseline"
2018-06-14,"0.1","calib","mod","nh4",26.5523989741042,"baseline"
2018-06-14,"0.1","calib","obs","nh4",5.99999999999999,"baseline"
2018-06-14,"0.1","calib","mod","no3",4.34242065938082,"baseline"
2018-06-14,"0.1","calib","obs","no3",2,"baseline"
2018-06-14,"0.1","calib","mod","po4",7.38394775751516,"baseline"
2018-06-14,"0.1","calib","obs","po4",8,"baseline"
2018-06-14,"0.1","calib","mod","chla",2.08794916990706,"baseline"
2018-06-14,"0.1","calib","obs","chla",2.0271,"baseline"
2018-06-14,"0.1","calib","obs","din",7.99999999999999,"baseline"
2018-06-14,"0.1","calib","mod","din",30.8948196334851,"baseline"
2018-06-15,"0.1","calib","mod","wl",11.2176797148112,"baseline"
2018-06-15,"0.1","calib","obs","wl",11.5,"baseline"
2018-06-16,"0.1","calib","mod","wl",11.1911937047523,"baseline"
2018-06-16,"0.1","calib","obs","wl",11.4666666666667,"baseline"
2018-06-17,"0.1","calib","mod","wl",11.1659336718834,"baseline"
2018-06-17,"0.1","calib","obs","wl",11.4333333333333,"baseline"
2018-06-18,"0.1","calib","mod","wl",11.1404882298492,"baseline"
2018-06-18,"0.1","calib","obs","wl",11.4,"baseline"
2018-06-19,"0.1","calib","mod","wl",11.115608808445,"baseline"
2018-06-19,"0.1","calib","obs","wl",11.3666666666667,"baseline"
2018-06-20,"0.1","calib","mod","wl",11.0899645888613,"baseline"
2018-06-20,"0.1","calib","obs","wl",11.3333333333333,"baseline"
2018-06-21,"0.1","calib","mod","wl",11.0642435045915,"baseline"
2018-06-21,"0.1","calib","obs","wl",11.3,"baseline"
2018-06-21,"0.1","calib","mod","temp",29.4562495460768,"baseline"
2018-06-21,"0.1","calib","obs","temp",27.3768,"baseline"
2018-06-21,"0.1","calib","mod","oxy",7.92513474119157,"baseline"
2018-06-21,"0.1","calib","obs","oxy",8.1365,"baseline"
2018-06-21,"0.1","calib","mod","nh4",37.2457897393558,"baseline"
2018-06-21,"0.1","calib","obs","nh4",11,"baseline"
2018-06-21,"0.1","calib","mod","no3",4.4541957889283,"baseline"
2018-06-21,"0.1","calib","obs","no3",6,"baseline"
2018-06-21,"0.1","calib","mod","po4",7.39066926191275,"baseline"
2018-06-21,"0.1","calib","obs","po4",8,"baseline"
2018-06-21,"0.1","calib","mod","chla",2.29293906333184,"baseline"
2018-06-21,"0.1","calib","obs","chla",2.0785,"baseline"
2018-06-21,"0.1","calib","obs","din",17,"baseline"
2018-06-21,"0.1","calib","mod","din",41.6999855282841,"baseline"
2018-06-22,"0.1","calib","mod","wl",11.0520228825443,"baseline"
2018-06-22,"0.1","calib","obs","wl",11.2857142857143,"baseline"
2018-06-23,"0.1","calib","mod","wl",11.0603475876755,"baseline"
2018-06-23,"0.1","calib","obs","wl",11.2714285714286,"baseline"
2018-06-24,"0.1","calib","mod","wl",11.0471000635139,"baseline"
2018-06-24,"0.1","calib","obs","wl",11.2571428571429,"baseline"
2018-06-25,"0.1","calib","mod","wl",11.0329977423558,"baseline"
2018-06-25,"0.1","calib","obs","wl",11.2428571428571,"baseline"
2018-06-26,"0.1","calib","mod","wl",11.0196243162505,"baseline"
2018-06-26,"0.1","calib","obs","wl",11.2285714285714,"baseline"
2018-06-27,"0.1","calib","mod","wl",11.0183368619112,"baseline"
2018-06-27,"0.1","calib","obs","wl",11.2142857142857,"baseline"
2018-06-28,"0.1","calib","mod","wl",11.005113781702,"baseline"
2018-06-28,"0.1","calib","obs","wl",11.2,"baseline"
2018-06-28,"0.1","calib","mod","temp",26.647747492714,"baseline"
2018-06-28,"0.1","calib","obs","temp",24.0146,"baseline"
2018-06-28,"0.1","calib","mod","oxy",7.8949028600399,"baseline"
2018-06-28,"0.1","calib","obs","oxy",9.2002,"baseline"
2018-06-28,"0.1","calib","mod","nh4",30.0018447076667,"baseline"
2018-06-28,"0.1","calib","obs","nh4",4,"baseline"
2018-06-28,"0.1","calib","mod","no3",5.30309601966278,"baseline"
2018-06-28,"0.1","calib","obs","no3",4,"baseline"
2018-06-28,"0.1","calib","mod","po4",7.07407695835165,"baseline"
2018-06-28,"0.1","calib","obs","po4",4,"baseline"
2018-06-28,"0.1","calib","mod","chla",2.52564695444006,"baseline"
2018-06-28,"0.1","calib","obs","chla",2.2928,"baseline"
2018-06-28,"0.1","calib","obs","din",8,"baseline"
2018-06-28,"0.1","calib","mod","din",35.3049407273295,"baseline"
2018-06-29,"0.1","calib","mod","wl",10.9844445959369,"baseline"
2018-06-29,"0.1","calib","obs","wl",11.175,"baseline"
2018-06-30,"0.1","calib","mod","wl",10.9634483522241,"baseline"
2018-06-30,"0.1","calib","obs","wl",11.15,"baseline"
2018-07-01,"0.1","calib","mod","wl",10.9434309300979,"baseline"
2018-07-01,"0.1","calib","obs","wl",11.125,"baseline"
2018-07-02,"0.1","calib","mod","wl",10.9235806664679,"baseline"
2018-07-02,"0.1","calib","obs","wl",11.1,"baseline"
2018-07-03,"0.1","calib","mod","wl",10.9224306418373,"baseline"
2018-07-03,"0.1","calib","obs","wl",11.1,"baseline"
2018-07-04,"0.1","calib","mod","wl",10.9208293012932,"baseline"
2018-07-04,"0.1","calib","obs","wl",11.1,"baseline"
2018-07-05,"0.1","calib","mod","wl",10.9195898182833,"baseline"
2018-07-05,"0.1","calib","obs","wl",11.1,"baseline"
2018-07-05,"0.1","calib","mod","temp",29.811966287824,"baseline"
2018-07-05,"0.1","calib","obs","temp",29.049,"baseline"
2018-07-05,"0.1","calib","mod","oxy",8.09292184271443,"baseline"
2018-07-05,"0.1","calib","obs","oxy",8.1875,"baseline"
2018-07-05,"0.1","calib","mod","nh4",39.7415113607255,"baseline"
2018-07-05,"0.1","calib","obs","nh4",8,"baseline"
2018-07-05,"0.1","calib","mod","no3",5.12206061419862,"baseline"
2018-07-05,"0.1","calib","obs","no3",7.00000000000002,"baseline"
2018-07-05,"0.1","calib","mod","po4",6.33806871414039,"baseline"
2018-07-05,"0.1","calib","obs","po4",8,"baseline"
2018-07-05,"0.1","calib","mod","chla",2.89885371518033,"baseline"
2018-07-05,"0.1","calib","obs","chla",1.5083,"baseline"
2018-07-05,"0.1","calib","obs","din",15,"baseline"
2018-07-05,"0.1","calib","mod","din",44.8635719749241,"baseline"
2018-07-06,"0.1","calib","mod","wl",10.9080364858827,"baseline"
2018-07-06,"0.1","calib","obs","wl",11.0857142857143,"baseline"
2018-07-07,"0.1","calib","mod","wl",10.8974729835119,"baseline"
2018-07-07,"0.1","calib","obs","wl",11.0714285714286,"baseline"
2018-07-08,"0.1","calib","mod","wl",10.8884431944488,"baseline"
2018-07-08,"0.1","calib","obs","wl",11.0571428571429,"baseline"
2018-07-09,"0.1","calib","mod","wl",10.8747492541587,"baseline"
2018-07-09,"0.1","calib","obs","wl",11.0428571428571,"baseline"
2018-07-10,"0.1","calib","mod","wl",10.8608589485829,"baseline"
2018-07-10,"0.1","calib","obs","wl",11.0285714285714,"baseline"
2018-07-11,"0.1","calib","mod","wl",10.8477725136824,"baseline"
2018-07-11,"0.1","calib","obs","wl",11.0142857142857,"baseline"
2018-07-12,"0.1","calib","mod","wl",10.834411880729,"baseline"
2018-07-12,"0.1","calib","obs","wl",11,"baseline"
2018-07-12,"0.1","calib","mod","temp",28.5969212899531,"baseline"
2018-07-12,"0.1","calib","obs","temp",27.7504,"baseline"
2018-07-12,"0.1","calib","mod","oxy",8.00672761660947,"baseline"
2018-07-12,"0.1","calib","obs","oxy",9.3521,"baseline"
2018-07-12,"0.1","calib","mod","chla",3.17310311060581,"baseline"
2018-07-12,"0.1","calib","obs","chla",1.4962,"baseline"
2018-07-13,"0.1","calib","mod","wl",10.8324161417961,"baseline"
2018-07-13,"0.1","calib","obs","wl",11,"baseline"
2018-07-14,"0.1","calib","mod","wl",10.8142832571703,"baseline"
2018-07-14,"0.1","calib","obs","wl",10.975,"baseline"
2018-07-15,"0.1","calib","mod","wl",10.7967101022949,"baseline"
2018-07-15,"0.1","calib","obs","wl",10.95,"baseline"
2018-07-16,"0.1","calib","mod","wl",10.7785283745109,"baseline"
2018-07-16,"0.1","calib","obs","wl",10.925,"baseline"
2018-07-17,"0.1","calib","mod","wl",10.76013860647,"baseline"
2018-07-17,"0.1","calib","obs","wl",10.9,"baseline"
2018-07-18,"0.1","calib","mod","wl",10.7623677849894,"baseline"
2018-07-18,"0.1","calib","obs","wl",10.885,"baseline"
2018-07-19,"0.1","calib","mod","wl",10.761169975183,"baseline"
2018-07-19,"0.1","calib","obs","wl",10.87,"baseline"
2018-07-19,"0.1","calib","mod","temp",29.2939185341958,"baseline"
2018-07-19,"0.1","calib","obs","temp",27.7175,"baseline"
2018-07-19,"0.1","calib","mod","oxy",8.04576281020735,"baseline"
2018-07-19,"0.1","calib","obs","oxy",7.5198,"baseline"
2018-07-19,"0.1","calib","mod","chla",3.20756184040007,"baseline"
2018-07-19,"0.1","calib","obs","chla",2.3858,"baseline"
2018-07-20,"0.1","calib","mod","wl",10.7624416571328,"baseline"
2018-07-20,"0.1","calib","obs","wl",10.8814285714286,"baseline"
2018-07-21,"0.1","calib","mod","wl",10.7639532867128,"baseline"
2018-07-21,"0.1","calib","obs","wl",10.8928571428571,"baseline"
2018-07-22,"0.1","calib","mod","wl",10.7652583499232,"baseline"
2018-07-22,"0.1","calib","obs","wl",10.9042857142857,"baseline"
2018-07-23,"0.1","calib","mod","wl",10.7751379835452,"baseline"
2018-07-23,"0.1","calib","obs","wl",10.9157142857143,"baseline"
2018-07-24,"0.1","calib","mod","wl",10.7908618029633,"baseline"
2018-07-24,"0.1","calib","obs","wl",10.9271428571429,"baseline"
2018-07-25,"0.1","calib","mod","wl",10.801665675403,"baseline"
2018-07-25,"0.1","calib","obs","wl",10.9385714285714,"baseline"
2018-07-26,"0.1","calib","mod","wl",10.819166374583,"baseline"
2018-07-26,"0.1","calib","obs","wl",10.95,"baseline"
2018-07-26,"0.1","calib","mod","temp",26.3898598783584,"baseline"
2018-07-26,"0.1","calib","obs","temp",25.1167,"baseline"
2018-07-26,"0.1","calib","mod","oxy",8.65809817570286,"baseline"
2018-07-26,"0.1","calib","obs","oxy",8.8533,"baseline"
2018-07-26,"0.1","calib","mod","chla",3.21205077416035,"baseline"
2018-07-26,"0.1","calib","obs","chla",3.3038,"baseline"
2018-07-27,"0.1","calib","mod","wl",10.8090801600937,"baseline"
2018-07-27,"0.1","calib","obs","wl",10.94375,"baseline"
2018-07-28,"0.1","calib","mod","wl",10.8010922053702,"baseline"
2018-07-28,"0.1","calib","obs","wl",10.9375,"baseline"
2018-07-29,"0.1","calib","mod","wl",10.792457060669,"baseline"
2018-07-29,"0.1","calib","obs","wl",10.93125,"baseline"
2018-07-30,"0.1","calib","mod","wl",10.7851620219286,"baseline"
2018-07-30,"0.1","calib","obs","wl",10.925,"baseline"
2018-07-31,"0.1","calib","mod","wl",10.7795243223834,"baseline"
2018-07-31,"0.1","calib","obs","wl",10.91875,"baseline"
2018-08-01,"0.1","calib","mod","wl",10.7765633493352,"baseline"
2018-08-01,"0.1","calib","obs","wl",10.9125,"baseline"
2018-08-02,"0.1","calib","mod","wl",10.7794705293503,"baseline"
2018-08-02,"0.1","calib","obs","wl",10.90625,"baseline"
2018-08-02,"0.1","calib","mod","temp",26.5912429616604,"baseline"
2018-08-02,"0.1","calib","obs","temp",24.9483,"baseline"
2018-08-02,"0.1","calib","mod","oxy",8.81208002114224,"baseline"
2018-08-02,"0.1","calib","obs","oxy",7.8752,"baseline"
2018-08-02,"0.1","calib","mod","chla",3.24427201579916,"baseline"
2018-08-02,"0.1","calib","obs","chla",5.1435,"baseline"
2018-08-03,"0.1","calib","mod","wl",10.8013416860029,"baseline"
2018-08-03,"0.1","calib","obs","wl",10.9,"baseline"
2018-08-04,"0.1","calib","mod","wl",10.8043342336064,"baseline"
2018-08-04,"0.1","calib","obs","wl",10.9,"baseline"
2018-08-05,"0.1","calib","mod","wl",10.7991038371486,"baseline"
2018-08-05,"0.1","calib","obs","wl",10.9,"baseline"
2018-08-06,"0.1","calib","mod","wl",10.7951324903926,"baseline"
2018-08-06,"0.1","calib","obs","wl",10.9,"baseline"
2018-08-07,"0.1","calib","mod","wl",10.7921246046675,"baseline"
2018-08-07,"0.1","calib","obs","wl",10.9,"baseline"
2018-08-08,"0.1","calib","mod","wl",10.789435064922,"baseline"
2018-08-08,"0.1","calib","obs","wl",10.9,"baseline"
2018-08-09,"0.1","calib","mod","wl",10.7868811882883,"baseline"
2018-08-09,"0.1","calib","obs","wl",10.9,"baseline"
2018-08-09,"0.1","calib","mod","temp",27.2340085942572,"baseline"
2018-08-09,"0.1","calib","obs","temp",26.7122,"baseline"
2018-08-09,"0.1","calib","mod","oxy",8.55210923589564,"baseline"
2018-08-09,"0.1","calib","obs","oxy",6.8444,"baseline"
2018-08-09,"0.1","calib","mod","chla",3.41945402799528,"baseline"
2018-08-09,"0.1","calib","obs","chla",3.1622,"baseline"
2018-08-10,"0.1","calib","mod","wl",10.7837929665337,"baseline"
2018-08-10,"0.1","calib","obs","wl",10.9,"baseline"
2018-08-11,"0.1","calib","mod","wl",10.7811901876324,"baseline"
2018-08-11,"0.1","calib","obs","wl",10.9,"baseline"
2018-08-12,"0.1","calib","mod","wl",10.78145664088,"baseline"
2018-08-12,"0.1","calib","obs","wl",10.9,"baseline"
2018-08-13,"0.1","calib","mod","wl",10.781573503469,"baseline"
2018-08-13,"0.1","calib","obs","wl",10.9,"baseline"
2018-08-14,"0.1","calib","mod","wl",10.7806797109586,"baseline"
2018-08-14,"0.1","calib","obs","wl",10.9,"baseline"
2018-08-15,"0.1","calib","mod","wl",10.7454024402418,"baseline"
2018-08-15,"0.1","calib","obs","wl",10.85,"baseline"
2018-08-16,"0.1","calib","mod","wl",10.7100496196411,"baseline"
2018-08-16,"0.1","calib","obs","wl",10.8,"baseline"
2018-08-16,"0.1","calib","mod","temp",26.9895095626683,"baseline"
2018-08-16,"0.1","calib","obs","temp",26.3975,"baseline"
2018-08-16,"0.1","calib","mod","oxy",8.60005338797747,"baseline"
2018-08-16,"0.1","calib","obs","oxy",9.7149,"baseline"
2018-08-16,"0.1","calib","mod","chla",3.42388956966628,"baseline"
2018-08-16,"0.1","calib","obs","chla",6.5993,"baseline"
2018-08-17,"0.1","calib","mod","wl",10.7086318490617,"baseline"
2018-08-17,"0.1","calib","obs","wl",10.8,"baseline"
2018-08-18,"0.1","calib","mod","wl",10.7072949753006,"baseline"
2018-08-18,"0.1","calib","obs","wl",10.8,"baseline"
2018-08-19,"0.1","calib","mod","wl",10.7251380313199,"baseline"
2018-08-19,"0.1","calib","obs","wl",10.8,"baseline"
2018-08-20,"0.1","calib","mod","wl",10.7312081627852,"baseline"
2018-08-20,"0.1","calib","obs","wl",10.8,"baseline"
2018-08-21,"0.1","calib","mod","wl",10.7271269414665,"baseline"
2018-08-21,"0.1","calib","obs","wl",10.8,"baseline"
2018-08-22,"0.1","calib","mod","wl",10.7355671939061,"baseline"
2018-08-22,"0.1","calib","obs","wl",10.8,"baseline"
2018-08-23,"0.1","calib","mod","wl",10.6989391752879,"baseline"
2018-08-23,"0.1","calib","obs","wl",10.75,"baseline"
2018-08-24,"0.1","calib","mod","wl",10.659569600009,"baseline"
2018-08-24,"0.1","calib","obs","wl",10.7,"baseline"
2018-08-24,"0.1","calib","mod","temp",23.9044899463111,"baseline"
2018-08-24,"0.1","calib","obs","temp",24.459,"baseline"
2018-08-24,"0.1","calib","mod","oxy",8.6535860937726,"baseline"
2018-08-24,"0.1","calib","obs","oxy",8.305,"baseline"
2018-08-24,"0.1","calib","mod","chla",3.38986130542676,"baseline"
2018-08-24,"0.1","calib","obs","chla",3.7606,"baseline"
2018-08-25,"0.1","calib","mod","wl",10.6565303645662,"baseline"
2018-08-25,"0.1","calib","obs","wl",10.7,"baseline"
2018-08-26,"0.1","calib","mod","wl",10.6545437040877,"baseline"
2018-08-26,"0.1","calib","obs","wl",10.7,"baseline"
2018-08-27,"0.1","calib","mod","wl",10.6539321644729,"baseline"
2018-08-27,"0.1","calib","obs","wl",10.7,"baseline"
2018-08-28,"0.1","calib","mod","wl",10.653066301713,"baseline"
2018-08-28,"0.1","calib","obs","wl",10.7,"baseline"
2018-08-29,"0.1","calib","mod","wl",10.6519916423784,"baseline"
2018-08-29,"0.1","calib","obs","wl",10.7,"baseline"
2018-08-30,"0.1","calib","mod","wl",10.6507924160956,"baseline"
2018-08-30,"0.1","calib","obs","wl",10.7,"baseline"
2018-08-31,"0.1","calib","mod","wl",10.6615209255755,"baseline"
2018-08-31,"0.1","calib","obs","wl",10.7,"baseline"
2018-09-01,"0.1","calib","mod","wl",10.6217662409711,"baseline"
2018-09-01,"0.1","calib","obs","wl",10.6428571428571,"baseline"
2018-09-02,"0.1","calib","mod","wl",10.581705871779,"baseline"
2018-09-02,"0.1","calib","obs","wl",10.5857142857143,"baseline"
2018-09-03,"0.1","calib","mod","wl",10.5411514151751,"baseline"
2018-09-03,"0.1","calib","obs","wl",10.5285714285714,"baseline"
2018-09-04,"0.1","calib","mod","wl",10.5005525531627,"baseline"
2018-09-04,"0.1","calib","obs","wl",10.4714285714286,"baseline"
2018-09-05,"0.1","calib","mod","wl",10.4593310015051,"baseline"
2018-09-05,"0.1","calib","obs","wl",10.4142857142857,"baseline"
2018-09-06,"0.1","calib","mod","wl",10.4185972550869,"baseline"
2018-09-06,"0.1","calib","obs","wl",10.3571428571429,"baseline"
2018-09-07,"0.1","calib","mod","wl",10.3774012401578,"baseline"
2018-09-07,"0.1","calib","obs","wl",10.3,"baseline"
2018-09-07,"0.1","calib","mod","temp",27.0691815269181,"baseline"
2018-09-07,"0.1","calib","obs","temp",28.1239,"baseline"
2018-09-07,"0.1","calib","mod","oxy",8.94389963958066,"baseline"
2018-09-07,"0.1","calib","obs","oxy",8.0167,"baseline"
2018-09-07,"0.1","calib","mod","chla",3.56721110009243,"baseline"
2018-09-07,"0.1","calib","obs","chla",1.6976,"baseline"
2018-09-08,"0.1","calib","mod","wl",10.3990379886694,"baseline"
2018-09-08,"0.1","calib","obs","wl",10.3333333333333,"baseline"
2018-09-09,"0.1","calib","mod","wl",10.4370961386592,"baseline"
2018-09-09,"0.1","calib","obs","wl",10.3666666666667,"baseline"
2018-09-10,"0.1","calib","mod","wl",10.4968506708538,"baseline"
2018-09-10,"0.1","calib","obs","wl",10.4,"baseline"
2018-09-11,"0.1","calib","mod","wl",10.5334325825869,"baseline"
2018-09-11,"0.1","calib","obs","wl",10.45,"baseline"
2018-09-12,"0.1","calib","mod","wl",10.5607476233281,"baseline"
2018-09-12,"0.1","calib","obs","wl",10.5,"baseline"
2018-09-13,"0.1","calib","mod","wl",10.5917308907929,"baseline"
2018-09-13,"0.1","calib","obs","wl",10.54,"baseline"
2018-09-14,"0.1","calib","mod","wl",10.6142110747519,"baseline"
2018-09-14,"0.1","calib","obs","wl",10.58,"baseline"
2018-09-15,"0.1","calib","mod","wl",10.6381605852572,"baseline"
2018-09-15,"0.1","calib","obs","wl",10.62,"baseline"
2018-09-16,"0.1","calib","mod","wl",10.6646076069584,"baseline"
2018-09-16,"0.1","calib","obs","wl",10.66,"baseline"
2018-09-17,"0.1","calib","mod","wl",10.7056523869549,"baseline"
2018-09-17,"0.1","calib","obs","wl",10.7,"baseline"
2018-09-18,"0.1","calib","mod","wl",10.7657297519421,"baseline"
2018-09-18,"0.1","calib","obs","wl",10.75,"baseline"
2018-09-19,"0.1","calib","mod","wl",10.7912615874268,"baseline"
2018-09-19,"0.1","calib","obs","wl",10.8,"baseline"
2018-09-20,"0.1","calib","mod","wl",10.8181806208233,"baseline"
2018-09-20,"0.1","calib","obs","wl",10.85,"baseline"
2018-09-21,"0.1","calib","mod","wl",10.8471979162105,"baseline"
2018-09-21,"0.1","calib","obs","wl",10.9,"baseline"
2018-09-21,"0.1","calib","mod","temp",23.938146343103,"baseline"
2018-09-21,"0.1","calib","obs","temp",23.7267,"baseline"
2018-09-21,"0.1","calib","mod","oxy",8.75324967712426,"baseline"
2018-09-21,"0.1","calib","obs","oxy",8.442,"baseline"
2018-09-21,"0.1","calib","mod","nh4",31.8969557622177,"baseline"
2018-09-21,"0.1","calib","obs","nh4",7.00000000000001,"baseline"
2018-09-21,"0.1","calib","mod","no3",1.59056638543877,"baseline"
2018-09-21,"0.1","calib","obs","no3",3,"baseline"
2018-09-21,"0.1","calib","mod","po4",6.34799804213528,"baseline"
2018-09-21,"0.1","calib","obs","po4",8,"baseline"
2018-09-21,"0.1","calib","mod","chla",3.37557953594219,"baseline"
2018-09-21,"0.1","calib","obs","chla",2.9802,"baseline"
2018-09-21,"0.1","calib","obs","din",10,"baseline"
2018-09-21,"0.1","calib","mod","din",33.4875221476565,"baseline"
2018-09-22,"0.1","calib","mod","wl",10.8662900439995,"baseline"
2018-09-22,"0.1","calib","obs","wl",10.9333333333333,"baseline"
2018-09-23,"0.1","calib","mod","wl",10.9235829531898,"baseline"
2018-09-23,"0.1","calib","obs","wl",10.9666666666667,"baseline"
2018-09-24,"0.1","calib","mod","wl",10.9725715513263,"baseline"
2018-09-24,"0.1","calib","obs","wl",11,"baseline"
2018-09-25,"0.1","calib","mod","wl",10.9812588267761,"baseline"
2018-09-25,"0.1","calib","obs","wl",11.025,"baseline"
2018-09-26,"0.1","calib","mod","wl",10.9946867037595,"baseline"
2018-09-26,"0.1","calib","obs","wl",11.05,"baseline"
2018-09-27,"0.1","calib","mod","wl",11.0083310033538,"baseline"
2018-09-27,"0.1","calib","obs","wl",11.075,"baseline"
2018-09-28,"0.1","calib","mod","wl",11.0342014667644,"baseline"
2018-09-28,"0.1","calib","obs","wl",11.1,"baseline"
2018-09-29,"0.1","calib","mod","wl",11.022241612766,"baseline"
2018-09-29,"0.1","calib","obs","wl",11.08,"baseline"
2018-09-30,"0.1","calib","mod","wl",11.0037594956422,"baseline"
2018-09-30,"0.1","calib","obs","wl",11.06,"baseline"
2018-10-01,"0.1","calib","mod","wl",10.9866471680444,"baseline"
2018-10-01,"0.1","calib","obs","wl",11.04,"baseline"
2018-10-02,"0.1","calib","mod","wl",10.9704758577522,"baseline"
2018-10-02,"0.1","calib","obs","wl",11.02,"baseline"
2018-10-03,"0.1","calib","mod","wl",10.9546957793146,"baseline"
2018-10-03,"0.1","calib","obs","wl",11,"baseline"
2018-10-04,"0.1","calib","mod","wl",10.9892732695254,"baseline"
2018-10-04,"0.1","calib","obs","wl",11.05,"baseline"
2018-10-05,"0.1","calib","mod","wl",11.0236692271594,"baseline"
2018-10-05,"0.1","calib","obs","wl",11.1,"baseline"
2018-10-05,"0.1","calib","mod","temp",22.8946113812129,"baseline"
2018-10-05,"0.1","calib","obs","temp",23.2075,"baseline"
2018-10-05,"0.1","calib","mod","oxy",9.05671133593481,"baseline"
2018-10-05,"0.1","calib","obs","oxy",8.575,"baseline"
2018-10-05,"0.1","calib","mod","nh4",31.9598451206376,"baseline"
2018-10-05,"0.1","calib","obs","nh4",7.00000000000001,"baseline"
2018-10-05,"0.1","calib","mod","no3",4.25944447476305,"baseline"
2018-10-05,"0.1","calib","obs","no3",4,"baseline"
2018-10-05,"0.1","calib","mod","po4",3.478894047619,"baseline"
2018-10-05,"0.1","calib","obs","po4",14,"baseline"
2018-10-05,"0.1","calib","mod","chla",2.67783569848545,"baseline"
2018-10-05,"0.1","calib","obs","chla",1.755,"baseline"
2018-10-05,"0.1","calib","obs","din",11,"baseline"
2018-10-05,"0.1","calib","mod","din",36.2192895954006,"baseline"
2018-10-06,"0.1","calib","mod","wl",10.9990825331389,"baseline"
2018-10-06,"0.1","calib","obs","wl",11.0666666666667,"baseline"
2018-10-07,"0.1","calib","mod","wl",10.9744972509618,"baseline"
2018-10-07,"0.1","calib","obs","wl",11.0333333333333,"baseline"
2018-10-08,"0.1","calib","mod","wl",10.9501865696571,"baseline"
2018-10-08,"0.1","calib","obs","wl",11,"baseline"
2018-10-09,"0.1","calib","mod","wl",10.9975456927899,"baseline"
2018-10-09,"0.1","calib","obs","wl",11.075,"baseline"
2018-10-10,"0.1","calib","mod","wl",11.0543757950628,"baseline"
2018-10-10,"0.1","calib","obs","wl",11.15,"baseline"
2018-10-11,"0.1","calib","mod","wl",11.1120944666687,"baseline"
2018-10-11,"0.1","calib","obs","wl",11.225,"baseline"
2018-10-12,"0.1","calib","mod","wl",11.23304035359,"baseline"
2018-10-12,"0.1","calib","obs","wl",11.3,"baseline"
2018-10-13,"0.1","calib","mod","wl",11.2160955463821,"baseline"
2018-10-13,"0.1","calib","obs","wl",11.3,"baseline"
2018-10-14,"0.1","calib","mod","wl",11.2069512952857,"baseline"
2018-10-14,"0.1","calib","obs","wl",11.3,"baseline"
2018-10-15,"0.1","calib","mod","wl",11.2024844659625,"baseline"
2018-10-15,"0.1","calib","obs","wl",11.3,"baseline"
2018-10-16,"0.1","calib","mod","wl",11.1987148731739,"baseline"
2018-10-16,"0.1","calib","obs","wl",11.3,"baseline"
2018-10-17,"0.1","calib","mod","wl",11.1959175253234,"baseline"
2018-10-17,"0.1","calib","obs","wl",11.3,"baseline"
2018-10-18,"0.1","calib","mod","wl",11.193870010191,"baseline"
2018-10-18,"0.1","calib","obs","wl",11.3,"baseline"
2018-10-19,"0.1","calib","mod","wl",11.1192688003087,"baseline"
2018-10-19,"0.1","calib","obs","wl",11.2,"baseline"
2018-10-19,"0.1","calib","mod","temp",16.8279455281938,"baseline"
2018-10-19,"0.1","calib","obs","temp",16.4142,"baseline"
2018-10-19,"0.1","calib","mod","oxy",9.3706257919329,"baseline"
2018-10-19,"0.1","calib","obs","oxy",7.0584,"baseline"
2018-10-19,"0.1","calib","mod","nh4",17.8498742396741,"baseline"
2018-10-19,"0.1","calib","obs","nh4",0,"baseline"
2018-10-19,"0.1","calib","mod","no3",3.63798596639793,"baseline"
2018-10-19,"0.1","calib","obs","no3",4,"baseline"
2018-10-19,"0.1","calib","mod","po4",5.90169632515153,"baseline"
2018-10-19,"0.1","calib","obs","po4",8,"baseline"
2018-10-19,"0.1","calib","mod","chla",2.51601128760099,"baseline"
2018-10-19,"0.1","calib","obs","chla",1.6862,"baseline"
2018-10-19,"0.1","calib","obs","din",4,"baseline"
2018-10-19,"0.1","calib","mod","din",21.487860206072,"baseline"
2018-10-20,"0.1","calib","mod","wl",11.1027921611065,"baseline"
2018-10-20,"0.1","calib","obs","wl",11.18,"baseline"
2018-10-21,"0.1","calib","mod","wl",11.086799601096,"baseline"
2018-10-21,"0.1","calib","obs","wl",11.16,"baseline"
2018-10-22,"0.1","calib","mod","wl",11.0691806149001,"baseline"
2018-10-22,"0.1","calib","obs","wl",11.14,"baseline"
2018-10-23,"0.1","calib","mod","wl",11.0528482007543,"baseline"
2018-10-23,"0.1","calib","obs","wl",11.12,"baseline"
2018-10-24,"0.1","calib","mod","wl",11.036038237584,"baseline"
2018-10-24,"0.1","calib","obs","wl",11.1,"baseline"
2018-10-25,"0.1","calib","mod","wl",11.033485714231,"baseline"
2018-10-25,"0.1","calib","obs","wl",11.1,"baseline"
2018-10-26,"0.1","calib","mod","wl",11.0315737080419,"baseline"
2018-10-26,"0.1","calib","obs","wl",11.1,"baseline"
2018-10-27,"0.1","calib","mod","wl",11.0519594483869,"baseline"
2018-10-27,"0.1","calib","obs","wl",11.1,"baseline"
2018-10-28,"0.1","calib","mod","wl",11.0506379383335,"baseline"
2018-10-28,"0.1","calib","obs","wl",11.1,"baseline"
2018-10-29,"0.1","calib","mod","wl",11.047500952034,"baseline"
2018-10-29,"0.1","calib","obs","wl",11.1,"baseline"
2018-10-29,"0.1","calib","mod","temp",13.9824632171671,"baseline"
2018-10-29,"0.1","calib","obs","temp",8.3,"baseline"
2018-10-29,"0.1","calib","mod","oxy",9.81645607636546,"baseline"
2018-10-29,"0.1","calib","obs","oxy",10.26,"baseline"
2018-10-30,"0.1","calib","mod","wl",11.0464669668394,"baseline"
2018-10-30,"0.1","calib","obs","wl",11.1,"baseline"
2018-10-31,"0.1","calib","mod","wl",11.0440041145863,"baseline"
2018-10-31,"0.1","calib","obs","wl",11.1,"baseline"
2018-11-01,"0.1","calib","mod","wl",11.0425637076527,"baseline"
2018-11-01,"0.1","calib","obs","wl",11.1,"baseline"
2018-11-02,"0.1","calib","mod","wl",11.0418407371317,"baseline"
2018-11-02,"0.1","calib","obs","wl",11.1,"baseline"
2018-11-02,"0.1","calib","mod","temp",13.692856837062,"baseline"
2018-11-02,"0.1","calib","obs","temp",12.7664,"baseline"
2018-11-02,"0.1","calib","mod","oxy",10.3395765626223,"baseline"
2018-11-02,"0.1","calib","obs","oxy",8.6335,"baseline"
2018-11-02,"0.1","calib","mod","nh4",39.0596609174916,"baseline"
2018-11-02,"0.1","calib","obs","nh4",78,"baseline"
2018-11-02,"0.1","calib","mod","no3",4.79770897834371,"baseline"
2018-11-02,"0.1","calib","obs","no3",7.99999999999999,"baseline"
2018-11-02,"0.1","calib","mod","po4",6.2733406552582,"baseline"
2018-11-02,"0.1","calib","obs","po4",8,"baseline"
2018-11-02,"0.1","calib","mod","chla",0.327154044902845,"baseline"
2018-11-02,"0.1","calib","obs","chla",3.1087,"baseline"
2018-11-02,"0.1","calib","obs","din",85.9999999999999,"baseline"
2018-11-02,"0.1","calib","mod","din",43.8573698958353,"baseline"
2018-11-03,"0.1","calib","mod","wl",11.0525580876759,"baseline"
2018-11-03,"0.1","calib","obs","wl",11.1,"baseline"
2018-11-04,"0.1","calib","mod","wl",11.0489511079078,"baseline"
2018-11-04,"0.1","calib","obs","wl",11.1,"baseline"
2018-11-05,"0.1","calib","mod","wl",11.046355999465,"baseline"
2018-11-05,"0.1","calib","obs","wl",11.1,"baseline"
2018-11-06,"0.1","calib","mod","wl",11.0465322745009,"baseline"
2018-11-06,"0.1","calib","obs","wl",11.1,"baseline"
2018-11-07,"0.1","calib","mod","wl",11.0500576644544,"baseline"
2018-11-07,"0.1","calib","obs","wl",11.1,"baseline"
2018-11-08,"0.1","calib","mod","wl",11.0476276251166,"baseline"
2018-11-08,"0.1","calib","obs","wl",11.1,"baseline"
2018-11-09,"0.1","calib","mod","wl",11.0456431507569,"baseline"
2018-11-09,"0.1","calib","obs","wl",11.1,"baseline"
2018-11-10,"0.1","calib","mod","wl",11.0480990729296,"baseline"
2018-11-10,"0.1","calib","obs","wl",11.1,"baseline"
2018-11-11,"0.1","calib","mod","wl",11.0446975573288,"baseline"
2018-11-11,"0.1","calib","obs","wl",11.1,"baseline"
2018-11-12,"0.1","calib","mod","wl",11.0423022871604,"baseline"
2018-11-12,"0.1","calib","obs","wl",11.1,"baseline"
2018-11-13,"0.1","calib","mod","wl",11.0567947660852,"baseline"
2018-11-13,"0.1","calib","obs","wl",11.1,"baseline"
2018-11-14,"0.1","calib","mod","wl",11.063292047961,"baseline"
2018-11-14,"0.1","calib","obs","wl",11.1,"baseline"
2018-11-15,"0.1","calib","mod","wl",11.1293057203566,"baseline"
2018-11-15,"0.1","calib","obs","wl",11.2,"baseline"
2018-11-16,"0.1","calib","mod","wl",11.2220161718967,"baseline"
2018-11-16,"0.1","calib","obs","wl",11.3,"baseline"
2018-11-16,"0.1","calib","mod","temp",9.12916700233219,"baseline"
2018-11-16,"0.1","calib","obs","temp",8.2848,"baseline"
2018-11-16,"0.1","calib","mod","oxy",10.7020463382618,"baseline"
2018-11-16,"0.1","calib","obs","oxy",9.4962,"baseline"
2018-11-16,"0.1","calib","mod","nh4",27.4934545512922,"baseline"
2018-11-16,"0.1","calib","obs","nh4",113,"baseline"
2018-11-16,"0.1","calib","mod","no3",4.33391700079258,"baseline"
2018-11-16,"0.1","calib","obs","no3",9.99999999999999,"baseline"
2018-11-16,"0.1","calib","mod","po4",4.29102531405791,"baseline"
2018-11-16,"0.1","calib","obs","po4",11,"baseline"
2018-11-16,"0.1","calib","mod","chla",0.160454249502304,"baseline"
2018-11-16,"0.1","calib","obs","chla",0.4327,"baseline"
2018-11-16,"0.1","calib","obs","din",123,"baseline"
2018-11-16,"0.1","calib","mod","din",31.8273715520848,"baseline"
2018-11-17,"0.1","calib","mod","wl",11.1991535856628,"baseline"
2018-11-17,"0.1","calib","obs","wl",11.275,"baseline"
2018-11-18,"0.1","calib","mod","wl",11.177798174932,"baseline"
2018-11-18,"0.1","calib","obs","wl",11.25,"baseline"
2018-11-19,"0.1","calib","mod","wl",11.1577299051154,"baseline"
2018-11-19,"0.1","calib","obs","wl",11.225,"baseline"
2018-11-20,"0.1","calib","mod","wl",11.1383295913098,"baseline"
2018-11-20,"0.1","calib","obs","wl",11.2,"baseline"
2018-11-21,"0.1","calib","mod","wl",11.1283980049744,"baseline"
2018-11-21,"0.1","calib","obs","wl",11.1888888888889,"baseline"
2018-11-22,"0.1","calib","mod","wl",11.1181670292073,"baseline"
2018-11-22,"0.1","calib","obs","wl",11.1777777777778,"baseline"
2018-11-23,"0.1","calib","mod","wl",11.1082439190814,"baseline"
2018-11-23,"0.1","calib","obs","wl",11.1666666666667,"baseline"
2018-11-24,"0.1","calib","mod","wl",11.0985116621295,"baseline"
2018-11-24,"0.1","calib","obs","wl",11.1555555555556,"baseline"
2018-11-25,"0.1","calib","mod","wl",11.1128447826465,"baseline"
2018-11-25,"0.1","calib","obs","wl",11.1444444444444,"baseline"
2018-11-26,"0.1","calib","mod","wl",11.1017272357013,"baseline"
2018-11-26,"0.1","calib","obs","wl",11.1333333333333,"baseline"
2018-11-27,"0.1","calib","mod","wl",11.0912984406004,"baseline"
2018-11-27,"0.1","calib","obs","wl",11.1222222222222,"baseline"
2018-11-28,"0.1","calib","mod","wl",11.0800936781526,"baseline"
2018-11-28,"0.1","calib","obs","wl",11.1111111111111,"baseline"
2018-11-29,"0.1","calib","mod","wl",11.0683935099772,"baseline"
2018-11-29,"0.1","calib","obs","wl",11.1,"baseline"
2018-11-30,"0.1","calib","mod","wl",11.0660678224851,"baseline"
2018-11-30,"0.1","calib","obs","wl",11.1,"baseline"
2018-12-01,"0.1","calib","mod","wl",11.0680709768728,"baseline"
2018-12-01,"0.1","calib","obs","wl",11.1,"baseline"
2018-12-02,"0.1","calib","mod","wl",11.0698583794035,"baseline"
2018-12-02,"0.1","calib","obs","wl",11.1,"baseline"
2018-12-03,"0.1","calib","mod","wl",11.0701886836751,"baseline"
2018-12-03,"0.1","calib","obs","wl",11.1,"baseline"
2018-12-04,"0.1","calib","mod","wl",11.0683689019446,"baseline"
2018-12-04,"0.1","calib","obs","wl",11.1,"baseline"
2018-12-05,"0.1","calib","mod","wl",11.06641438719,"baseline"
2018-12-05,"0.1","calib","obs","wl",11.1,"baseline"
2018-12-06,"0.1","calib","mod","wl",11.0652119961073,"baseline"
2018-12-06,"0.1","calib","obs","wl",11.1,"baseline"
2018-12-06,"0.1","calib","mod","temp",2.81547578507767,"baseline"
2018-12-06,"0.1","calib","obs","temp",4.6431,"baseline"
2018-12-06,"0.1","calib","mod","oxy",11.7863217849775,"baseline"
2018-12-06,"0.1","calib","obs","oxy",9.7094,"baseline"
2018-12-06,"0.1","calib","mod","nh4",17.620733447242,"baseline"
2018-12-06,"0.1","calib","obs","nh4",98,"baseline"
2018-12-06,"0.1","calib","mod","no3",6.70718178237954,"baseline"
2018-12-06,"0.1","calib","obs","no3",20,"baseline"
2018-12-06,"0.1","calib","mod","po4",2.77757996777085,"baseline"
2018-12-06,"0.1","calib","obs","po4",9,"baseline"
2018-12-06,"0.1","calib","mod","chla",1.57861552377258,"baseline"
2018-12-06,"0.1","calib","obs","chla",0.5419,"baseline"
2018-12-06,"0.1","calib","obs","din",118,"baseline"
2018-12-06,"0.1","calib","mod","din",24.3279152296215,"baseline"
2018-12-07,"0.1","calib","mod","wl",11.0635939976413,"baseline"
2018-12-07,"0.1","calib","obs","wl",11.1,"baseline"
2018-12-08,"0.1","calib","mod","wl",11.0623218271996,"baseline"
2018-12-08,"0.1","calib","obs","wl",11.1,"baseline"
2018-12-09,"0.1","calib","mod","wl",11.0614557818663,"baseline"
2018-12-09,"0.1","calib","obs","wl",11.1,"baseline"
2018-12-10,"0.1","calib","mod","wl",11.0602175875196,"baseline"
2018-12-10,"0.1","calib","obs","wl",11.1,"baseline"
2018-12-11,"0.1","calib","mod","wl",11.0631118469135,"baseline"
2018-12-11,"0.1","calib","obs","wl",11.1,"baseline"
2018-12-12,"0.1","calib","mod","wl",11.0612025809337,"baseline"
2018-12-12,"0.1","calib","obs","wl",11.1,"baseline"
2018-12-13,"0.1","calib","mod","wl",11.0599731727894,"baseline"
2018-12-13,"0.1","calib","obs","wl",11.1,"baseline"
2018-12-14,"0.1","calib","mod","wl",11.0591385475232,"baseline"
2018-12-14,"0.1","calib","obs","wl",11.1,"baseline"
2018-12-15,"0.1","calib","mod","wl",11.0696824063386,"baseline"
2018-12-15,"0.1","calib","obs","wl",11.1,"baseline"
2018-12-16,"0.1","calib","mod","wl",11.08890322015,"baseline"
2018-12-16,"0.1","calib","obs","wl",11.1,"baseline"
2018-12-17,"0.1","calib","mod","wl",11.0892395339814,"baseline"
2018-12-17,"0.1","calib","obs","wl",11.1,"baseline"
2018-12-18,"0.1","calib","mod","wl",11.0856713958191,"baseline"
2018-12-18,"0.1","calib","obs","wl",11.1,"baseline"
2018-12-19,"0.1","calib","mod","wl",11.0825190647848,"baseline"
2018-12-19,"0.1","calib","obs","wl",11.1,"baseline"
2018-12-20,"0.1","calib","mod","wl",11.1072435069498,"baseline"
2018-12-20,"0.1","calib","obs","wl",11.1375,"baseline"
2018-12-21,"0.1","calib","mod","wl",11.1528158754778,"baseline"
2018-12-21,"0.1","calib","obs","wl",11.175,"baseline"
2018-12-22,"0.1","calib","mod","wl",11.1873905902494,"baseline"
2018-12-22,"0.1","calib","obs","wl",11.2125,"baseline"
2018-12-23,"0.1","calib","mod","wl",11.2089820300106,"baseline"
2018-12-23,"0.1","calib","obs","wl",11.25,"baseline"
2018-12-24,"0.1","calib","mod","wl",11.2316065651548,"baseline"
2018-12-24,"0.1","calib","obs","wl",11.2875,"baseline"
2018-12-25,"0.1","calib","mod","wl",11.2549574412646,"baseline"
2018-12-25,"0.1","calib","obs","wl",11.325,"baseline"
2018-12-26,"0.1","calib","mod","wl",11.2790769835557,"baseline"
2018-12-26,"0.1","calib","obs","wl",11.3625,"baseline"
2018-12-27,"0.1","calib","mod","wl",11.3037291984797,"baseline"
2018-12-27,"0.1","calib","obs","wl",11.4,"baseline"
2018-12-28,"0.1","calib","mod","wl",11.3029456392288,"baseline"
2018-12-28,"0.1","calib","obs","wl",11.4,"baseline"
2018-12-29,"0.1","calib","mod","wl",11.3329361994364,"baseline"
2018-12-29,"0.1","calib","obs","wl",11.4,"baseline"
2018-12-30,"0.1","calib","mod","wl",11.3282635413857,"baseline"
2018-12-30,"0.1","calib","obs","wl",11.4,"baseline"
2018-12-31,"0.1","calib","mod","wl",11.3248606966758,"baseline"
2018-12-31,"0.1","calib","obs","wl",11.4,"baseline"
2019-01-01,"0.1","calib","mod","wl",11.3241127620575,"baseline"
2019-01-01,"0.1","calib","obs","wl",11.4,"baseline"
2019-01-02,"0.1","calib","mod","wl",11.3219005529984,"baseline"
2019-01-02,"0.1","calib","obs","wl",11.4,"baseline"
2019-01-03,"0.1","calib","mod","wl",11.3202108879051,"baseline"
2019-01-03,"0.1","calib","obs","wl",11.4,"baseline"
2019-01-04,"0.1","calib","mod","wl",11.3219056363409,"baseline"
2019-01-04,"0.1","calib","obs","wl",11.4,"baseline"
2019-01-05,"0.1","calib","mod","wl",11.3226922234725,"baseline"
2019-01-05,"0.1","calib","obs","wl",11.4,"baseline"
2019-01-06,"0.1","calib","mod","wl",11.3236812205498,"baseline"
2019-01-06,"0.1","calib","obs","wl",11.4,"baseline"
2019-01-07,"0.1","calib","mod","wl",11.3221365139517,"baseline"
2019-01-07,"0.1","calib","obs","wl",11.4,"baseline"
2019-01-08,"0.1","calib","mod","wl",11.3207827884377,"baseline"
2019-01-08,"0.1","calib","obs","wl",11.4,"baseline"
2019-01-09,"0.1","calib","mod","wl",11.3198607780095,"baseline"
2019-01-09,"0.1","calib","obs","wl",11.4,"baseline"
2019-01-10,"0.1","calib","mod","wl",11.3182367624053,"baseline"
2019-01-10,"0.1","calib","obs","wl",11.4,"baseline"
2019-01-11,"0.1","calib","mod","wl",11.3154058123495,"baseline"
2019-01-11,"0.1","calib","obs","wl",11.4,"baseline"
2019-01-12,"0.1","calib","mod","wl",11.3013893162213,"baseline"
2019-01-12,"0.1","calib","obs","wl",11.3833333333333,"baseline"
2019-01-13,"0.1","calib","mod","wl",11.2893962847423,"baseline"
2019-01-13,"0.1","calib","obs","wl",11.3666666666667,"baseline"
2019-01-14,"0.1","calib","mod","wl",11.2776213504655,"baseline"
2019-01-14,"0.1","calib","obs","wl",11.35,"baseline"
2019-01-15,"0.1","calib","mod","wl",11.2722942468365,"baseline"
2019-01-15,"0.1","calib","obs","wl",11.3333333333333,"baseline"
2019-01-16,"0.1","calib","mod","wl",11.2628053851254,"baseline"
2019-01-16,"0.1","calib","obs","wl",11.3166666666667,"baseline"
2019-01-17,"0.1","calib","mod","wl",11.2494841833208,"baseline"
2019-01-17,"0.1","calib","obs","wl",11.3,"baseline"
2019-01-18,"0.1","calib","mod","wl",11.2484622247184,"baseline"
2019-01-18,"0.1","calib","obs","wl",11.3,"baseline"
2019-01-19,"0.1","calib","mod","wl",11.2496465967581,"baseline"
2019-01-19,"0.1","calib","obs","wl",11.3,"baseline"
2019-01-20,"0.1","calib","mod","wl",11.2522628946021,"baseline"
2019-01-20,"0.1","calib","obs","wl",11.3,"baseline"
2019-01-21,"0.1","calib","mod","wl",11.2599841348839,"baseline"
2019-01-21,"0.1","calib","obs","wl",11.3,"baseline"
2019-01-22,"0.1","calib","mod","wl",11.2564673697962,"baseline"
2019-01-22,"0.1","calib","obs","wl",11.3,"baseline"
2019-01-23,"0.1","calib","mod","wl",11.2542733494498,"baseline"
2019-01-23,"0.1","calib","obs","wl",11.3,"baseline"
2019-01-24,"0.1","calib","mod","wl",11.2530597534098,"baseline"
2019-01-24,"0.1","calib","obs","wl",11.3,"baseline"
2019-01-25,"0.1","calib","mod","wl",11.2564165028704,"baseline"
2019-01-25,"0.1","calib","obs","wl",11.2875,"baseline"
2019-01-26,"0.1","calib","mod","wl",11.2449346284661,"baseline"
2019-01-26,"0.1","calib","obs","wl",11.275,"baseline"
2019-01-27,"0.1","calib","mod","wl",11.2341496008083,"baseline"
2019-01-27,"0.1","calib","obs","wl",11.2625,"baseline"
2019-01-28,"0.1","calib","mod","wl",11.224146045599,"baseline"
2019-01-28,"0.1","calib","obs","wl",11.25,"baseline"
2019-01-29,"0.1","calib","mod","wl",11.2144845391475,"baseline"
2019-01-29,"0.1","calib","obs","wl",11.2375,"baseline"
2019-01-30,"0.1","calib","mod","wl",11.2070329424839,"baseline"
2019-01-30,"0.1","calib","obs","wl",11.225,"baseline"
2019-01-31,"0.1","calib","mod","wl",11.1965608675796,"baseline"
2019-01-31,"0.1","calib","obs","wl",11.2125,"baseline"
2019-02-01,"0.1","calib","mod","wl",11.186280347672,"baseline"
2019-02-01,"0.1","calib","obs","wl",11.2,"baseline"
2019-02-02,"0.1","calib","mod","wl",11.1856002835432,"baseline"
2019-02-02,"0.1","calib","obs","wl",11.2,"baseline"
2019-02-03,"0.1","calib","mod","wl",11.185164411864,"baseline"
2019-02-03,"0.1","calib","obs","wl",11.2,"baseline"
2019-02-04,"0.1","calib","mod","wl",11.1846596795886,"baseline"
2019-02-04,"0.1","calib","obs","wl",11.2,"baseline"
2019-02-05,"0.1","calib","mod","wl",11.1841163474444,"baseline"
2019-02-05,"0.1","calib","obs","wl",11.2,"baseline"
2019-02-06,"0.1","calib","mod","wl",11.1836988915753,"baseline"
2019-02-06,"0.1","calib","obs","wl",11.2,"baseline"
2019-02-07,"0.1","calib","mod","wl",11.1832387199716,"baseline"
2019-02-07,"0.1","calib","obs","wl",11.2,"baseline"
2019-02-08,"0.1","calib","mod","wl",11.1857188880544,"baseline"
2019-02-08,"0.1","calib","obs","wl",11.2,"baseline"
2019-02-09,"0.1","calib","mod","wl",11.1837710370199,"baseline"
2019-02-09,"0.1","calib","obs","wl",11.2,"baseline"
2019-02-10,"0.1","calib","mod","wl",11.1805880927538,"baseline"
2019-02-10,"0.1","calib","obs","wl",11.2,"baseline"
2019-02-11,"0.1","calib","mod","wl",11.1795496419302,"baseline"
2019-02-11,"0.1","calib","obs","wl",11.2,"baseline"
2019-02-12,"0.1","calib","mod","wl",11.1821168742774,"baseline"
2019-02-12,"0.1","calib","obs","wl",11.2,"baseline"
2019-02-13,"0.1","calib","mod","wl",11.213831779236,"baseline"
2019-02-13,"0.1","calib","obs","wl",11.2333333333333,"baseline"
2019-02-14,"0.1","calib","mod","wl",11.2357133255288,"baseline"
2019-02-14,"0.1","calib","obs","wl",11.2666666666667,"baseline"
2019-02-15,"0.1","calib","mod","wl",11.2564004749831,"baseline"
2019-02-15,"0.1","calib","obs","wl",11.3,"baseline"
2019-02-16,"0.1","calib","mod","wl",11.2780110917175,"baseline"
2019-02-16,"0.1","calib","obs","wl",11.3333333333333,"baseline"
2019-02-17,"0.1","calib","mod","wl",11.3087202386055,"baseline"
2019-02-17,"0.1","calib","obs","wl",11.3666666666667,"baseline"
2019-02-18,"0.1","calib","mod","wl",11.3319922313551,"baseline"
2019-02-18,"0.1","calib","obs","wl",11.4,"baseline"
2019-02-19,"0.1","calib","mod","wl",11.3634280905346,"baseline"
2019-02-19,"0.1","calib","obs","wl",11.4333333333333,"baseline"
2019-02-20,"0.1","calib","mod","wl",11.3832768473113,"baseline"
2019-02-20,"0.1","calib","obs","wl",11.4666666666667,"baseline"
2019-02-21,"0.1","calib","mod","wl",11.4064082179635,"baseline"
2019-02-21,"0.1","calib","obs","wl",11.5,"baseline"
2019-02-22,"0.1","calib","mod","wl",11.4022237832978,"baseline"
2019-02-22,"0.1","calib","obs","wl",11.5333333333333,"baseline"
2019-02-23,"0.1","calib","mod","wl",11.4327276363016,"baseline"
2019-02-23,"0.1","calib","obs","wl",11.5666666666667,"baseline"
2019-02-24,"0.1","calib","mod","wl",11.4800900798362,"baseline"
2019-02-24,"0.1","calib","obs","wl",11.6,"baseline"
2019-02-25,"0.1","calib","mod","wl",11.5492406121652,"baseline"
2019-02-25,"0.1","calib","obs","wl",11.6333333333333,"baseline"
2019-02-26,"0.1","calib","mod","wl",11.5653517910912,"baseline"
2019-02-26,"0.1","calib","obs","wl",11.6666666666667,"baseline"
2019-02-27,"0.1","calib","mod","wl",11.5835378457942,"baseline"
2019-02-27,"0.1","calib","obs","wl",11.7,"baseline"
2019-02-28,"0.1","calib","mod","wl",11.5809451947201,"baseline"
2019-02-28,"0.1","calib","obs","wl",11.7,"baseline"
2019-03-01,"0.1","calib","mod","wl",11.5792643547052,"baseline"
2019-03-01,"0.1","calib","obs","wl",11.7,"baseline"
2019-03-02,"0.1","calib","mod","wl",11.5905963206113,"baseline"
2019-03-02,"0.1","calib","obs","wl",11.7,"baseline"
2019-03-03,"0.1","calib","mod","wl",11.5894632544992,"baseline"
2019-03-03,"0.1","calib","obs","wl",11.7,"baseline"
2019-03-04,"0.1","calib","mod","wl",11.5964116242793,"baseline"
2019-03-04,"0.1","calib","obs","wl",11.7,"baseline"
2019-03-05,"0.1","calib","mod","wl",11.5935774371784,"baseline"
2019-03-05,"0.1","calib","obs","wl",11.7,"baseline"
2019-03-06,"0.1","calib","mod","wl",11.5911101421709,"baseline"
2019-03-06,"0.1","calib","obs","wl",11.7,"baseline"
2019-03-07,"0.1","calib","mod","wl",11.5888105529943,"baseline"
2019-03-07,"0.1","calib","obs","wl",11.7,"baseline"
2019-03-08,"0.1","calib","mod","wl",11.587220803894,"baseline"
2019-03-08,"0.1","calib","obs","wl",11.7,"baseline"
2019-03-09,"0.1","calib","mod","wl",11.5863816388266,"baseline"
2019-03-09,"0.1","calib","obs","wl",11.7,"baseline"
2019-03-10,"0.1","calib","mod","wl",11.5885711046768,"baseline"
2019-03-10,"0.1","calib","obs","wl",11.7,"baseline"
2019-03-11,"0.1","calib","mod","wl",11.5920586318148,"baseline"
2019-03-11,"0.1","calib","obs","wl",11.7,"baseline"
2019-03-12,"0.1","calib","mod","wl",11.5901450960067,"baseline"
2019-03-12,"0.1","calib","obs","wl",11.7,"baseline"
2019-03-13,"0.1","calib","mod","wl",11.5880036722509,"baseline"
2019-03-13,"0.1","calib","obs","wl",11.7,"baseline"
2019-03-14,"0.1","calib","mod","wl",11.5788399789752,"baseline"
2019-03-14,"0.1","calib","obs","wl",11.6888888888889,"baseline"
2019-03-15,"0.1","calib","mod","wl",11.5706718447607,"baseline"
2019-03-15,"0.1","calib","obs","wl",11.6777777777778,"baseline"
2019-03-16,"0.1","calib","mod","wl",11.5623180222909,"baseline"
2019-03-16,"0.1","calib","obs","wl",11.6666666666667,"baseline"
2019-03-17,"0.1","calib","mod","wl",11.5522626324212,"baseline"
2019-03-17,"0.1","calib","obs","wl",11.6555555555556,"baseline"
2019-03-18,"0.1","calib","mod","wl",11.5427298801036,"baseline"
2019-03-18,"0.1","calib","obs","wl",11.6444444444444,"baseline"
2019-03-19,"0.1","calib","mod","wl",11.5331802313727,"baseline"
2019-03-19,"0.1","calib","obs","wl",11.6333333333333,"baseline"
2019-03-20,"0.1","calib","mod","wl",11.523872737445,"baseline"
2019-03-20,"0.1","calib","obs","wl",11.6222222222222,"baseline"
2019-03-21,"0.1","calib","mod","wl",11.5150930463774,"baseline"
2019-03-21,"0.1","calib","obs","wl",11.6111111111111,"baseline"
2019-03-22,"0.1","calib","mod","wl",11.5137406153052,"baseline"
2019-03-22,"0.1","calib","obs","wl",11.6,"baseline"
2019-03-23,"0.1","calib","mod","wl",11.4886893124381,"baseline"
2019-03-23,"0.1","calib","obs","wl",11.5666666666667,"baseline"
2019-03-24,"0.1","calib","mod","wl",11.4630254159948,"baseline"
2019-03-24,"0.1","calib","obs","wl",11.5333333333333,"baseline"
2019-03-25,"0.1","calib","mod","wl",11.4380802018679,"baseline"
2019-03-25,"0.1","calib","obs","wl",11.5,"baseline"
2019-03-26,"0.1","calib","mod","wl",11.4163878502862,"baseline"
2019-03-26,"0.1","calib","obs","wl",11.4666666666667,"baseline"
2019-03-27,"0.1","calib","mod","wl",11.3924214961822,"baseline"
2019-03-27,"0.1","calib","obs","wl",11.4333333333333,"baseline"
2019-03-28,"0.1","calib","mod","wl",11.3675633732973,"baseline"
2019-03-28,"0.1","calib","obs","wl",11.4,"baseline"
2019-03-29,"0.1","calib","mod","wl",11.355750637609,"baseline"
2019-03-29,"0.1","calib","obs","wl",11.3857142857143,"baseline"
2019-03-30,"0.1","calib","mod","wl",11.3442101018605,"baseline"
2019-03-30,"0.1","calib","obs","wl",11.3714285714286,"baseline"
2019-03-31,"0.1","calib","mod","wl",11.3324625542163,"baseline"
2019-03-31,"0.1","calib","obs","wl",11.3571428571429,"baseline"
2019-04-01,"0.1","calib","mod","wl",11.3205002893229,"baseline"
2019-04-01,"0.1","calib","obs","wl",11.3428571428571,"baseline"
2019-04-02,"0.1","calib","mod","wl",11.3080596027673,"baseline"
2019-04-02,"0.1","calib","obs","wl",11.3285714285714,"baseline"
2019-04-03,"0.1","calib","mod","wl",11.2971427728355,"baseline"
2019-04-03,"0.1","calib","obs","wl",11.3142857142857,"baseline"
2019-04-04,"0.1","calib","mod","wl",11.2856238564222,"baseline"
2019-04-04,"0.1","calib","obs","wl",11.3,"baseline"
2019-04-05,"0.1","calib","mod","wl",11.2665720171266,"baseline"
2019-04-05,"0.1","calib","obs","wl",11.275,"baseline"
2019-04-06,"0.1","calib","mod","wl",11.2581522401162,"baseline"
2019-04-06,"0.1","calib","obs","wl",11.25,"baseline"
2019-04-07,"0.1","calib","mod","wl",11.2393875028767,"baseline"
2019-04-07,"0.1","calib","obs","wl",11.225,"baseline"
2019-04-08,"0.1","calib","mod","wl",11.2216008441358,"baseline"
2019-04-08,"0.1","calib","obs","wl",11.2,"baseline"
2019-04-08,"0.1","calib","mod","temp",14.3234330222549,"baseline"
2019-04-08,"0.1","calib","obs","temp",14.4,"baseline"
2019-04-08,"0.1","calib","mod","oxy",10.5975208441249,"baseline"
2019-04-08,"0.1","calib","obs","oxy",11.72,"baseline"
2019-04-08,"0.1","calib","mod","nh4",40.3149409117194,"baseline"
2019-04-08,"0.1","calib","obs","nh4",3.00000000000001,"baseline"
2019-04-08,"0.1","calib","mod","no3",4.10957481522968,"baseline"
2019-04-08,"0.1","calib","obs","no3",4,"baseline"
2019-04-08,"0.1","calib","mod","po4",5.77330625549727,"baseline"
2019-04-08,"0.1","calib","obs","po4",4,"baseline"
2019-04-08,"0.1","calib","obs","din",7.00000000000001,"baseline"
2019-04-08,"0.1","calib","mod","din",44.4245157269491,"baseline"
2019-04-09,"0.1","calib","mod","wl",11.2615859501961,"baseline"
2019-04-09,"0.1","calib","obs","wl",11.2333333333333,"baseline"
2019-04-10,"0.1","calib","mod","wl",11.2814730012318,"baseline"
2019-04-10,"0.1","calib","obs","wl",11.2666666666667,"baseline"
2019-04-11,"0.1","calib","mod","wl",11.3008940587028,"baseline"
2019-04-11,"0.1","calib","obs","wl",11.3,"baseline"
2019-04-12,"0.1","calib","mod","wl",11.3177833003872,"baseline"
2019-04-12,"0.1","calib","obs","wl",11.3285714285714,"baseline"
2019-04-13,"0.1","calib","mod","wl",11.3399636375516,"baseline"
2019-04-13,"0.1","calib","obs","wl",11.3571428571429,"baseline"
2019-04-14,"0.1","calib","mod","wl",11.3698194828552,"baseline"
2019-04-14,"0.1","calib","obs","wl",11.3857142857143,"baseline"
2019-04-15,"0.1","calib","mod","wl",11.4236834766471,"baseline"
2019-04-15,"0.1","calib","obs","wl",11.4142857142857,"baseline"
2019-04-16,"0.1","calib","mod","wl",11.4403632073289,"baseline"
2019-04-16,"0.1","calib","obs","wl",11.4428571428571,"baseline"
2019-04-17,"0.1","calib","mod","wl",11.4524246240041,"baseline"
2019-04-17,"0.1","calib","obs","wl",11.4714285714286,"baseline"
2019-04-18,"0.1","calib","mod","wl",11.4673834629135,"baseline"
2019-04-18,"0.1","calib","obs","wl",11.5,"baseline"
2019-04-19,"0.1","calib","mod","wl",11.4640984626764,"baseline"
2019-04-19,"0.1","calib","obs","wl",11.5,"baseline"
2019-04-20,"0.1","calib","mod","wl",11.4815223576313,"baseline"
2019-04-20,"0.1","calib","obs","wl",11.5,"baseline"
2019-04-21,"0.1","calib","mod","wl",11.4781294999661,"baseline"
2019-04-21,"0.1","calib","obs","wl",11.5,"baseline"
2019-04-22,"0.1","calib","mod","wl",11.4737592105028,"baseline"
2019-04-22,"0.1","calib","obs","wl",11.5,"baseline"
2019-04-23,"0.1","calib","mod","wl",11.4692540092954,"baseline"
2019-04-23,"0.1","calib","obs","wl",11.5,"baseline"
2019-04-24,"0.1","calib","mod","wl",11.4667632120049,"baseline"
2019-04-24,"0.1","calib","obs","wl",11.5,"baseline"
2019-04-25,"0.1","calib","mod","wl",11.4648460920996,"baseline"
2019-04-25,"0.1","calib","obs","wl",11.5,"baseline"
2019-04-26,"0.1","calib","mod","wl",11.4631717821735,"baseline"
2019-04-26,"0.1","calib","obs","wl",11.5,"baseline"
2019-04-27,"0.1","calib","mod","wl",11.4421752505686,"baseline"
2019-04-27,"0.1","calib","obs","wl",11.4666666666667,"baseline"
2019-04-28,"0.1","calib","mod","wl",11.4174377049617,"baseline"
2019-04-28,"0.1","calib","obs","wl",11.4333333333333,"baseline"
2019-04-29,"0.1","calib","mod","wl",11.3924025562358,"baseline"
2019-04-29,"0.1","calib","obs","wl",11.4,"baseline"
2019-04-29,"0.1","calib","mod","temp",18.4996105947509,"baseline"
2019-04-29,"0.1","calib","obs","temp",16.5,"baseline"
2019-04-29,"0.1","calib","mod","oxy",9.50309664607277,"baseline"
2019-04-29,"0.1","calib","obs","oxy",10.56,"baseline"
2019-04-29,"0.1","calib","mod","nh4",25.7694172255084,"baseline"
2019-04-29,"0.1","calib","obs","nh4",7.00000000000001,"baseline"
2019-04-29,"0.1","calib","mod","no3",2.7706776909523,"baseline"
2019-04-29,"0.1","calib","obs","no3",0.999999999999999,"baseline"
2019-04-29,"0.1","calib","mod","po4",4.34397600049245,"baseline"
2019-04-29,"0.1","calib","obs","po4",4,"baseline"
2019-04-29,"0.1","calib","obs","din",8.00000000000001,"baseline"
2019-04-29,"0.1","calib","mod","din",28.5400949164607,"baseline"
2019-04-30,"0.1","calib","mod","wl",11.3896500293715,"baseline"
2019-04-30,"0.1","calib","obs","wl",11.4,"baseline"
2019-05-01,"0.1","calib","mod","wl",11.3886314113715,"baseline"
2019-05-01,"0.1","calib","obs","wl",11.4,"baseline"
2019-05-02,"0.1","calib","mod","wl",11.3873234244169,"baseline"
2019-05-02,"0.1","calib","obs","wl",11.4,"baseline"
2019-05-03,"0.1","calib","mod","wl",11.3669966439381,"baseline"
2019-05-03,"0.1","calib","obs","wl",11.3714285714286,"baseline"
2019-05-04,"0.1","calib","mod","wl",11.3476191855856,"baseline"
2019-05-04,"0.1","calib","obs","wl",11.3428571428571,"baseline"
2019-05-05,"0.1","calib","mod","wl",11.3320677122747,"baseline"
2019-05-05,"0.1","calib","obs","wl",11.3142857142857,"baseline"
2019-05-06,"0.1","calib","mod","wl",11.3186057349992,"baseline"
2019-05-06,"0.1","calib","obs","wl",11.2857142857143,"baseline"
2019-05-07,"0.1","calib","mod","wl",11.2950639326827,"baseline"
2019-05-07,"0.1","calib","obs","wl",11.2571428571429,"baseline"
2019-05-08,"0.1","calib","mod","wl",11.2750350782751,"baseline"
2019-05-08,"0.1","calib","obs","wl",11.2285714285714,"baseline"
2019-05-09,"0.1","calib","mod","wl",11.2536225893761,"baseline"
2019-05-09,"0.1","calib","obs","wl",11.2,"baseline"
2019-05-10,"0.1","calib","mod","wl",11.2514800459272,"baseline"
2019-05-10,"0.1","calib","obs","wl",11.2,"baseline"
2019-05-11,"0.1","calib","mod","wl",11.2491773075305,"baseline"
2019-05-11,"0.1","calib","obs","wl",11.2,"baseline"
2019-05-12,"0.1","calib","mod","wl",11.2547920353217,"baseline"
2019-05-12,"0.1","calib","obs","wl",11.2,"baseline"
2019-05-13,"0.1","calib","mod","wl",11.2630234077081,"baseline"
2019-05-13,"0.1","calib","obs","wl",11.2,"baseline"
2019-05-14,"0.1","calib","mod","wl",11.2613296040986,"baseline"
2019-05-14,"0.1","calib","obs","wl",11.2,"baseline"
2019-05-15,"0.1","calib","mod","wl",11.255510416928,"baseline"
2019-05-15,"0.1","calib","obs","wl",11.2,"baseline"
2019-05-16,"0.1","calib","mod","wl",11.2521457225968,"baseline"
2019-05-16,"0.1","calib","obs","wl",11.2,"baseline"
2019-05-16,"0.1","calib","mod","temp",19.8014017003037,"baseline"
2019-05-16,"0.1","calib","obs","temp",19.6,"baseline"
2019-05-16,"0.1","calib","mod","oxy",9.09695648363859,"baseline"
2019-05-16,"0.1","calib","obs","oxy",9.18,"baseline"
2019-05-16,"0.1","calib","mod","nh4",20.6040944899388,"baseline"
2019-05-16,"0.1","calib","obs","nh4",5.99999999999999,"baseline"
2019-05-16,"0.1","calib","mod","no3",2.82363184042927,"baseline"
2019-05-16,"0.1","calib","obs","no3",0,"baseline"
2019-05-16,"0.1","calib","mod","po4",6.07339380333759,"baseline"
2019-05-16,"0.1","calib","obs","po4",0.999999999999998,"baseline"
2019-05-16,"0.1","calib","obs","din",5.99999999999999,"baseline"
2019-05-16,"0.1","calib","mod","din",23.4277263303681,"baseline"
2019-05-17,"0.1","calib","mod","wl",11.2492069016849,"baseline"
2019-05-17,"0.1","calib","obs","wl",11.2,"baseline"
2019-05-18,"0.1","calib","mod","wl",11.2484808351884,"baseline"
2019-05-18,"0.1","calib","obs","wl",11.2,"baseline"
2019-05-19,"0.1","calib","mod","wl",11.2470567607671,"baseline"
2019-05-19,"0.1","calib","obs","wl",11.2,"baseline"
2019-05-20,"0.1","calib","mod","wl",11.2458857622831,"baseline"
2019-05-20,"0.1","calib","obs","wl",11.2,"baseline"
2019-05-21,"0.1","calib","mod","wl",11.2441957449595,"baseline"
2019-05-21,"0.1","calib","obs","wl",11.2,"baseline"
2019-05-22,"0.1","calib","mod","wl",11.2417343742922,"baseline"
2019-05-22,"0.1","calib","obs","wl",11.2,"baseline"
2019-05-23,"0.1","calib","mod","wl",11.2396499685228,"baseline"
2019-05-23,"0.1","calib","obs","wl",11.2,"baseline"
2019-05-23,"0.1","calib","mod","temp",23.6278362459531,"baseline"
2019-05-23,"0.1","calib","obs","temp",23.3,"baseline"
2019-05-23,"0.1","calib","mod","oxy",9.05251814523762,"baseline"
2019-05-23,"0.1","calib","obs","oxy",10.12,"baseline"
2019-05-23,"0.1","calib","mod","nh4",25.7455935545865,"baseline"
2019-05-23,"0.1","calib","obs","nh4",13,"baseline"
2019-05-23,"0.1","calib","mod","no3",3.42297329824206,"baseline"
2019-05-23,"0.1","calib","obs","no3",0.999999999999999,"baseline"
2019-05-23,"0.1","calib","mod","po4",6.02170723792382,"baseline"
2019-05-23,"0.1","calib","obs","po4",2,"baseline"
2019-05-23,"0.1","calib","obs","din",14,"baseline"
2019-05-23,"0.1","calib","mod","din",29.1685668528285,"baseline"
2019-05-24,"0.1","calib","mod","wl",11.1690349920778,"baseline"
2019-05-24,"0.1","calib","obs","wl",11.1,"baseline"
2019-05-25,"0.1","calib","mod","wl",11.1672170867574,"baseline"
2019-05-25,"0.1","calib","obs","wl",11.1,"baseline"
2019-05-26,"0.1","calib","mod","wl",11.1659073185001,"baseline"
2019-05-26,"0.1","calib","obs","wl",11.1,"baseline"
2019-05-27,"0.1","calib","mod","wl",11.171391577856,"baseline"
2019-05-27,"0.1","calib","obs","wl",11.1,"baseline"
2019-05-28,"0.1","calib","mod","wl",11.1785341261034,"baseline"
2019-05-28,"0.1","calib","obs","wl",11.1,"baseline"
2019-05-29,"0.1","calib","mod","wl",11.1746214954191,"baseline"
2019-05-29,"0.1","calib","obs","wl",11.1,"baseline"
2019-05-30,"0.1","calib","mod","wl",11.1749678391048,"baseline"
2019-05-30,"0.1","calib","obs","wl",11.1,"baseline"
2019-05-30,"0.1","calib","mod","temp",25.5072748958024,"baseline"
2019-05-30,"0.1","calib","obs","temp",26.5,"baseline"
2019-05-30,"0.1","calib","mod","oxy",8.57672417114025,"baseline"
2019-05-30,"0.1","calib","obs","oxy",8.38,"baseline"
2019-05-30,"0.1","calib","mod","nh4",28.8612794714233,"baseline"
2019-05-30,"0.1","calib","obs","nh4",5.99999999999999,"baseline"
2019-05-30,"0.1","calib","mod","no3",3.07476653357895,"baseline"
2019-05-30,"0.1","calib","obs","no3",0,"baseline"
2019-05-30,"0.1","calib","mod","po4",8.1448176429441,"baseline"
2019-05-30,"0.1","calib","obs","po4",0,"baseline"
2019-05-30,"0.1","calib","obs","din",5.99999999999999,"baseline"
2019-05-30,"0.1","calib","mod","din",31.9360460050022,"baseline"
2019-05-31,"0.1","calib","mod","wl",11.1708754064469,"baseline"
2019-05-31,"0.1","calib","obs","wl",11.1,"baseline"
2019-06-01,"0.1","calib","mod","wl",11.1764452556965,"baseline"
2019-06-01,"0.1","calib","obs","wl",11.1,"baseline"
2019-06-02,"0.1","calib","mod","wl",11.1722487583573,"baseline"
2019-06-02,"0.1","calib","obs","wl",11.1,"baseline"
2019-06-03,"0.1","calib","mod","wl",11.1707826704617,"baseline"
2019-06-03,"0.1","calib","obs","wl",11.1,"baseline"
2019-06-04,"0.1","calib","mod","wl",11.1664485362343,"baseline"
2019-06-04,"0.1","calib","obs","wl",11.1,"baseline"
2019-06-05,"0.1","calib","mod","wl",11.1629245894471,"baseline"
2019-06-05,"0.1","calib","obs","wl",11.1,"baseline"
2019-06-06,"0.1","calib","mod","wl",11.1623082699774,"baseline"
2019-06-06,"0.1","calib","obs","wl",11.1,"baseline"
2019-06-06,"0.1","calib","mod","temp",23.2050197549484,"baseline"
2019-06-06,"0.1","calib","obs","temp",23.7,"baseline"
2019-06-06,"0.1","calib","mod","oxy",8.86190532636308,"baseline"
2019-06-06,"0.1","calib","obs","oxy",9.25,"baseline"
2019-06-06,"0.1","calib","mod","nh4",22.9690502209365,"baseline"
2019-06-06,"0.1","calib","obs","nh4",5.99999999999999,"baseline"
2019-06-06,"0.1","calib","mod","no3",4.28150632522061,"baseline"
2019-06-06,"0.1","calib","obs","no3",0,"baseline"
2019-06-06,"0.1","calib","mod","po4",6.8865334875891,"baseline"
2019-06-06,"0.1","calib","obs","po4",5,"baseline"
2019-06-06,"0.1","calib","obs","din",5.99999999999999,"baseline"
2019-06-06,"0.1","calib","mod","din",27.2505565461571,"baseline"
2019-06-07,"0.1","calib","mod","wl",11.1722115646349,"baseline"
2019-06-07,"0.1","calib","obs","wl",11.1142857142857,"baseline"
2019-06-08,"0.1","calib","mod","wl",11.2021549318028,"baseline"
2019-06-08,"0.1","calib","obs","wl",11.1285714285714,"baseline"
2019-06-09,"0.1","calib","mod","wl",11.2406163139694,"baseline"
2019-06-09,"0.1","calib","obs","wl",11.1428571428571,"baseline"
2019-06-10,"0.1","calib","mod","wl",11.2449799776982,"baseline"
2019-06-10,"0.1","calib","obs","wl",11.1571428571429,"baseline"
2019-06-11,"0.1","calib","mod","wl",11.268640684558,"baseline"
2019-06-11,"0.1","calib","obs","wl",11.1714285714286,"baseline"
2019-06-12,"0.1","calib","mod","wl",11.2715608675396,"baseline"
2019-06-12,"0.1","calib","obs","wl",11.1857142857143,"baseline"
2019-06-13,"0.1","calib","mod","wl",11.2755038222357,"baseline"
2019-06-13,"0.1","calib","obs","wl",11.2,"baseline"
2019-06-13,"0.1","calib","mod","temp",22.2277709656382,"baseline"
2019-06-13,"0.1","calib","obs","temp",22.0338,"baseline"
2019-06-13,"0.1","calib","mod","oxy",8.80250584492699,"baseline"
2019-06-13,"0.1","calib","obs","oxy",7.692,"baseline"
2019-06-13,"0.1","calib","mod","nh4",17.9558774880344,"baseline"
2019-06-13,"0.1","calib","obs","nh4",3.00000000000001,"baseline"
2019-06-13,"0.1","calib","mod","no3",2.94720502191261,"baseline"
2019-06-13,"0.1","calib","obs","no3",0,"baseline"
2019-06-13,"0.1","calib","mod","po4",3.48611846035293,"baseline"
2019-06-13,"0.1","calib","obs","po4",3,"baseline"
2019-06-13,"0.1","calib","mod","chla",2.81773413659353,"baseline"
2019-06-13,"0.1","calib","obs","chla",0.3186,"baseline"
2019-06-13,"0.1","calib","obs","din",3.00000000000001,"baseline"
2019-06-13,"0.1","calib","mod","din",20.903082509947,"baseline"
2019-06-14,"0.1","calib","mod","wl",11.2636972448038,"baseline"
2019-06-14,"0.1","calib","obs","wl",11.1857142857143,"baseline"
2019-06-15,"0.1","calib","mod","wl",11.2476953605749,"baseline"
2019-06-15,"0.1","calib","obs","wl",11.1714285714286,"baseline"
2019-06-16,"0.1","calib","mod","wl",11.2342064018955,"baseline"
2019-06-16,"0.1","calib","obs","wl",11.1571428571429,"baseline"
2019-06-17,"0.1","calib","mod","wl",11.2263124240292,"baseline"
2019-06-17,"0.1","calib","obs","wl",11.1428571428571,"baseline"
2019-06-18,"0.1","calib","mod","wl",11.2168173075259,"baseline"
2019-06-18,"0.1","calib","obs","wl",11.1285714285714,"baseline"
2019-06-19,"0.1","calib","mod","wl",11.2086178935277,"baseline"
2019-06-19,"0.1","calib","obs","wl",11.1142857142857,"baseline"
2019-06-20,"0.1","calib","mod","wl",11.1972169326504,"baseline"
2019-06-20,"0.1","calib","obs","wl",11.1,"baseline"
2019-06-20,"0.1","calib","mod","temp",25.8912199067198,"baseline"
2019-06-20,"0.1","calib","obs","temp",24.5528,"baseline"
2019-06-20,"0.1","calib","mod","oxy",8.78677182875057,"baseline"
2019-06-20,"0.1","calib","obs","oxy",7.7951,"baseline"
2019-06-20,"0.1","calib","mod","nh4",25.0799155714706,"baseline"
2019-06-20,"0.1","calib","obs","nh4",7.00000000000001,"baseline"
2019-06-20,"0.1","calib","mod","no3",3.61153833073271,"baseline"
2019-06-20,"0.1","calib","obs","no3",0.999999999999999,"baseline"
2019-06-20,"0.1","calib","mod","po4",3.42004318927679,"baseline"
2019-06-20,"0.1","calib","obs","po4",5,"baseline"
2019-06-20,"0.1","calib","mod","chla",3.10765898849139,"baseline"
2019-06-20,"0.1","calib","obs","chla",0.6169,"baseline"
2019-06-20,"0.1","calib","obs","din",8.00000000000001,"baseline"
2019-06-20,"0.1","calib","mod","din",28.6914539022033,"baseline"
2019-06-21,"0.1","calib","mod","wl",11.1947259271822,"baseline"
2019-06-21,"0.1","calib","obs","wl",11.1,"baseline"
2019-06-22,"0.1","calib","mod","wl",11.1904063692195,"baseline"
2019-06-22,"0.1","calib","obs","wl",11.1,"baseline"
2019-06-23,"0.1","calib","mod","wl",11.1878202549253,"baseline"
2019-06-23,"0.1","calib","obs","wl",11.1,"baseline"
2019-06-24,"0.1","calib","mod","wl",11.1857154697129,"baseline"
2019-06-24,"0.1","calib","obs","wl",11.1,"baseline"
2019-06-25,"0.1","calib","mod","wl",11.1843116246686,"baseline"
2019-06-25,"0.1","calib","obs","wl",11.1,"baseline"
2019-06-26,"0.1","calib","mod","wl",11.196481720408,"baseline"
2019-06-26,"0.1","calib","obs","wl",11.1,"baseline"
2019-06-27,"0.1","calib","mod","wl",11.1921487957595,"baseline"
2019-06-27,"0.1","calib","obs","wl",11.1,"baseline"
2019-06-27,"0.1","calib","mod","temp",26.6661643693329,"baseline"
2019-06-27,"0.1","calib","obs","temp",25.754,"baseline"
2019-06-27,"0.1","calib","mod","oxy",8.52305223652789,"baseline"
2019-06-27,"0.1","calib","obs","oxy",8.2711,"baseline"
2019-06-27,"0.1","calib","mod","nh4",23.2685466202626,"baseline"
2019-06-27,"0.1","calib","obs","nh4",7.00000000000001,"baseline"
2019-06-27,"0.1","calib","mod","no3",3.98561564395158,"baseline"
2019-06-27,"0.1","calib","obs","no3",2,"baseline"
2019-06-27,"0.1","calib","mod","po4",3.43915337122338,"baseline"
2019-06-27,"0.1","calib","obs","po4",6,"baseline"
2019-06-27,"0.1","calib","mod","chla",3.24893240818822,"baseline"
2019-06-27,"0.1","calib","obs","chla",0.2754,"baseline"
2019-06-27,"0.1","calib","obs","din",9,"baseline"
2019-06-27,"0.1","calib","mod","din",27.2541622642142,"baseline"
2019-06-28,"0.1","calib","mod","wl",11.1941785722597,"baseline"
2019-06-28,"0.1","calib","obs","wl",11.1083333333333,"baseline"
2019-06-29,"0.1","calib","mod","wl",11.1972112524815,"baseline"
2019-06-29,"0.1","calib","obs","wl",11.1166666666667,"baseline"
2019-06-30,"0.1","calib","mod","wl",11.2000863350619,"baseline"
2019-06-30,"0.1","calib","obs","wl",11.125,"baseline"
2019-07-01,"0.1","calib","mod","wl",11.2030994399936,"baseline"
2019-07-01,"0.1","calib","obs","wl",11.1333333333333,"baseline"
2019-07-02,"0.1","calib","mod","wl",11.2065318244358,"baseline"
2019-07-02,"0.1","calib","obs","wl",11.1416666666667,"baseline"
2019-07-03,"0.1","calib","mod","wl",11.2345253708604,"baseline"
2019-07-03,"0.1","calib","obs","wl",11.15,"baseline"
2019-07-03,"0.1","calib","mod","temp",27.736469387341,"baseline"
2019-07-03,"0.1","calib","obs","temp",26.4945,"baseline"
2019-07-03,"0.1","calib","mod","oxy",8.21272014334525,"baseline"
2019-07-03,"0.1","calib","obs","oxy",6.9286,"baseline"
2019-07-03,"0.1","calib","mod","chla",3.42712124368561,"baseline"
2019-07-03,"0.1","calib","obs","chla",0.5836,"baseline"
2019-07-04,"0.1","calib","mod","wl",11.2250605515441,"baseline"
2019-07-04,"0.1","calib","obs","wl",11.14375,"baseline"
2019-07-05,"0.1","calib","mod","wl",11.217066002138,"baseline"
2019-07-05,"0.1","calib","obs","wl",11.1375,"baseline"
2019-07-06,"0.1","calib","mod","wl",11.2191215528664,"baseline"
2019-07-06,"0.1","calib","obs","wl",11.13125,"baseline"
2019-07-07,"0.1","calib","mod","wl",11.2132699344612,"baseline"
2019-07-07,"0.1","calib","obs","wl",11.125,"baseline"
2019-07-08,"0.1","calib","mod","wl",11.2061891164748,"baseline"
2019-07-08,"0.1","calib","obs","wl",11.11875,"baseline"
2019-07-09,"0.1","calib","mod","wl",11.1987015739644,"baseline"
2019-07-09,"0.1","calib","obs","wl",11.1125,"baseline"
2019-07-10,"0.1","calib","mod","wl",11.2016034720173,"baseline"
2019-07-10,"0.1","calib","obs","wl",11.10625,"baseline"
2019-07-11,"0.1","calib","mod","wl",11.1944633082151,"baseline"
2019-07-11,"0.1","calib","obs","wl",11.1,"baseline"
2019-07-11,"0.1","calib","mod","temp",27.5962130114139,"baseline"
2019-07-11,"0.1","calib","obs","temp",25.7117,"baseline"
2019-07-11,"0.1","calib","mod","oxy",8.44142429872417,"baseline"
2019-07-11,"0.1","calib","obs","oxy",6.4531,"baseline"
2019-07-11,"0.1","calib","mod","nh4",14.9615923366845,"baseline"
2019-07-11,"0.1","calib","obs","nh4",8,"baseline"
2019-07-11,"0.1","calib","mod","no3",2.37531498103785,"baseline"
2019-07-11,"0.1","calib","obs","no3",0.999999999999999,"baseline"
2019-07-11,"0.1","calib","mod","po4",4.13394935977407,"baseline"
2019-07-11,"0.1","calib","obs","po4",3,"baseline"
2019-07-11,"0.1","calib","mod","chla",3.34565661351109,"baseline"
2019-07-11,"0.1","calib","obs","chla",0.7367,"baseline"
2019-07-11,"0.1","calib","obs","din",9,"baseline"
2019-07-11,"0.1","calib","mod","din",17.3369073177223,"baseline"
2019-07-12,"0.1","calib","mod","wl",11.1892714672826,"baseline"
2019-07-12,"0.1","calib","obs","wl",11.0857142857143,"baseline"
2019-07-13,"0.1","calib","mod","wl",11.1751724073982,"baseline"
2019-07-13,"0.1","calib","obs","wl",11.0714285714286,"baseline"
2019-07-14,"0.1","calib","mod","wl",11.1615992650349,"baseline"
2019-07-14,"0.1","calib","obs","wl",11.0571428571429,"baseline"
2019-07-15,"0.1","calib","mod","wl",11.1473920191576,"baseline"
2019-07-15,"0.1","calib","obs","wl",11.0428571428571,"baseline"
2019-07-16,"0.1","calib","mod","wl",11.1360172493767,"baseline"
2019-07-16,"0.1","calib","obs","wl",11.0285714285714,"baseline"
2019-07-17,"0.1","calib","mod","wl",11.124238714923,"baseline"
2019-07-17,"0.1","calib","obs","wl",11.0142857142857,"baseline"
2019-07-18,"0.1","calib","mod","wl",11.1162490859454,"baseline"
2019-07-18,"0.1","calib","obs","wl",11,"baseline"
2019-07-18,"0.1","calib","mod","nh4",13.7524379923444,"baseline"
2019-07-18,"0.1","calib","obs","nh4",5.99999999999999,"baseline"
2019-07-18,"0.1","calib","mod","no3",1.45573007965004,"baseline"
2019-07-18,"0.1","calib","obs","no3",0.999999999999999,"baseline"
2019-07-18,"0.1","calib","mod","po4",2.0110440837946,"baseline"
2019-07-18,"0.1","calib","obs","po4",3,"baseline"
2019-07-18,"0.1","calib","obs","din",6.99999999999999,"baseline"
2019-07-18,"0.1","calib","mod","din",15.2081680719944,"baseline"
2019-07-19,"0.1","calib","mod","wl",11.1197897502198,"baseline"
2019-07-19,"0.1","calib","obs","wl",11.0033333333333,"baseline"
2019-07-20,"0.1","calib","mod","wl",11.1164998919709,"baseline"
2019-07-20,"0.1","calib","obs","wl",11.0066666666667,"baseline"
2019-07-21,"0.1","calib","mod","wl",11.1139201992085,"baseline"
2019-07-21,"0.1","calib","obs","wl",11.01,"baseline"
2019-07-22,"0.1","calib","mod","wl",11.1194247360245,"baseline"
2019-07-22,"0.1","calib","obs","wl",11.0133333333333,"baseline"
2019-07-23,"0.1","calib","mod","wl",11.1173131192198,"baseline"
2019-07-23,"0.1","calib","obs","wl",11.0166666666667,"baseline"
2019-07-24,"0.1","calib","mod","wl",11.130996218779,"baseline"
2019-07-24,"0.1","calib","obs","wl",11.02,"baseline"
2019-07-24,"0.1","calib","mod","temp",25.6483823334596,"baseline"
2019-07-24,"0.1","calib","obs","temp",26.0138,"baseline"
2019-07-24,"0.1","calib","mod","oxy",8.20438559017981,"baseline"
2019-07-24,"0.1","calib","obs","oxy",7.0133,"baseline"
2019-07-24,"0.1","calib","mod","nh4",10.4381267752446,"baseline"
2019-07-24,"0.1","calib","obs","nh4",0.999999999999999,"baseline"
2019-07-24,"0.1","calib","mod","no3",1.20315847411868,"baseline"
2019-07-24,"0.1","calib","obs","no3",0.999999999999999,"baseline"
2019-07-24,"0.1","calib","mod","po4",2.1409741600732,"baseline"
2019-07-24,"0.1","calib","obs","po4",3,"baseline"
2019-07-24,"0.1","calib","mod","chla",3.32606364344383,"baseline"
2019-07-24,"0.1","calib","obs","chla",1.4058,"baseline"
2019-07-24,"0.1","calib","obs","din",2,"baseline"
2019-07-24,"0.1","calib","mod","din",11.6412852493633,"baseline"
2019-07-25,"0.1","calib","mod","wl",11.1243655366958,"baseline"
2019-07-25,"0.1","calib","obs","wl",11.0175,"baseline"
2019-07-25,"0.1","calib","mod","temp",25.1172364563969,"baseline"
2019-07-25,"0.1","calib","obs","temp",26.2658,"baseline"
2019-07-25,"0.1","calib","mod","oxy",8.38864263404371,"baseline"
2019-07-25,"0.1","calib","obs","oxy",7.1281,"baseline"
2019-07-25,"0.1","calib","mod","chla",3.35870412018667,"baseline"
2019-07-25,"0.1","calib","obs","chla",1.9836,"baseline"
2019-07-26,"0.1","calib","mod","wl",11.119196188128,"baseline"
2019-07-26,"0.1","calib","obs","wl",11.015,"baseline"
2019-07-27,"0.1","calib","mod","wl",11.1160068837445,"baseline"
2019-07-27,"0.1","calib","obs","wl",11.0125,"baseline"
2019-07-28,"0.1","calib","mod","wl",11.1132779958588,"baseline"
2019-07-28,"0.1","calib","obs","wl",11.01,"baseline"
2019-07-29,"0.1","calib","mod","wl",11.1108185135816,"baseline"
2019-07-29,"0.1","calib","obs","wl",11.0075,"baseline"
2019-07-30,"0.1","calib","mod","wl",11.1085668379351,"baseline"
2019-07-30,"0.1","calib","obs","wl",11.005,"baseline"
2019-07-31,"0.1","calib","mod","wl",11.1166973748689,"baseline"
2019-07-31,"0.1","calib","obs","wl",11.0025,"baseline"
2019-08-01,"0.1","calib","mod","wl",11.1363147974294,"baseline"
2019-08-01,"0.1","calib","obs","wl",11,"baseline"
2019-08-01,"0.1","calib","mod","temp",26.3751773746147,"baseline"
2019-08-01,"0.1","calib","obs","temp",26.9132,"baseline"
2019-08-01,"0.1","calib","mod","oxy",8.44914657206375,"baseline"
2019-08-01,"0.1","calib","obs","oxy",5.3753,"baseline"
2019-08-01,"0.1","calib","mod","nh4",13.0206107101728,"baseline"
2019-08-01,"0.1","calib","obs","nh4",5.99999999999999,"baseline"
2019-08-01,"0.1","calib","mod","no3",1.34259605464014,"baseline"
2019-08-01,"0.1","calib","obs","no3",7.99999999999999,"baseline"
2019-08-01,"0.1","calib","mod","po4",2.09814375283248,"baseline"
2019-08-01,"0.1","calib","obs","po4",7,"baseline"
2019-08-01,"0.1","calib","mod","chla",3.41014904696993,"baseline"
2019-08-01,"0.1","calib","obs","chla",1.2045,"baseline"
2019-08-01,"0.1","calib","obs","din",14,"baseline"
2019-08-01,"0.1","calib","mod","din",14.363206764813,"baseline"
2019-08-02,"0.1","calib","mod","wl",11.1319898972984,"baseline"
2019-08-02,"0.1","calib","obs","wl",11,"baseline"
2019-08-03,"0.1","calib","mod","wl",11.1585936993873,"baseline"
2019-08-03,"0.1","calib","obs","wl",11.025,"baseline"
2019-08-04,"0.1","calib","mod","wl",11.1715263876659,"baseline"
2019-08-04,"0.1","calib","obs","wl",11.05,"baseline"
2019-08-05,"0.1","calib","mod","wl",11.1849093548064,"baseline"
2019-08-05,"0.1","calib","obs","wl",11.075,"baseline"
2019-08-06,"0.1","calib","mod","wl",11.1992685628856,"baseline"
2019-08-06,"0.1","calib","obs","wl",11.1,"baseline"
2019-08-07,"0.1","calib","mod","wl",11.2283110427871,"baseline"
2019-08-07,"0.1","calib","obs","wl",11.1,"baseline"
2019-08-08,"0.1","calib","mod","wl",11.2222174737394,"baseline"
2019-08-08,"0.1","calib","obs","wl",11.1,"baseline"
2019-08-08,"0.1","calib","mod","temp",25.8096365585107,"baseline"
2019-08-08,"0.1","calib","obs","temp",26.9442,"baseline"
2019-08-08,"0.1","calib","mod","oxy",8.53393765049303,"baseline"
2019-08-08,"0.1","calib","obs","oxy",6.6071,"baseline"
2019-08-08,"0.1","calib","mod","nh4",18.2124711213953,"baseline"
2019-08-08,"0.1","calib","obs","nh4",5.99999999999999,"baseline"
2019-08-08,"0.1","calib","mod","no3",1.90833030147423,"baseline"
2019-08-08,"0.1","calib","obs","no3",3,"baseline"
2019-08-08,"0.1","calib","mod","po4",2.99203517959352,"baseline"
2019-08-08,"0.1","calib","obs","po4",3,"baseline"
2019-08-08,"0.1","calib","mod","chla",3.68111517225547,"baseline"
2019-08-08,"0.1","calib","obs","chla",2.017,"baseline"
2019-08-08,"0.1","calib","obs","din",8.99999999999999,"baseline"
2019-08-08,"0.1","calib","mod","din",20.1208014228695,"baseline"
2019-08-09,"0.1","calib","mod","wl",11.2056994628736,"baseline"
2019-08-09,"0.1","calib","obs","wl",11.0833333333333,"baseline"
2019-08-10,"0.1","calib","mod","wl",11.1962779880719,"baseline"
2019-08-10,"0.1","calib","obs","wl",11.0666666666667,"baseline"
2019-08-11,"0.1","calib","mod","wl",11.1808277495762,"baseline"
2019-08-11,"0.1","calib","obs","wl",11.05,"baseline"
2019-08-12,"0.1","calib","mod","wl",11.165135175824,"baseline"
2019-08-12,"0.1","calib","obs","wl",11.0333333333333,"baseline"
2019-08-13,"0.1","calib","mod","wl",11.1512403020442,"baseline"
2019-08-13,"0.1","calib","obs","wl",11.0166666666667,"baseline"
2019-08-14,"0.1","calib","mod","wl",11.1403709549307,"baseline"
2019-08-14,"0.1","calib","obs","wl",11,"baseline"
2019-08-14,"0.1","calib","mod","temp",27.5452225168019,"baseline"
2019-08-14,"0.1","calib","obs","temp",27.4883,"baseline"
2019-08-14,"0.1","calib","mod","oxy",8.39806662380563,"baseline"
2019-08-14,"0.1","calib","obs","oxy",7.4159,"baseline"
2019-08-14,"0.1","calib","mod","nh4",19.0439430000418,"baseline"
2019-08-14,"0.1","calib","obs","nh4",1.99999999999999,"baseline"
2019-08-14,"0.1","calib","mod","no3",1.77303700015196,"baseline"
2019-08-14,"0.1","calib","obs","no3",0.999999999999999,"baseline"
2019-08-14,"0.1","calib","mod","po4",3.75308205552633,"baseline"
2019-08-14,"0.1","calib","obs","po4",6,"baseline"
2019-08-14,"0.1","calib","mod","chla",3.6181289372754,"baseline"
2019-08-14,"0.1","calib","obs","chla",1.3484,"baseline"
2019-08-14,"0.1","calib","obs","din",2.99999999999999,"baseline"
2019-08-14,"0.1","calib","mod","din",20.8169800001938,"baseline"
2019-08-15,"0.1","calib","mod","wl",11.1378540871344,"baseline"
2019-08-15,"0.1","calib","obs","wl",11,"baseline"
2019-08-16,"0.1","calib","mod","wl",11.1451809448557,"baseline"
2019-08-16,"0.1","calib","obs","wl",11,"baseline"
2019-08-17,"0.1","calib","mod","wl",11.1567251381539,"baseline"
2019-08-17,"0.1","calib","obs","wl",11,"baseline"
2019-08-18,"0.1","calib","mod","wl",11.1527514788472,"baseline"
2019-08-18,"0.1","calib","obs","wl",11,"baseline"
2019-08-19,"0.1","calib","mod","wl",11.1493847352302,"baseline"
2019-08-19,"0.1","calib","obs","wl",11,"baseline"
2019-08-20,"0.1","calib","mod","wl",11.1463818533367,"baseline"
2019-08-20,"0.1","calib","obs","wl",11,"baseline"
2019-08-21,"0.1","calib","mod","wl",11.1440904480114,"baseline"
2019-08-21,"0.1","calib","obs","wl",11,"baseline"
2019-08-22,"0.1","calib","mod","wl",11.1421897312326,"baseline"
2019-08-22,"0.1","calib","obs","wl",11,"baseline"
2019-08-22,"0.1","calib","mod","temp",28.1921341757006,"baseline"
2019-08-22,"0.1","calib","obs","temp",30.1973,"baseline"
2019-08-22,"0.1","calib","mod","oxy",8.36644892374262,"baseline"
2019-08-22,"0.1","calib","obs","oxy",7.4477,"baseline"
2019-08-22,"0.1","calib","mod","nh4",21.1727399288923,"baseline"
2019-08-22,"0.1","calib","obs","nh4",5,"baseline"
2019-08-22,"0.1","calib","mod","no3",2.06369559634785,"baseline"
2019-08-22,"0.1","calib","obs","no3",5,"baseline"
2019-08-22,"0.1","calib","mod","po4",4.58907634148051,"baseline"
2019-08-22,"0.1","calib","obs","po4",6,"baseline"
2019-08-22,"0.1","calib","mod","chla",3.6443037121819,"baseline"
2019-08-22,"0.1","calib","obs","chla",2.022,"baseline"
2019-08-22,"0.1","calib","obs","din",10,"baseline"
2019-08-22,"0.1","calib","mod","din",23.2364355252402,"baseline"
2019-08-23,"0.1","calib","mod","wl",11.1413283417215,"baseline"
2019-08-23,"0.1","calib","obs","wl",11,"baseline"
2019-08-24,"0.1","calib","mod","wl",11.1405152584238,"baseline"
2019-08-24,"0.1","calib","obs","wl",11,"baseline"
2019-08-25,"0.1","calib","mod","wl",11.1601580121559,"baseline"
2019-08-25,"0.1","calib","obs","wl",11,"baseline"
2019-08-26,"0.1","calib","mod","wl",11.1550018516459,"baseline"
2019-08-26,"0.1","calib","obs","wl",11,"baseline"
2019-08-27,"0.1","calib","mod","wl",11.1508036094121,"baseline"
2019-08-27,"0.1","calib","obs","wl",11,"baseline"
2019-08-28,"0.1","calib","mod","wl",11.1508190318342,"baseline"
2019-08-28,"0.1","calib","obs","wl",11,"baseline"
2019-08-29,"0.1","calib","mod","wl",11.1395910251658,"baseline"
2019-08-29,"0.1","calib","obs","wl",10.9857142857143,"baseline"
2019-08-30,"0.1","calib","mod","wl",11.1270317219391,"baseline"
2019-08-30,"0.1","calib","obs","wl",10.9714285714286,"baseline"
2019-08-31,"0.1","calib","mod","wl",11.115266785867,"baseline"
2019-08-31,"0.1","calib","obs","wl",10.9571428571429,"baseline"
2019-09-01,"0.1","calib","mod","wl",11.1047763840542,"baseline"
2019-09-01,"0.1","calib","obs","wl",10.9428571428571,"baseline"
2019-09-02,"0.1","calib","mod","wl",11.0944777970244,"baseline"
2019-09-02,"0.1","calib","obs","wl",10.9285714285714,"baseline"
2019-09-03,"0.1","calib","mod","wl",11.0842327799844,"baseline"
2019-09-03,"0.1","calib","obs","wl",10.9142857142857,"baseline"
2019-09-04,"0.1","calib","mod","wl",11.0732822386521,"baseline"
2019-09-04,"0.1","calib","obs","wl",10.9,"baseline"
2019-09-04,"0.1","calib","mod","temp",26.4626728062238,"baseline"
2019-09-04,"0.1","calib","obs","temp",28.3132,"baseline"
2019-09-04,"0.1","calib","mod","oxy",8.98158096195317,"baseline"
2019-09-04,"0.1","calib","obs","oxy",5.7775,"baseline"
2019-09-04,"0.1","calib","mod","nh4",17.399442301124,"baseline"
2019-09-04,"0.1","calib","obs","nh4",3.00000000000001,"baseline"
2019-09-04,"0.1","calib","mod","no3",1.17402344202979,"baseline"
2019-09-04,"0.1","calib","obs","no3",0,"baseline"
2019-09-04,"0.1","calib","mod","po4",2.66872608533798,"baseline"
2019-09-04,"0.1","calib","obs","po4",4,"baseline"
2019-09-04,"0.1","calib","mod","chla",3.54826927443169,"baseline"
2019-09-04,"0.1","calib","obs","chla",1.1804,"baseline"
2019-09-04,"0.1","calib","obs","din",3.00000000000001,"baseline"
2019-09-04,"0.1","calib","mod","din",18.5734657431538,"baseline"
2019-09-05,"0.1","calib","mod","wl",11.0719800822068,"baseline"
2019-09-05,"0.1","calib","obs","wl",10.9,"baseline"
2019-09-06,"0.1","calib","mod","wl",11.0704092900649,"baseline"
2019-09-06,"0.1","calib","obs","wl",10.9,"baseline"
2019-09-07,"0.1","calib","mod","wl",11.0653729524865,"baseline"
2019-09-07,"0.1","calib","obs","wl",10.9,"baseline"
2019-09-08,"0.1","calib","mod","wl",11.0627632597809,"baseline"
2019-09-08,"0.1","calib","obs","wl",10.9,"baseline"
2019-09-09,"0.1","calib","mod","wl",11.0605510187051,"baseline"
2019-09-09,"0.1","calib","obs","wl",10.9,"baseline"
2019-09-10,"0.1","calib","mod","wl",11.0596381916639,"baseline"
2019-09-10,"0.1","calib","obs","wl",10.9,"baseline"
2019-09-11,"0.1","calib","mod","wl",11.0588951306192,"baseline"
2019-09-11,"0.1","calib","obs","wl",10.9,"baseline"
2019-09-12,"0.1","calib","mod","wl",11.0525460884557,"baseline"
2019-09-12,"0.1","calib","obs","wl",10.8875,"baseline"
2019-09-13,"0.1","calib","mod","wl",11.0512698319013,"baseline"
2019-09-13,"0.1","calib","obs","wl",10.875,"baseline"
2019-09-14,"0.1","calib","mod","wl",11.0414854705269,"baseline"
2019-09-14,"0.1","calib","obs","wl",10.8625,"baseline"
2019-09-15,"0.1","calib","mod","wl",11.032546611362,"baseline"
2019-09-15,"0.1","calib","obs","wl",10.85,"baseline"
2019-09-16,"0.1","calib","mod","wl",11.0232045132399,"baseline"
2019-09-16,"0.1","calib","obs","wl",10.8375,"baseline"
2019-09-17,"0.1","calib","mod","wl",11.0131116574173,"baseline"
2019-09-17,"0.1","calib","obs","wl",10.825,"baseline"
2019-09-18,"0.1","calib","mod","wl",11.0028289783533,"baseline"
2019-09-18,"0.1","calib","obs","wl",10.8125,"baseline"
2019-09-19,"0.1","calib","mod","wl",10.9929452256289,"baseline"
2019-09-19,"0.1","calib","obs","wl",10.8,"baseline"
2019-09-20,"0.1","calib","mod","wl",10.9268960231275,"baseline"
2019-09-20,"0.1","calib","obs","wl",10.7,"baseline"
2019-09-20,"0.1","calib","mod","temp",24.6516274397614,"baseline"
2019-09-20,"0.1","calib","obs","temp",23.7523,"baseline"
2019-09-20,"0.1","calib","mod","oxy",9.18808734572878,"baseline"
2019-09-20,"0.1","calib","obs","oxy",5.3758,"baseline"
2019-09-20,"0.1","calib","mod","nh4",3.49288687541166,"baseline"
2019-09-20,"0.1","calib","obs","nh4",4,"baseline"
2019-09-20,"0.1","calib","mod","no3",0.0843067586725726,"baseline"
2019-09-20,"0.1","calib","obs","no3",0,"baseline"
2019-09-20,"0.1","calib","mod","po4",1.28618419489164,"baseline"
2019-09-20,"0.1","calib","obs","po4",3,"baseline"
2019-09-20,"0.1","calib","mod","chla",3.2046278010392,"baseline"
2019-09-20,"0.1","calib","obs","chla",2.3498,"baseline"
2019-09-20,"0.1","calib","obs","din",4,"baseline"
2019-09-20,"0.1","calib","mod","din",3.57719363408423,"baseline"
2019-09-21,"0.1","calib","mod","wl",10.9141006461812,"baseline"
2019-09-21,"0.1","calib","obs","wl",10.6833333333333,"baseline"
2019-09-22,"0.1","calib","mod","wl",10.9020986595908,"baseline"
2019-09-22,"0.1","calib","obs","wl",10.6666666666667,"baseline"
2019-09-23,"0.1","calib","mod","wl",10.8900452501262,"baseline"
2019-09-23,"0.1","calib","obs","wl",10.65,"baseline"
2019-09-24,"0.1","calib","mod","wl",10.8772994153861,"baseline"
2019-09-24,"0.1","calib","obs","wl",10.6333333333333,"baseline"
2019-09-25,"0.1","calib","mod","wl",10.8634211457006,"baseline"
2019-09-25,"0.1","calib","obs","wl",10.6166666666667,"baseline"
2019-09-26,"0.1","calib","mod","wl",10.8497696473696,"baseline"
2019-09-26,"0.1","calib","obs","wl",10.6,"baseline"
2019-09-27,"0.1","calib","mod","wl",10.8386306714682,"baseline"
2019-09-27,"0.1","calib","obs","wl",10.5857142857143,"baseline"
2019-09-28,"0.1","calib","mod","wl",10.8276174495825,"baseline"
2019-09-28,"0.1","calib","obs","wl",10.5714285714286,"baseline"
2019-09-29,"0.1","calib","mod","wl",10.8187763052304,"baseline"
2019-09-29,"0.1","calib","obs","wl",10.5571428571429,"baseline"
2019-09-30,"0.1","calib","mod","wl",10.8085241335964,"baseline"
2019-09-30,"0.1","calib","obs","wl",10.5428571428571,"baseline"
2019-10-01,"0.1","calib","mod","wl",10.7983839052897,"baseline"
2019-10-01,"0.1","calib","obs","wl",10.5285714285714,"baseline"
2019-10-02,"0.1","calib","mod","wl",10.7883380104929,"baseline"
2019-10-02,"0.1","calib","obs","wl",10.5142857142857,"baseline"
2019-10-03,"0.1","calib","mod","wl",10.7773492801817,"baseline"
2019-10-03,"0.1","calib","obs","wl",10.5,"baseline"
2019-10-04,"0.1","calib","mod","wl",10.774794503749,"baseline"
2019-10-04,"0.1","calib","obs","wl",10.5,"baseline"
2019-10-04,"0.1","calib","mod","temp",25.7647202081903,"baseline"
2019-10-04,"0.1","calib","obs","temp",25.8678,"baseline"
2019-10-04,"0.1","calib","mod","oxy",8.89377286866095,"baseline"
2019-10-04,"0.1","calib","obs","oxy",5.6592,"baseline"
2019-10-04,"0.1","calib","mod","nh4",2.92218114796899,"baseline"
2019-10-04,"0.1","calib","obs","nh4",5,"baseline"
2019-10-04,"0.1","calib","mod","no3",0.00582779275878164,"baseline"
2019-10-04,"0.1","calib","obs","no3",0.999999999999999,"baseline"
2019-10-04,"0.1","calib","mod","po4",0.67498679154951,"baseline"
2019-10-04,"0.1","calib","obs","po4",9,"baseline"
2019-10-04,"0.1","calib","mod","chla",2.95144271102279,"baseline"
2019-10-04,"0.1","calib","obs","chla",1.6561,"baseline"
2019-10-04,"0.1","calib","obs","din",6,"baseline"
2019-10-04,"0.1","calib","mod","din",2.92800894072778,"baseline"
2019-10-05,"0.1","calib","mod","wl",10.7651905803167,"baseline"
2019-10-05,"0.1","calib","obs","wl",10.4909090909091,"baseline"
2019-10-06,"0.1","calib","mod","wl",10.7563353932823,"baseline"
2019-10-06,"0.1","calib","obs","wl",10.4818181818182,"baseline"
2019-10-07,"0.1","calib","mod","wl",10.7535540303968,"baseline"
2019-10-07,"0.1","calib","obs","wl",10.4727272727273,"baseline"
2019-10-08,"0.1","calib","mod","wl",10.746378299691,"baseline"
2019-10-08,"0.1","calib","obs","wl",10.4636363636364,"baseline"
2019-10-09,"0.1","calib","mod","wl",10.7431428245473,"baseline"
2019-10-09,"0.1","calib","obs","wl",10.4545454545455,"baseline"
2019-10-10,"0.1","calib","mod","wl",10.7343680022784,"baseline"
2019-10-10,"0.1","calib","obs","wl",10.4454545454545,"baseline"
2019-10-11,"0.1","calib","mod","wl",10.7263413790872,"baseline"
2019-10-11,"0.1","calib","obs","wl",10.4363636363636,"baseline"
2019-10-12,"0.1","calib","mod","wl",10.7184559062081,"baseline"
2019-10-12,"0.1","calib","obs","wl",10.4272727272727,"baseline"
2019-10-13,"0.1","calib","mod","wl",10.7108115852964,"baseline"
2019-10-13,"0.1","calib","obs","wl",10.4181818181818,"baseline"
2019-10-14,"0.1","calib","mod","wl",10.702365812169,"baseline"
2019-10-14,"0.1","calib","obs","wl",10.4090909090909,"baseline"
2019-10-15,"0.1","calib","mod","wl",10.6938920833019,"baseline"
2019-10-15,"0.1","calib","obs","wl",10.4,"baseline"
2019-10-16,"0.1","calib","mod","wl",10.6692376464891,"baseline"
2019-10-16,"0.1","calib","obs","wl",10.3666666666667,"baseline"
2019-10-17,"0.1","calib","mod","wl",10.6625244443333,"baseline"
2019-10-17,"0.1","calib","obs","wl",10.3333333333333,"baseline"
2019-10-18,"0.1","calib","mod","wl",10.6347403237306,"baseline"
2019-10-18,"0.1","calib","obs","wl",10.3,"baseline"
2019-10-18,"0.1","calib","mod","temp",16.3913706075557,"baseline"
2019-10-18,"0.1","calib","obs","temp",15.549,"baseline"
2019-10-18,"0.1","calib","mod","oxy",9.71188065439828,"baseline"
2019-10-18,"0.1","calib","obs","oxy",3.8275,"baseline"
2019-10-18,"0.1","calib","mod","nh4",41.5436886815835,"baseline"
2019-10-18,"0.1","calib","obs","nh4",8,"baseline"
2019-10-18,"0.1","calib","mod","no3",1.57260408748338,"baseline"
2019-10-18,"0.1","calib","obs","no3",0,"baseline"
2019-10-18,"0.1","calib","mod","po4",3.55766591479993,"baseline"
2019-10-18,"0.1","calib","obs","po4",3,"baseline"
2019-10-18,"0.1","calib","mod","chla",1.33183197407115,"baseline"
2019-10-18,"0.1","calib","obs","chla",2.4129,"baseline"
2019-10-18,"0.1","calib","obs","din",8,"baseline"
2019-10-18,"0.1","calib","mod","din",43.1162927690669,"baseline"
2019-10-19,"0.1","calib","mod","wl",10.6524597640561,"baseline"
2019-10-19,"0.1","calib","obs","wl",10.3333333333333,"baseline"
2019-10-20,"0.1","calib","mod","wl",10.6723792375842,"baseline"
2019-10-20,"0.1","calib","obs","wl",10.3666666666667,"baseline"
2019-10-21,"0.1","calib","mod","wl",10.7327056635714,"baseline"
2019-10-21,"0.1","calib","obs","wl",10.4,"baseline"
2019-10-22,"0.1","calib","mod","wl",10.7489431132953,"baseline"
2019-10-22,"0.1","calib","obs","wl",10.4333333333333,"baseline"
2019-10-23,"0.1","calib","mod","wl",10.7776309629566,"baseline"
2019-10-23,"0.1","calib","obs","wl",10.4666666666667,"baseline"
2019-10-24,"0.1","calib","mod","wl",10.7943215158894,"baseline"
2019-10-24,"0.1","calib","obs","wl",10.5,"baseline"
2019-10-25,"0.1","calib","mod","wl",10.776726593434,"baseline"
2019-10-25,"0.1","calib","obs","wl",10.48,"baseline"
2019-10-26,"0.1","calib","mod","wl",10.7661157570219,"baseline"
2019-10-26,"0.1","calib","obs","wl",10.46,"baseline"
2019-10-27,"0.1","calib","mod","wl",10.7506654478055,"baseline"
2019-10-27,"0.1","calib","obs","wl",10.44,"baseline"
2019-10-28,"0.1","calib","mod","wl",10.7535700601061,"baseline"
2019-10-28,"0.1","calib","obs","wl",10.42,"baseline"
2019-10-28,"0.1","calib","mod","temp",15.3813740257268,"baseline"
2019-10-28,"0.1","calib","obs","temp",14.8336,"baseline"
2019-10-28,"0.1","calib","mod","oxy",10.2145733368931,"baseline"
2019-10-28,"0.1","calib","obs","oxy",5.2887,"baseline"
2019-10-28,"0.1","calib","mod","nh4",34.1204091370133,"baseline"
2019-10-28,"0.1","calib","obs","nh4",1.99999999999999,"baseline"
2019-10-28,"0.1","calib","mod","no3",3.54938455526556,"baseline"
2019-10-28,"0.1","calib","obs","no3",0.999999999999999,"baseline"
2019-10-28,"0.1","calib","mod","po4",2.37449654618717,"baseline"
2019-10-28,"0.1","calib","obs","po4",5,"baseline"
2019-10-28,"0.1","calib","mod","chla",0.355044811549427,"baseline"
2019-10-28,"0.1","calib","obs","chla",3.3382,"baseline"
2019-10-28,"0.1","calib","obs","din",2.99999999999999,"baseline"
2019-10-28,"0.1","calib","mod","din",37.6697936922789,"baseline"
2019-10-29,"0.1","calib","mod","wl",10.7362526297212,"baseline"
2019-10-29,"0.1","calib","obs","wl",10.4,"baseline"
2019-10-30,"0.1","calib","mod","wl",10.7337866072589,"baseline"
2019-10-30,"0.1","calib","obs","wl",10.4,"baseline"
2019-10-31,"0.1","calib","mod","wl",10.7379219889134,"baseline"
2019-10-31,"0.1","calib","obs","wl",10.4,"baseline"
2019-11-01,"0.1","calib","mod","wl",10.7595885181762,"baseline"
2019-11-01,"0.1","calib","obs","wl",10.4,"baseline"
2019-11-02,"0.1","calib","mod","wl",10.7530467489818,"baseline"
2019-11-02,"0.1","calib","obs","wl",10.4,"baseline"
2019-11-03,"0.1","calib","mod","wl",10.7484080405645,"baseline"
2019-11-03,"0.1","calib","obs","wl",10.4,"baseline"
2019-11-04,"0.1","calib","mod","wl",10.7446948243296,"baseline"
2019-11-04,"0.1","calib","obs","wl",10.4,"baseline"
2019-11-05,"0.1","calib","mod","wl",10.7417535829059,"baseline"
2019-11-05,"0.1","calib","obs","wl",10.4,"baseline"
2019-11-06,"0.1","calib","mod","wl",10.7397149157174,"baseline"
2019-11-06,"0.1","calib","obs","wl",10.4,"baseline"
2019-11-07,"0.1","calib","mod","wl",10.7378085051201,"baseline"
2019-11-07,"0.1","calib","obs","wl",10.4,"baseline"
2019-11-08,"0.1","calib","mod","wl",10.7371695915625,"baseline"
2019-11-08,"0.1","calib","obs","wl",10.4,"baseline"
2019-11-09,"0.1","calib","mod","wl",10.7341481510832,"baseline"
2019-11-09,"0.1","calib","obs","wl",10.4,"baseline"
2019-11-10,"0.1","calib","mod","wl",10.7325307764697,"baseline"
2019-11-10,"0.1","calib","obs","wl",10.4,"baseline"
2019-11-11,"0.1","calib","mod","wl",10.7312753586818,"baseline"
2019-11-11,"0.1","calib","obs","wl",10.4,"baseline"
2019-11-12,"0.1","calib","mod","wl",10.7303127533578,"baseline"
2019-11-12,"0.1","calib","obs","wl",10.4,"baseline"
2019-11-13,"0.1","calib","mod","wl",10.7187560768632,"baseline"
2019-11-13,"0.1","calib","obs","wl",10.3766666666667,"baseline"
2019-11-14,"0.1","calib","mod","wl",10.7067697452452,"baseline"
2019-11-14,"0.1","calib","obs","wl",10.3533333333333,"baseline"
2019-11-15,"0.1","calib","mod","wl",10.6964521628956,"baseline"
2019-11-15,"0.1","calib","obs","wl",10.33,"baseline"
2019-11-15,"0.1","calib","mod","temp",8.30036639356234,"baseline"
2019-11-15,"0.1","calib","obs","temp",8.146,"baseline"
2019-11-15,"0.1","calib","mod","oxy",11.1063378843461,"baseline"
2019-11-15,"0.1","calib","obs","oxy",6.7554,"baseline"
2019-11-15,"0.1","calib","mod","nh4",30.3277154684701,"baseline"
2019-11-15,"0.1","calib","obs","nh4",37,"baseline"
2019-11-15,"0.1","calib","mod","no3",5.152683190795,"baseline"
2019-11-15,"0.1","calib","obs","no3",7.00000000000002,"baseline"
2019-11-15,"0.1","calib","mod","po4",5.79305689942626,"baseline"
2019-11-15,"0.1","calib","obs","po4",5,"baseline"
2019-11-15,"0.1","calib","mod","chla",0.454828421620152,"baseline"
2019-11-15,"0.1","calib","obs","chla",3.0043,"baseline"
2019-11-15,"0.1","calib","obs","din",44,"baseline"
2019-11-15,"0.1","calib","mod","din",35.4803986592651,"baseline"
2019-11-16,"0.1","calib","mod","wl",10.685109220932,"baseline"
2019-11-16,"0.1","calib","obs","wl",10.3181818181818,"baseline"
2019-11-17,"0.1","calib","mod","wl",10.6735221464401,"baseline"
2019-11-17,"0.1","calib","obs","wl",10.3063636363636,"baseline"
2019-11-18,"0.1","calib","mod","wl",10.6622344025511,"baseline"
2019-11-18,"0.1","calib","obs","wl",10.2945454545455,"baseline"
2019-11-19,"0.1","calib","mod","wl",10.6565724595791,"baseline"
2019-11-19,"0.1","calib","obs","wl",10.2827272727273,"baseline"
2019-11-20,"0.1","calib","mod","wl",10.6456227171021,"baseline"
2019-11-20,"0.1","calib","obs","wl",10.2709090909091,"baseline"
2019-11-21,"0.1","calib","mod","wl",10.6341339217236,"baseline"
2019-11-21,"0.1","calib","obs","wl",10.2590909090909,"baseline"
2019-11-22,"0.1","calib","mod","wl",10.6233771580565,"baseline"
2019-11-22,"0.1","calib","obs","wl",10.2472727272727,"baseline"
2019-11-23,"0.1","calib","mod","wl",10.6133208512166,"baseline"
2019-11-23,"0.1","calib","obs","wl",10.2354545454545,"baseline"
2019-11-24,"0.1","calib","mod","wl",10.6075281635979,"baseline"
2019-11-24,"0.1","calib","obs","wl",10.2236363636364,"baseline"
2019-11-25,"0.1","calib","mod","wl",10.5989522074848,"baseline"
2019-11-25,"0.1","calib","obs","wl",10.2118181818182,"baseline"
2019-11-26,"0.1","calib","mod","wl",10.5867313989585,"baseline"
2019-11-26,"0.1","calib","obs","wl",10.2,"baseline"
2019-11-27,"0.1","calib","mod","wl",10.5929519338281,"baseline"
2019-11-27,"0.1","calib","obs","wl",10.2111111111111,"baseline"
2019-11-28,"0.1","calib","mod","wl",10.6043365950496,"baseline"
2019-11-28,"0.1","calib","obs","wl",10.2222222222222,"baseline"
2019-11-29,"0.1","calib","mod","wl",10.6085651716842,"baseline"
2019-11-29,"0.1","calib","obs","wl",10.2333333333333,"baseline"
2019-11-30,"0.1","calib","mod","wl",10.6138926402015,"baseline"
2019-11-30,"0.1","calib","obs","wl",10.2444444444444,"baseline"
2019-12-01,"0.1","calib","mod","wl",10.6257118828246,"baseline"
2019-12-01,"0.1","calib","obs","wl",10.2555555555556,"baseline"
2019-12-02,"0.1","calib","mod","wl",10.6493894200306,"baseline"
2019-12-02,"0.1","calib","obs","wl",10.2666666666667,"baseline"
2019-12-03,"0.1","calib","mod","wl",10.6531192623383,"baseline"
2019-12-03,"0.1","calib","obs","wl",10.2777777777778,"baseline"
2019-12-04,"0.1","calib","mod","wl",10.6568744550688,"baseline"
2019-12-04,"0.1","calib","obs","wl",10.2888888888889,"baseline"
2019-12-05,"0.1","calib","mod","wl",10.6619813991712,"baseline"
2019-12-05,"0.1","calib","obs","wl",10.3,"baseline"
2019-12-06,"0.1","calib","mod","wl",10.659848059838,"baseline"
2019-12-06,"0.1","calib","obs","wl",10.3,"baseline"
2019-12-06,"0.1","calib","mod","temp",0.220117293934616,"baseline"
2019-12-06,"0.1","calib","obs","temp",5.075,"baseline"
2019-12-06,"0.1","calib","mod","oxy",12.21997047763,"baseline"
2019-12-06,"0.1","calib","obs","oxy",8.1795,"baseline"
2019-12-06,"0.1","calib","mod","chla",1.78339899909324,"baseline"
2019-12-06,"0.1","calib","obs","chla",2.7717,"baseline"
2019-12-07,"0.1","calib","mod","wl",10.6475801601619,"baseline"
2019-12-07,"0.1","calib","obs","wl",10.2833333333333,"baseline"
2019-12-08,"0.1","calib","mod","wl",10.6357529802849,"baseline"
2019-12-08,"0.1","calib","obs","wl",10.2666666666667,"baseline"
2019-12-09,"0.1","calib","mod","wl",10.6236742990341,"baseline"
2019-12-09,"0.1","calib","obs","wl",10.25,"baseline"
2019-12-10,"0.1","calib","mod","wl",10.6211596144348,"baseline"
2019-12-10,"0.1","calib","obs","wl",10.2333333333333,"baseline"
2019-12-11,"0.1","calib","mod","wl",10.6111935025418,"baseline"
2019-12-11,"0.1","calib","obs","wl",10.2166666666667,"baseline"
2019-12-12,"0.1","calib","mod","wl",10.599031336915,"baseline"
2019-12-12,"0.1","calib","obs","wl",10.2,"baseline"
2019-12-13,"0.1","calib","mod","wl",10.6085754372802,"baseline"
2019-12-13,"0.1","calib","obs","wl",10.2166666666667,"baseline"
2019-12-14,"0.1","calib","mod","wl",10.6199379727831,"baseline"
2019-12-14,"0.1","calib","obs","wl",10.2333333333333,"baseline"
2019-12-15,"0.1","calib","mod","wl",10.5950594747201,"baseline"
2019-12-15,"0.1","calib","obs","wl",10.25,"baseline"
2019-12-16,"0.1","calib","mod","wl",10.6499313342689,"baseline"
2019-12-16,"0.1","calib","obs","wl",10.2666666666667,"baseline"
2019-12-17,"0.1","calib","mod","wl",10.6595604391913,"baseline"
2019-12-17,"0.1","calib","obs","wl",10.2833333333333,"baseline"
2019-12-18,"0.1","calib","mod","wl",10.6700742441773,"baseline"
2019-12-18,"0.1","calib","obs","wl",10.3,"baseline"
2019-12-19,"0.1","calib","mod","wl",10.6592561351864,"baseline"
2019-12-19,"0.1","calib","obs","wl",10.2875,"baseline"
2019-12-20,"0.1","calib","mod","wl",10.6489934172043,"baseline"
2019-12-20,"0.1","calib","obs","wl",10.275,"baseline"
2019-12-21,"0.1","calib","mod","wl",10.639277112899,"baseline"
2019-12-21,"0.1","calib","obs","wl",10.2625,"baseline"
2019-12-22,"0.1","calib","mod","wl",10.630367612127,"baseline"
2019-12-22,"0.1","calib","obs","wl",10.25,"baseline"
2019-12-23,"0.1","calib","mod","wl",10.6212652003896,"baseline"
2019-12-23,"0.1","calib","obs","wl",10.2375,"baseline"
2019-12-24,"0.1","calib","mod","wl",10.6122516880644,"baseline"
2019-12-24,"0.1","calib","obs","wl",10.225,"baseline"
2019-12-25,"0.1","calib","mod","wl",10.6034586354385,"baseline"
2019-12-25,"0.1","calib","obs","wl",10.2125,"baseline"
2019-12-26,"0.1","calib","mod","wl",10.594422013021,"baseline"
2019-12-26,"0.1","calib","obs","wl",10.2,"baseline"
2019-12-27,"0.1","calib","mod","wl",10.5938806682277,"baseline"
2019-12-27,"0.1","calib","obs","wl",10.2,"baseline"
2019-12-28,"0.1","calib","mod","wl",10.5936006960769,"baseline"
2019-12-28,"0.1","calib","obs","wl",10.2,"baseline"
2019-12-29,"0.1","calib","mod","wl",10.5934471585959,"baseline"
2019-12-29,"0.1","calib","obs","wl",10.2,"baseline"
2019-12-30,"0.1","calib","mod","wl",10.595098561256,"baseline"
2019-12-30,"0.1","calib","obs","wl",10.2,"baseline"
2019-12-31,"0.1","calib","mod","wl",10.5967855140515,"baseline"
2019-12-31,"0.1","calib","obs","wl",10.2,"baseline"
2020-01-01,"0.1","calib","mod","wl",10.5952736856971,"baseline"
2020-01-01,"0.1","calib","obs","wl",10.2,"baseline"
2020-01-02,"0.1","calib","mod","wl",10.5936544819496,"baseline"
2020-01-02,"0.1","calib","obs","wl",10.2,"baseline"
2020-01-03,"0.1","calib","mod","wl",10.5925664206009,"baseline"
2020-01-03,"0.1","calib","obs","wl",10.2,"baseline"
2020-01-04,"0.1","calib","mod","wl",10.5976402176115,"baseline"
2020-01-04,"0.1","calib","obs","wl",10.2,"baseline"
2020-01-05,"0.1","calib","mod","wl",10.60137248878,"baseline"
2020-01-05,"0.1","calib","obs","wl",10.2,"baseline"
2020-01-06,"0.1","calib","mod","wl",10.5988627825597,"baseline"
2020-01-06,"0.1","calib","obs","wl",10.2,"baseline"
2020-01-07,"0.1","calib","mod","wl",10.604336238444,"baseline"
2020-01-07,"0.1","calib","obs","wl",10.2111111111111,"baseline"
2020-01-08,"0.1","calib","mod","wl",10.6133687954144,"baseline"
2020-01-08,"0.1","calib","obs","wl",10.2222222222222,"baseline"
2020-01-09,"0.1","calib","mod","wl",10.6188783913984,"baseline"
2020-01-09,"0.1","calib","obs","wl",10.2333333333333,"baseline"
2020-01-10,"0.1","calib","mod","wl",10.6250000485889,"baseline"
2020-01-10,"0.1","calib","obs","wl",10.2444444444444,"baseline"
2020-01-11,"0.1","calib","mod","wl",10.6319612609808,"baseline"
2020-01-11,"0.1","calib","obs","wl",10.2555555555556,"baseline"
2020-01-12,"0.1","calib","mod","wl",10.6457105301173,"baseline"
2020-01-12,"0.1","calib","obs","wl",10.2666666666667,"baseline"
2020-01-13,"0.1","calib","mod","wl",10.669386109645,"baseline"
2020-01-13,"0.1","calib","obs","wl",10.2777777777778,"baseline"
2020-01-14,"0.1","calib","mod","wl",10.6734205161106,"baseline"
2020-01-14,"0.1","calib","obs","wl",10.2888888888889,"baseline"
2020-01-15,"0.1","calib","mod","wl",10.6795727617396,"baseline"
2020-01-15,"0.1","calib","obs","wl",10.3,"baseline"
2020-01-16,"0.1","calib","mod","wl",10.6776800015683,"baseline"
2020-01-16,"0.1","calib","obs","wl",10.3,"baseline"
2020-01-17,"0.1","calib","mod","wl",10.6756151897386,"baseline"
2020-01-17,"0.1","calib","obs","wl",10.3,"baseline"
2020-01-18,"0.1","calib","mod","wl",10.6724613568887,"baseline"
2020-01-18,"0.1","calib","obs","wl",10.3,"baseline"
2020-01-19,"0.1","calib","mod","wl",10.6730804950822,"baseline"
2020-01-19,"0.1","calib","obs","wl",10.3,"baseline"
2020-01-20,"0.1","calib","mod","wl",10.6717403352434,"baseline"
2020-01-20,"0.1","calib","obs","wl",10.3,"baseline"
2020-01-21,"0.1","calib","mod","wl",10.6687016600388,"baseline"
2020-01-21,"0.1","calib","obs","wl",10.3,"baseline"
2020-01-22,"0.1","calib","mod","wl",10.6663128190653,"baseline"
2020-01-22,"0.1","calib","obs","wl",10.3,"baseline"
2020-01-23,"0.1","calib","mod","wl",10.6655825804121,"baseline"
2020-01-23,"0.1","calib","obs","wl",10.3,"baseline"
2020-01-24,"0.1","calib","mod","wl",10.655329565881,"baseline"
2020-01-24,"0.1","calib","obs","wl",10.2857142857143,"baseline"
2020-01-25,"0.1","calib","mod","wl",10.6582875651153,"baseline"
2020-01-25,"0.1","calib","obs","wl",10.2714285714286,"baseline"
2020-01-26,"0.1","calib","mod","wl",10.6608319350448,"baseline"
2020-01-26,"0.1","calib","obs","wl",10.2571428571429,"baseline"
2020-01-27,"0.1","calib","mod","wl",10.6476512903516,"baseline"
2020-01-27,"0.1","calib","obs","wl",10.2428571428571,"baseline"
2020-01-28,"0.1","calib","mod","wl",10.6357149868858,"baseline"
2020-01-28,"0.1","calib","obs","wl",10.2285714285714,"baseline"
2020-01-29,"0.1","calib","mod","wl",10.6242055749014,"baseline"
2020-01-29,"0.1","calib","obs","wl",10.2142857142857,"baseline"
2020-01-30,"0.1","calib","mod","wl",10.613189383719,"baseline"
2020-01-30,"0.1","calib","obs","wl",10.2,"baseline"
2020-01-31,"0.1","calib","mod","wl",10.6233175838057,"baseline"
2020-01-31,"0.1","calib","obs","wl",10.2166666666667,"baseline"
2020-02-01,"0.1","calib","mod","wl",10.6337810447511,"baseline"
2020-02-01,"0.1","calib","obs","wl",10.2333333333333,"baseline"
2020-02-02,"0.1","calib","mod","wl",10.6447162727857,"baseline"
2020-02-02,"0.1","calib","obs","wl",10.25,"baseline"
2020-02-03,"0.1","calib","mod","wl",10.6549875524611,"baseline"
2020-02-03,"0.1","calib","obs","wl",10.2666666666667,"baseline"
2020-02-04,"0.1","calib","mod","wl",10.6654576688264,"baseline"
2020-02-04,"0.1","calib","obs","wl",10.2833333333333,"baseline"
2020-02-05,"0.1","calib","mod","wl",10.6763705525012,"baseline"
2020-02-05,"0.1","calib","obs","wl",10.3,"baseline"
2020-02-06,"0.1","calib","mod","wl",10.7164922866503,"baseline"
2020-02-06,"0.1","calib","obs","wl",10.35,"baseline"
2020-02-07,"0.1","calib","mod","wl",10.7894595607955,"baseline"
2020-02-07,"0.1","calib","obs","wl",10.4,"baseline"
2020-02-08,"0.1","calib","mod","wl",10.8237098680814,"baseline"
2020-02-08,"0.1","calib","obs","wl",10.45,"baseline"
2020-02-09,"0.1","calib","mod","wl",10.8498655823783,"baseline"
2020-02-09,"0.1","calib","obs","wl",10.5,"baseline"
2020-02-10,"0.1","calib","mod","wl",10.8785242377587,"baseline"
2020-02-10,"0.1","calib","obs","wl",10.55,"baseline"
2020-02-11,"0.1","calib","mod","wl",10.9127869746445,"baseline"
2020-02-11,"0.1","calib","obs","wl",10.6,"baseline"
2020-02-12,"0.1","calib","mod","wl",10.9478791769135,"baseline"
2020-02-12,"0.1","calib","obs","wl",10.65,"baseline"
2020-02-13,"0.1","calib","mod","wl",10.978040287157,"baseline"
2020-02-13,"0.1","calib","obs","wl",10.7,"baseline"
2020-02-14,"0.1","calib","mod","wl",10.9849708541311,"baseline"
2020-02-14,"0.1","calib","obs","wl",10.7,"baseline"
2020-02-15,"0.1","calib","mod","wl",10.9815856795829,"baseline"
2020-02-15,"0.1","calib","obs","wl",10.7,"baseline"
2020-02-16,"0.1","calib","mod","wl",10.9791554483686,"baseline"
2020-02-16,"0.1","calib","obs","wl",10.7,"baseline"
2020-02-17,"0.1","calib","mod","wl",10.977819783837,"baseline"
2020-02-17,"0.1","calib","obs","wl",10.7,"baseline"
2020-02-18,"0.1","calib","mod","wl",10.9770367456724,"baseline"
2020-02-18,"0.1","calib","obs","wl",10.7,"baseline"
2020-02-19,"0.1","calib","mod","wl",10.977789433244,"baseline"
2020-02-19,"0.1","calib","obs","wl",10.7,"baseline"
2020-02-20,"0.1","calib","mod","wl",10.9770485537056,"baseline"
2020-02-20,"0.1","calib","obs","wl",10.7,"baseline"
2020-02-21,"0.1","calib","mod","wl",10.9760542041141,"baseline"
2020-02-21,"0.1","calib","obs","wl",10.7,"baseline"
2020-02-22,"0.1","calib","mod","wl",10.9651643998154,"baseline"
2020-02-22,"0.1","calib","obs","wl",10.6857142857143,"baseline"
2020-02-23,"0.1","calib","mod","wl",10.9544015867022,"baseline"
2020-02-23,"0.1","calib","obs","wl",10.6714285714286,"baseline"
2020-02-24,"0.1","calib","mod","wl",10.9441990583281,"baseline"
2020-02-24,"0.1","calib","obs","wl",10.6571428571429,"baseline"
2020-02-25,"0.1","calib","mod","wl",10.9344863969495,"baseline"
2020-02-25,"0.1","calib","obs","wl",10.6428571428571,"baseline"
2020-02-26,"0.1","calib","mod","wl",10.9293601879044,"baseline"
2020-02-26,"0.1","calib","obs","wl",10.6285714285714,"baseline"
2020-02-27,"0.1","calib","mod","wl",10.9196292654966,"baseline"
2020-02-27,"0.1","calib","obs","wl",10.6142857142857,"baseline"
2020-02-28,"0.1","calib","mod","wl",10.9107856959075,"baseline"
2020-02-28,"0.1","calib","obs","wl",10.6,"baseline"
2020-02-29,"0.1","calib","mod","wl",10.9302382406351,"baseline"
2020-02-29,"0.1","calib","obs","wl",10.6333333333333,"baseline"
2020-03-01,"0.1","calib","mod","wl",10.9497579624961,"baseline"
2020-03-01,"0.1","calib","obs","wl",10.6666666666667,"baseline"
2020-03-02,"0.1","calib","mod","wl",10.9696733545482,"baseline"
2020-03-02,"0.1","calib","obs","wl",10.7,"baseline"
2020-03-03,"0.1","calib","mod","wl",10.9901886852653,"baseline"
2020-03-03,"0.1","calib","obs","wl",10.7333333333333,"baseline"
2020-03-04,"0.1","calib","mod","wl",11.0140423491759,"baseline"
2020-03-04,"0.1","calib","obs","wl",10.7666666666667,"baseline"
2020-03-05,"0.1","calib","mod","wl",11.0337281659141,"baseline"
2020-03-05,"0.1","calib","obs","wl",10.8,"baseline"
2020-03-06,"0.1","calib","mod","wl",11.0166972301926,"baseline"
2020-03-06,"0.1","calib","obs","wl",10.775,"baseline"
2020-03-07,"0.1","calib","mod","wl",11.0002417384922,"baseline"
2020-03-07,"0.1","calib","obs","wl",10.75,"baseline"
2020-03-08,"0.1","calib","mod","wl",10.9815519559233,"baseline"
2020-03-08,"0.1","calib","obs","wl",10.725,"baseline"
2020-03-09,"0.1","calib","mod","wl",10.9640019180498,"baseline"
2020-03-09,"0.1","calib","obs","wl",10.7,"baseline"
2020-03-10,"0.1","calib","mod","wl",10.9724901204563,"baseline"
2020-03-10,"0.1","calib","obs","wl",10.7157142857143,"baseline"
2020-03-11,"0.1","calib","mod","wl",10.9825048634394,"baseline"
2020-03-11,"0.1","calib","obs","wl",10.7314285714286,"baseline"
2020-03-12,"0.1","calib","mod","wl",10.9919767524438,"baseline"
2020-03-12,"0.1","calib","obs","wl",10.7471428571429,"baseline"
2020-03-13,"0.1","calib","mod","wl",11.0013190257078,"baseline"
2020-03-13,"0.1","calib","obs","wl",10.7628571428571,"baseline"
2020-03-14,"0.1","calib","mod","wl",11.0192256186686,"baseline"
2020-03-14,"0.1","calib","obs","wl",10.7785714285714,"baseline"
2020-03-15,"0.1","calib","mod","wl",11.0261740870442,"baseline"
2020-03-15,"0.1","calib","obs","wl",10.7942857142857,"baseline"
2020-03-16,"0.1","calib","mod","wl",11.0392862332686,"baseline"
2020-03-16,"0.1","calib","obs","wl",10.81,"baseline"
2020-03-16,"0.1","calib","mod","temp",11.5484927180231,"baseline"
2020-03-16,"0.1","calib","obs","temp",9.2,"baseline"
2020-03-16,"0.1","calib","mod","oxy",11.7079476025944,"baseline"
2020-03-16,"0.1","calib","obs","oxy",12.39,"baseline"
2020-03-17,"0.1","calib","mod","wl",11.0973122786643,"baseline"
2020-03-17,"0.1","calib","obs","wl",10.9,"baseline"
2020-03-18,"0.1","calib","mod","wl",11.0780847117146,"baseline"
2020-03-18,"0.1","calib","obs","wl",10.8714285714286,"baseline"
2020-03-19,"0.1","calib","mod","wl",11.0587224876453,"baseline"
2020-03-19,"0.1","calib","obs","wl",10.8428571428571,"baseline"
2020-03-20,"0.1","calib","mod","wl",11.0441176759515,"baseline"
2020-03-20,"0.1","calib","obs","wl",10.8142857142857,"baseline"
2020-03-21,"0.1","calib","mod","wl",11.0259582997658,"baseline"
2020-03-21,"0.1","calib","obs","wl",10.7857142857143,"baseline"
2020-03-22,"0.1","calib","mod","wl",11.0088027353134,"baseline"
2020-03-22,"0.1","calib","obs","wl",10.7571428571429,"baseline"
2020-03-23,"0.1","calib","mod","wl",10.9880891595287,"baseline"
2020-03-23,"0.1","calib","obs","wl",10.7285714285714,"baseline"
2020-03-24,"0.1","calib","mod","wl",10.9745503300298,"baseline"
2020-03-24,"0.1","calib","obs","wl",10.7,"baseline"
2020-03-25,"0.1","calib","mod","wl",10.9947484116036,"baseline"
2020-03-25,"0.1","calib","obs","wl",10.7433333333333,"baseline"
2020-03-26,"0.1","calib","mod","wl",11.0290871009591,"baseline"
2020-03-26,"0.1","calib","obs","wl",10.7866666666667,"baseline"
2020-03-27,"0.1","calib","mod","wl",11.0471032628438,"baseline"
2020-03-27,"0.1","calib","obs","wl",10.83,"baseline"
2020-03-28,"0.1","calib","mod","wl",11.0662261645194,"baseline"
2020-03-28,"0.1","calib","obs","wl",10.8733333333333,"baseline"
2020-03-29,"0.1","calib","mod","wl",11.086111046798,"baseline"
2020-03-29,"0.1","calib","obs","wl",10.9166666666667,"baseline"
2020-03-30,"0.1","calib","mod","wl",11.1056753798392,"baseline"
2020-03-30,"0.1","calib","obs","wl",10.96,"baseline"
2020-03-30,"0.1","calib","mod","nh4",37.7941070134974,"baseline"
2020-03-30,"0.1","calib","obs","nh4",3.00000000000001,"baseline"
2020-03-30,"0.1","calib","mod","no3",4.31780185758425,"baseline"
2020-03-30,"0.1","calib","obs","no3",3,"baseline"
2020-03-30,"0.1","calib","mod","po4",5.08278990441861,"baseline"
2020-03-30,"0.1","calib","obs","po4",6,"baseline"
2020-03-30,"0.1","calib","obs","din",6,"baseline"
2020-03-30,"0.1","calib","mod","din",42.1119088710817,"baseline"
2020-03-31,"0.1","calib","mod","wl",11.1233075337279,"baseline"
2020-03-31,"0.1","calib","obs","wl",10.9733333333333,"baseline"
2020-04-01,"0.1","calib","mod","wl",11.1555330570056,"baseline"
2020-04-01,"0.1","calib","obs","wl",10.9866666666667,"baseline"
2020-04-02,"0.1","calib","mod","wl",11.1754238814535,"baseline"
2020-04-02,"0.1","calib","obs","wl",11,"baseline"
2020-04-03,"0.1","calib","mod","wl",11.1607819000499,"baseline"
2020-04-03,"0.1","calib","obs","wl",10.9833333333333,"baseline"
2020-04-04,"0.1","calib","mod","wl",11.1466631184853,"baseline"
2020-04-04,"0.1","calib","obs","wl",10.9666666666667,"baseline"
2020-04-05,"0.1","calib","mod","wl",11.1337728574851,"baseline"
2020-04-05,"0.1","calib","obs","wl",10.95,"baseline"
2020-04-06,"0.1","calib","mod","wl",11.122304275404,"baseline"
2020-04-06,"0.1","calib","obs","wl",10.9333333333333,"baseline"
2020-04-07,"0.1","calib","mod","wl",11.1107487863984,"baseline"
2020-04-07,"0.1","calib","obs","wl",10.9166666666667,"baseline"
2020-04-08,"0.1","calib","mod","wl",11.0994644531629,"baseline"
2020-04-08,"0.1","calib","obs","wl",10.9,"baseline"
2020-04-09,"0.1","calib","mod","wl",11.1311727735602,"baseline"
2020-04-09,"0.1","calib","obs","wl",10.95,"baseline"
2020-04-10,"0.1","calib","mod","wl",11.161296605807,"baseline"
2020-04-10,"0.1","calib","obs","wl",11,"baseline"
2020-04-11,"0.1","calib","mod","wl",11.192448342847,"baseline"
2020-04-11,"0.1","calib","obs","wl",11.05,"baseline"
2020-04-12,"0.1","calib","mod","wl",11.2248812213618,"baseline"
2020-04-12,"0.1","calib","obs","wl",11.1,"baseline"
2020-04-13,"0.1","calib","mod","wl",11.2622005772315,"baseline"
2020-04-13,"0.1","calib","obs","wl",11.15,"baseline"
2020-04-14,"0.1","calib","mod","wl",11.3475665341127,"baseline"
2020-04-14,"0.1","calib","obs","wl",11.2,"baseline"
2020-04-15,"0.1","calib","mod","wl",11.3725787194471,"baseline"
2020-04-15,"0.1","calib","obs","wl",11.25,"baseline"
2020-04-16,"0.1","calib","mod","wl",11.4029975986012,"baseline"
2020-04-16,"0.1","calib","obs","wl",11.3,"baseline"
2020-04-17,"0.1","calib","mod","wl",11.3835146986353,"baseline"
2020-04-17,"0.1","calib","obs","wl",11.28,"baseline"
2020-04-18,"0.1","calib","mod","wl",11.3649853660679,"baseline"
2020-04-18,"0.1","calib","obs","wl",11.26,"baseline"
2020-04-19,"0.1","calib","mod","wl",11.34924873316,"baseline"
2020-04-19,"0.1","calib","obs","wl",11.24,"baseline"
2020-04-20,"0.1","calib","mod","wl",11.3323912726831,"baseline"
2020-04-20,"0.1","calib","obs","wl",11.22,"baseline"
2020-04-21,"0.1","calib","mod","wl",11.3244290069596,"baseline"
2020-04-21,"0.1","calib","obs","wl",11.2,"baseline"
2020-04-22,"0.1","calib","mod","wl",11.3309333574526,"baseline"
2020-04-22,"0.1","calib","obs","wl",11.2142857142857,"baseline"
2020-04-23,"0.1","calib","mod","wl",11.3367723307604,"baseline"
2020-04-23,"0.1","calib","obs","wl",11.2285714285714,"baseline"
2020-04-24,"0.1","calib","mod","wl",11.3501202203963,"baseline"
2020-04-24,"0.1","calib","obs","wl",11.2428571428571,"baseline"
2020-04-25,"0.1","calib","mod","wl",11.3608540534087,"baseline"
2020-04-25,"0.1","calib","obs","wl",11.2571428571429,"baseline"
2020-04-26,"0.1","calib","mod","wl",11.3737960569682,"baseline"
2020-04-26,"0.1","calib","obs","wl",11.2714285714286,"baseline"
2020-04-27,"0.1","calib","mod","wl",11.3900492073355,"baseline"
2020-04-27,"0.1","calib","obs","wl",11.2857142857143,"baseline"
2020-04-28,"0.1","calib","mod","wl",11.3948040419235,"baseline"
2020-04-28,"0.1","calib","obs","wl",11.3,"baseline"
2020-04-29,"0.1","calib","mod","wl",11.3922919371765,"baseline"
2020-04-29,"0.1","calib","obs","wl",11.3,"baseline"
2020-04-30,"0.1","calib","mod","wl",11.3908325069337,"baseline"
2020-04-30,"0.1","calib","obs","wl",11.3,"baseline"
2020-05-01,"0.1","calib","mod","wl",11.4277191257405,"baseline"
2020-05-01,"0.1","calib","obs","wl",11.3,"baseline"
2020-05-02,"0.1","calib","mod","wl",11.4213291135593,"baseline"
2020-05-02,"0.1","calib","obs","wl",11.3,"baseline"
2020-05-03,"0.1","calib","mod","wl",11.4162275139184,"baseline"
2020-05-03,"0.1","calib","obs","wl",11.3,"baseline"
2020-05-04,"0.1","calib","mod","wl",11.4131124040167,"baseline"
2020-05-04,"0.1","calib","obs","wl",11.3,"baseline"
2020-05-05,"0.1","calib","mod","wl",11.4115601787157,"baseline"
2020-05-05,"0.1","calib","obs","wl",11.3,"baseline"
2020-05-06,"0.1","calib","mod","wl",11.4112800859133,"baseline"
2020-05-06,"0.1","calib","obs","wl",11.3,"baseline"
2020-05-07,"0.1","calib","mod","wl",11.4094395220096,"baseline"
2020-05-07,"0.1","calib","obs","wl",11.3,"baseline"
2020-05-08,"0.1","calib","mod","wl",11.3955411110257,"baseline"
2020-05-08,"0.1","calib","obs","wl",11.2857142857143,"baseline"
2020-05-09,"0.1","calib","mod","wl",11.3844635426217,"baseline"
2020-05-09,"0.1","calib","obs","wl",11.2714285714286,"baseline"
2020-05-10,"0.1","calib","mod","wl",11.3710787883698,"baseline"
2020-05-10,"0.1","calib","obs","wl",11.2571428571429,"baseline"
2020-05-11,"0.1","calib","mod","wl",11.3582141428683,"baseline"
2020-05-11,"0.1","calib","obs","wl",11.2428571428571,"baseline"
2020-05-12,"0.1","calib","mod","wl",11.3454748547681,"baseline"
2020-05-12,"0.1","calib","obs","wl",11.2285714285714,"baseline"
2020-05-13,"0.1","calib","mod","wl",11.3331256889751,"baseline"
2020-05-13,"0.1","calib","obs","wl",11.2142857142857,"baseline"
2020-05-14,"0.1","calib","mod","wl",11.321552018361,"baseline"
2020-05-14,"0.1","calib","obs","wl",11.2,"baseline"
2020-05-14,"0.1","calib","mod","temp",16.7739878692695,"baseline"
2020-05-14,"0.1","calib","obs","temp",15.1,"baseline"
2020-05-14,"0.1","calib","mod","oxy",9.98939742004622,"baseline"
2020-05-14,"0.1","calib","obs","oxy",8.81,"baseline"
2020-05-14,"0.1","calib","mod","nh4",22.5796601211454,"baseline"
2020-05-14,"0.1","calib","obs","nh4",9,"baseline"
2020-05-14,"0.1","calib","mod","no3",4.00925202829311,"baseline"
2020-05-14,"0.1","calib","obs","no3",0.999999999999999,"baseline"
2020-05-14,"0.1","calib","mod","po4",5.05174934398121,"baseline"
2020-05-14,"0.1","calib","obs","po4",4,"baseline"
2020-05-14,"0.1","calib","obs","din",9.99999999999999,"baseline"
2020-05-14,"0.1","calib","mod","din",26.5889121494385,"baseline"
2020-05-15,"0.1","calib","mod","wl",11.3889407772484,"baseline"
2020-05-15,"0.1","calib","obs","wl",11.275,"baseline"
2020-05-16,"0.1","calib","mod","wl",11.4366895211069,"baseline"
2020-05-16,"0.1","calib","obs","wl",11.35,"baseline"
2020-05-17,"0.1","calib","mod","wl",11.4852051197529,"baseline"
2020-05-17,"0.1","calib","obs","wl",11.425,"baseline"
2020-05-18,"0.1","calib","mod","wl",11.5337983048163,"baseline"
2020-05-18,"0.1","calib","obs","wl",11.5,"baseline"
2020-05-19,"0.1","calib","mod","wl",11.585848445259,"baseline"
2020-05-19,"0.1","calib","obs","wl",11.575,"baseline"
2020-05-20,"0.1","calib","mod","wl",11.6915135310762,"baseline"
2020-05-20,"0.1","calib","obs","wl",11.65,"baseline"
2020-05-21,"0.1","calib","mod","wl",11.7736253130838,"baseline"
2020-05-21,"0.1","calib","obs","wl",11.725,"baseline"
2020-05-22,"0.1","calib","mod","wl",11.8504670514458,"baseline"
2020-05-22,"0.1","calib","obs","wl",11.8,"baseline"
2020-05-23,"0.1","calib","mod","wl",11.8734791836523,"baseline"
2020-05-23,"0.1","calib","obs","wl",11.825,"baseline"
2020-05-24,"0.1","calib","mod","wl",11.8798291530513,"baseline"
2020-05-24,"0.1","calib","obs","wl",11.85,"baseline"
2020-05-25,"0.1","calib","mod","wl",11.8950614664902,"baseline"
2020-05-25,"0.1","calib","obs","wl",11.875,"baseline"
2020-05-26,"0.1","calib","mod","wl",11.9062753721769,"baseline"
2020-05-26,"0.1","calib","obs","wl",11.9,"baseline"
2020-05-27,"0.1","calib","mod","wl",11.9023533831464,"baseline"
2020-05-27,"0.1","calib","obs","wl",11.9,"baseline"
2020-05-28,"0.1","calib","mod","wl",11.9019430308251,"baseline"
2020-05-28,"0.1","calib","obs","wl",11.9,"baseline"
2020-05-29,"0.1","calib","mod","wl",11.9118700938136,"baseline"
2020-05-29,"0.1","calib","obs","wl",11.9,"baseline"
2020-05-30,"0.1","calib","mod","wl",11.9167141139979,"baseline"
2020-05-30,"0.1","calib","obs","wl",11.9,"baseline"
2020-05-31,"0.1","calib","mod","wl",11.9125196736763,"baseline"
2020-05-31,"0.1","calib","obs","wl",11.9,"baseline"
2020-06-01,"0.1","calib","mod","wl",11.9078597090323,"baseline"
2020-06-01,"0.1","calib","obs","wl",11.9,"baseline"
2020-06-02,"0.1","calib","mod","wl",11.9032679854866,"baseline"
2020-06-02,"0.1","calib","obs","wl",11.9,"baseline"
2020-06-03,"0.1","calib","mod","wl",11.9010305429159,"baseline"
2020-06-03,"0.1","calib","obs","wl",11.9,"baseline"
2020-06-04,"0.1","calib","mod","wl",11.8989538220106,"baseline"
2020-06-04,"0.1","calib","obs","wl",11.9,"baseline"
2020-06-04,"0.1","calib","mod","temp",22.8929867925074,"baseline"
2020-06-04,"0.1","calib","obs","temp",24.7,"baseline"
2020-06-04,"0.1","calib","mod","oxy",9.29748736096464,"baseline"
2020-06-04,"0.1","calib","obs","oxy",10.12,"baseline"
2020-06-04,"0.1","calib","mod","nh4",14.7785815075002,"baseline"
2020-06-04,"0.1","calib","obs","nh4",9.99999999999999,"baseline"
2020-06-04,"0.1","calib","mod","no3",3.23792316692534,"baseline"
2020-06-04,"0.1","calib","obs","no3",3,"baseline"
2020-06-04,"0.1","calib","mod","po4",3.08487390073673,"baseline"
2020-06-04,"0.1","calib","obs","po4",5,"baseline"
2020-06-04,"0.1","calib","obs","din",13,"baseline"
2020-06-04,"0.1","calib","mod","din",18.0165046744256,"baseline"
2020-06-05,"0.1","calib","mod","wl",11.9041675004032,"baseline"
2020-06-05,"0.1","calib","obs","wl",11.9,"baseline"
2020-06-06,"0.1","calib","mod","wl",11.912920493672,"baseline"
2020-06-06,"0.1","calib","obs","wl",11.9,"baseline"
2020-06-07,"0.1","calib","mod","wl",11.9107648372427,"baseline"
2020-06-07,"0.1","calib","obs","wl",11.9,"baseline"
2020-06-08,"0.1","calib","mod","wl",11.9082654389934,"baseline"
2020-06-08,"0.1","calib","obs","wl",11.9,"baseline"
2020-06-09,"0.1","calib","mod","wl",11.9058859641474,"baseline"
2020-06-09,"0.1","calib","obs","wl",11.9,"baseline"
2020-06-10,"0.1","calib","mod","wl",11.9046787788428,"baseline"
2020-06-10,"0.1","calib","obs","wl",11.9,"baseline"
2020-06-11,"0.1","calib","mod","wl",11.9047234050338,"baseline"
2020-06-11,"0.1","calib","obs","wl",11.9,"baseline"
2020-06-12,"0.1","calib","mod","wl",11.9028339412424,"baseline"
2020-06-12,"0.1","calib","obs","wl",11.9,"baseline"
2020-06-13,"0.1","calib","mod","wl",11.8970464123887,"baseline"
2020-06-13,"0.1","calib","obs","wl",11.9,"baseline"
2020-06-14,"0.1","calib","mod","wl",11.8965235955982,"baseline"
2020-06-14,"0.1","calib","obs","wl",11.9,"baseline"
2020-06-15,"0.1","calib","mod","wl",11.8965748120934,"baseline"
2020-06-15,"0.1","calib","obs","wl",11.9,"baseline"
2020-06-16,"0.1","calib","mod","wl",11.938667345192,"baseline"
2020-06-16,"0.1","calib","obs","wl",11.9,"baseline"
2020-06-17,"0.1","calib","mod","wl",11.9448328446114,"baseline"
2020-06-17,"0.1","calib","obs","wl",11.9,"baseline"
2020-06-18,"0.1","calib","mod","wl",12.1957639574938,"baseline"
2020-06-18,"0.1","calib","obs","wl",12.1809113071062,"baseline"
2020-06-18,"0.1","calib","mod","temp",18.5966898631431,"baseline"
2020-06-18,"0.1","calib","obs","temp",20.0897,"baseline"
2020-06-18,"0.1","calib","mod","oxy",8.89796823478975,"baseline"
2020-06-18,"0.1","calib","obs","oxy",5.3299,"baseline"
2020-06-18,"0.1","calib","mod","chla",0.724073440248308,"baseline"
2020-06-18,"0.1","calib","obs","chla",0.9313,"baseline"
2020-06-19,"0.1","calib","mod","wl",12.209614069855,"baseline"
2020-06-19,"0.1","calib","obs","wl",12.2064867934593,"baseline"
2020-06-20,"0.1","calib","mod","wl",12.2176119397839,"baseline"
2020-06-20,"0.1","calib","obs","wl",12.2287586383061,"baseline"
2020-06-21,"0.1","calib","mod","wl",12.2160830367468,"baseline"
2020-06-21,"0.1","calib","obs","wl",12.2353369357401,"baseline"
2020-06-22,"0.1","calib","mod","wl",12.2118289816217,"baseline"
2020-06-22,"0.1","calib","obs","wl",12.2352494176645,"baseline"
2020-06-23,"0.1","calib","mod","wl",12.2057022910106,"baseline"
2020-06-23,"0.1","calib","obs","wl",12.23082610613,"baseline"
2020-06-24,"0.1","calib","mod","wl",12.2001709023255,"baseline"
2020-06-24,"0.1","calib","obs","wl",12.2233790068077,"baseline"
2020-06-25,"0.1","calib","mod","wl",12.1995723825095,"baseline"
2020-06-25,"0.1","calib","obs","wl",12.2264132462704,"baseline"
2020-06-25,"0.1","calib","mod","temp",22.0586197415958,"baseline"
2020-06-25,"0.1","calib","obs","temp",24.6161,"baseline"
2020-06-25,"0.1","calib","mod","oxy",9.03273724734979,"baseline"
2020-06-25,"0.1","calib","obs","oxy",5.7053,"baseline"
2020-06-25,"0.1","calib","mod","nh4",8.14438294990552,"baseline"
2020-06-25,"0.1","calib","obs","nh4",8,"baseline"
2020-06-25,"0.1","calib","mod","no3",2.98193412690227,"baseline"
2020-06-25,"0.1","calib","obs","no3",3,"baseline"
2020-06-25,"0.1","calib","mod","po4",3.1414390561957,"baseline"
2020-06-25,"0.1","calib","obs","po4",5,"baseline"
2020-06-25,"0.1","calib","mod","chla",0.330497679992875,"baseline"
2020-06-25,"0.1","calib","obs","chla",0.5958,"baseline"
2020-06-25,"0.1","calib","obs","din",11,"baseline"
2020-06-25,"0.1","calib","mod","din",11.1263170768078,"baseline"
2020-06-26,"0.1","calib","mod","wl",12.2021053815912,"baseline"
2020-06-26,"0.1","calib","obs","wl",12.2328766365972,"baseline"
2020-06-27,"0.1","calib","mod","wl",12.1888317094042,"baseline"
2020-06-27,"0.1","calib","obs","wl",12.2163699302778,"baseline"
2020-06-28,"0.1","calib","mod","wl",12.1750016595665,"baseline"
2020-06-28,"0.1","calib","obs","wl",12.1989751529167,"baseline"
2020-06-29,"0.1","calib","mod","wl",12.1608597447385,"baseline"
2020-06-29,"0.1","calib","obs","wl",12.17970485875,"baseline"
2020-06-30,"0.1","calib","mod","wl",12.1451190349218,"baseline"
2020-06-30,"0.1","calib","obs","wl",12.1589282263194,"baseline"
2020-07-01,"0.1","calib","mod","wl",12.1290220769547,"baseline"
2020-07-01,"0.1","calib","obs","wl",12.1370067565278,"baseline"
2020-07-02,"0.1","calib","mod","wl",12.1018394757051,"baseline"
2020-07-02,"0.1","calib","obs","wl",12.099267544,"baseline"
2020-07-02,"0.1","calib","mod","temp",26.3967531841161,"baseline"
2020-07-02,"0.1","calib","obs","temp",26.4534,"baseline"
2020-07-02,"0.1","calib","mod","oxy",8.51146309712141,"baseline"
2020-07-02,"0.1","calib","obs","oxy",5.8389,"baseline"
2020-07-02,"0.1","calib","mod","nh4",7.46046420264454,"baseline"
2020-07-02,"0.1","calib","obs","nh4",8,"baseline"
2020-07-02,"0.1","calib","mod","no3",2.12847850879045,"baseline"
2020-07-02,"0.1","calib","obs","no3",0.999999999999999,"baseline"
2020-07-02,"0.1","calib","mod","po4",3.36868840295048,"baseline"
2020-07-02,"0.1","calib","obs","po4",5,"baseline"
2020-07-02,"0.1","calib","mod","chla",0.336177018808698,"baseline"
2020-07-02,"0.1","calib","obs","chla",0.8447,"baseline"
2020-07-02,"0.1","calib","obs","din",9,"baseline"
2020-07-02,"0.1","calib","mod","din",9.58894271143499,"baseline"
2020-07-03,"0.1","calib","mod","wl",12.0716468243335,"baseline"
2020-07-03,"0.1","calib","obs","wl",12.0585203546528,"baseline"
2020-07-04,"0.1","calib","mod","wl",12.0521562154165,"baseline"
2020-07-04,"0.1","calib","obs","wl",12.0334715507639,"baseline"
2020-07-05,"0.1","calib","mod","wl",12.033076702685,"baseline"
2020-07-05,"0.1","calib","obs","wl",12.0088593582639,"baseline"
2020-07-06,"0.1","calib","mod","wl",12.0151901447383,"baseline"
2020-07-06,"0.1","calib","obs","wl",11.9837783227778,"baseline"
2020-07-07,"0.1","calib","mod","wl",11.9961432928544,"baseline"
2020-07-07,"0.1","calib","obs","wl",11.9567040708333,"baseline"
2020-07-08,"0.1","calib","mod","wl",11.9761870888606,"baseline"
2020-07-08,"0.1","calib","obs","wl",11.9284802735417,"baseline"
2020-07-09,"0.1","calib","mod","wl",11.9571073729445,"baseline"
2020-07-09,"0.1","calib","obs","wl",11.9009133489583,"baseline"
2020-07-09,"0.1","calib","mod","temp",30.5690628282605,"baseline"
2020-07-09,"0.1","calib","obs","temp",28.0134,"baseline"
2020-07-09,"0.1","calib","mod","oxy",7.78564971485972,"baseline"
2020-07-09,"0.1","calib","obs","oxy",5.3149,"baseline"
2020-07-09,"0.1","calib","mod","nh4",6.88346813555154,"baseline"
2020-07-09,"0.1","calib","obs","nh4",14,"baseline"
2020-07-09,"0.1","calib","mod","no3",1.57850616747286,"baseline"
2020-07-09,"0.1","calib","obs","no3",4,"baseline"
2020-07-09,"0.1","calib","mod","po4",4.7137881608639,"baseline"
2020-07-09,"0.1","calib","obs","po4",3,"baseline"
2020-07-09,"0.1","calib","mod","chla",0.37444697094351,"baseline"
2020-07-09,"0.1","calib","obs","chla",2.485,"baseline"
2020-07-09,"0.1","calib","obs","din",18,"baseline"
2020-07-09,"0.1","calib","mod","din",8.4619743030244,"baseline"
2020-07-10,"0.1","calib","mod","wl",11.9394461889918,"baseline"
2020-07-10,"0.1","calib","obs","wl",11.8755383902778,"baseline"
2020-07-11,"0.1","calib","mod","wl",11.9312178559121,"baseline"
2020-07-11,"0.1","calib","obs","wl",11.8620652204861,"baseline"
2020-07-12,"0.1","calib","mod","wl",11.9081841549388,"baseline"
2020-07-12,"0.1","calib","obs","wl",11.8321931210417,"baseline"
2020-07-13,"0.1","calib","mod","wl",11.8875848659446,"baseline"
2020-07-13,"0.1","calib","obs","wl",11.8056232754861,"baseline"
2020-07-14,"0.1","calib","mod","wl",11.8690089762079,"baseline"
2020-07-14,"0.1","calib","obs","wl",11.7729466649306,"baseline"
2020-07-15,"0.1","calib","mod","wl",11.8430438597956,"baseline"
2020-07-15,"0.1","calib","obs","wl",11.7381322665278,"baseline"
2020-07-16,"0.1","calib","mod","wl",11.819063658829,"baseline"
2020-07-16,"0.1","calib","obs","wl",11.705388223125,"baseline"
2020-07-17,"0.1","calib","mod","wl",11.7975112852875,"baseline"
2020-07-17,"0.1","calib","obs","wl",11.6751264472917,"baseline"
2020-07-17,"0.1","calib","mod","temp",29.9410652016709,"baseline"
2020-07-17,"0.1","calib","obs","temp",27.861,"baseline"
2020-07-17,"0.1","calib","mod","oxy",7.5564621496467,"baseline"
2020-07-17,"0.1","calib","obs","oxy",5.3303,"baseline"
2020-07-17,"0.1","calib","mod","nh4",9.59306939403711,"baseline"
2020-07-17,"0.1","calib","obs","nh4",5,"baseline"
2020-07-17,"0.1","calib","mod","no3",1.31206934121369,"baseline"
2020-07-17,"0.1","calib","obs","no3",0.999999999999999,"baseline"
2020-07-17,"0.1","calib","mod","po4",6.37336137663723,"baseline"
2020-07-17,"0.1","calib","obs","po4",4,"baseline"
2020-07-17,"0.1","calib","mod","chla",0.409752528657991,"baseline"
2020-07-17,"0.1","calib","obs","chla",0.1342,"baseline"
2020-07-17,"0.1","calib","obs","din",6,"baseline"
2020-07-17,"0.1","calib","mod","din",10.9051387352508,"baseline"
2020-07-18,"0.1","calib","mod","wl",11.7748441909192,"baseline"
2020-07-18,"0.1","calib","obs","wl",11.6425477628472,"baseline"
2020-07-19,"0.1","calib","mod","wl",11.7497330641838,"baseline"
2020-07-19,"0.1","calib","obs","wl",11.6079346489583,"baseline"
2020-07-20,"0.1","calib","mod","wl",11.7243137790226,"baseline"
2020-07-20,"0.1","calib","obs","wl",11.5725370397222,"baseline"
2020-07-21,"0.1","calib","mod","wl",11.7022701385928,"baseline"
2020-07-21,"0.1","calib","obs","wl",11.5396692849306,"baseline"
2020-07-22,"0.1","calib","mod","wl",11.6916304954663,"baseline"
2020-07-22,"0.1","calib","obs","wl",11.5139030563889,"baseline"
2020-07-23,"0.1","calib","mod","wl",11.6934167758028,"baseline"
2020-07-23,"0.1","calib","obs","wl",11.5136364977622,"baseline"
2020-07-23,"0.1","calib","mod","temp",30.5830385940865,"baseline"
2020-07-23,"0.1","calib","obs","temp",27.2717,"baseline"
2020-07-23,"0.1","calib","mod","oxy",7.52506917652518,"baseline"
2020-07-23,"0.1","calib","obs","oxy",4.9568,"baseline"
2020-07-23,"0.1","calib","mod","nh4",9.77510791406644,"baseline"
2020-07-23,"0.1","calib","obs","nh4",5.99999999999999,"baseline"
2020-07-23,"0.1","calib","mod","no3",1.0003919666876,"baseline"
2020-07-23,"0.1","calib","obs","no3",2,"baseline"
2020-07-23,"0.1","calib","mod","po4",6.8400931696619,"baseline"
2020-07-23,"0.1","calib","obs","po4",4,"baseline"
2020-07-23,"0.1","calib","mod","chla",0.483588302260375,"baseline"
2020-07-23,"0.1","calib","obs","chla",1.0519,"baseline"
2020-07-23,"0.1","calib","obs","din",7.99999999999999,"baseline"
2020-07-23,"0.1","calib","mod","din",10.775499880754,"baseline"
2020-07-24,"0.1","calib","mod","wl",11.7079723208515,"baseline"
2020-07-24,"0.1","calib","obs","wl",11.5341628968056,"baseline"
2020-07-25,"0.1","calib","mod","wl",11.6879637758217,"baseline"
2020-07-25,"0.1","calib","obs","wl",11.5023439364583,"baseline"
2020-07-26,"0.1","calib","mod","wl",11.6648435799808,"baseline"
2020-07-26,"0.1","calib","obs","wl",11.4671951986111,"baseline"
2020-07-27,"0.1","calib","mod","wl",11.6406787623612,"baseline"
2020-07-27,"0.1","calib","obs","wl",11.4318389472222,"baseline"
2020-07-28,"0.1","calib","mod","wl",11.6150015707659,"baseline"
2020-07-28,"0.1","calib","obs","wl",11.39546272875,"baseline"
2020-07-29,"0.1","calib","mod","wl",11.5901396995632,"baseline"
2020-07-29,"0.1","calib","obs","wl",11.3620992592361,"baseline"
2020-07-30,"0.1","calib","mod","wl",11.5688474547375,"baseline"
2020-07-30,"0.1","calib","obs","wl",11.3285172667361,"baseline"
2020-07-30,"0.1","calib","mod","temp",28.545388945465,"baseline"
2020-07-30,"0.1","calib","obs","temp",28.3896,"baseline"
2020-07-30,"0.1","calib","mod","oxy",8.13496710706665,"baseline"
2020-07-30,"0.1","calib","obs","oxy",5.3388,"baseline"
2020-07-30,"0.1","calib","mod","nh4",8.56084290497066,"baseline"
2020-07-30,"0.1","calib","obs","nh4",7.00000000000001,"baseline"
2020-07-30,"0.1","calib","mod","no3",1.41799126929092,"baseline"
2020-07-30,"0.1","calib","obs","no3",2,"baseline"
2020-07-30,"0.1","calib","mod","po4",4.6908774021952,"baseline"
2020-07-30,"0.1","calib","obs","po4",6,"baseline"
2020-07-30,"0.1","calib","mod","chla",1.02954816923897,"baseline"
2020-07-30,"0.1","calib","obs","chla",0.7617,"baseline"
2020-07-30,"0.1","calib","obs","din",9,"baseline"
2020-07-30,"0.1","calib","mod","din",9.97883417426158,"baseline"
2020-07-31,"0.1","calib","mod","wl",11.5613521154291,"baseline"
2020-07-31,"0.1","calib","obs","wl",11.3144821082639,"baseline"
2020-08-01,"0.1","calib","mod","wl",11.5509196385251,"baseline"
2020-08-01,"0.1","calib","obs","wl",11.2865544795139,"baseline"
2020-08-02,"0.1","calib","mod","wl",11.5425924676347,"baseline"
2020-08-02,"0.1","calib","obs","wl",11.2644327392361,"baseline"
2020-08-03,"0.1","calib","mod","wl",11.5245126804601,"baseline"
2020-08-03,"0.1","calib","obs","wl",11.242440939375,"baseline"
2020-08-04,"0.1","calib","mod","wl",11.5136483223635,"baseline"
2020-08-04,"0.1","calib","obs","wl",11.2220122633333,"baseline"
2020-08-05,"0.1","calib","mod","wl",11.4961845482572,"baseline"
2020-08-05,"0.1","calib","obs","wl",11.2016324054861,"baseline"
2020-08-06,"0.1","calib","mod","wl",11.4879025532354,"baseline"
2020-08-06,"0.1","calib","obs","wl",11.1935729830986,"baseline"
2020-08-06,"0.1","calib","mod","temp",26.5413466444761,"baseline"
2020-08-06,"0.1","calib","obs","temp",26.1451,"baseline"
2020-08-06,"0.1","calib","mod","oxy",8.40378266188988,"baseline"
2020-08-06,"0.1","calib","obs","oxy",3.6031,"baseline"
2020-08-06,"0.1","calib","mod","nh4",8.12196214090202,"baseline"
2020-08-06,"0.1","calib","obs","nh4",3.00000000000001,"baseline"
2020-08-06,"0.1","calib","mod","no3",1.78344156464533,"baseline"
2020-08-06,"0.1","calib","obs","no3",4,"baseline"
2020-08-06,"0.1","calib","mod","po4",2.75970305157598,"baseline"
2020-08-06,"0.1","calib","obs","po4",6,"baseline"
2020-08-06,"0.1","calib","mod","chla",1.93833475223156,"baseline"
2020-08-06,"0.1","calib","obs","chla",1.0233,"baseline"
2020-08-06,"0.1","calib","obs","din",7.00000000000001,"baseline"
2020-08-06,"0.1","calib","mod","din",9.90540370554736,"baseline"
2020-08-07,"0.1","calib","mod","wl",11.4835685358601,"baseline"
2020-08-07,"0.1","calib","obs","wl",11.1760886111806,"baseline"
2020-08-08,"0.1","calib","mod","wl",11.4711351163735,"baseline"
2020-08-08,"0.1","calib","obs","wl",11.1616001098611,"baseline"
2020-08-09,"0.1","calib","mod","wl",11.4595798416419,"baseline"
2020-08-09,"0.1","calib","obs","wl",11.1479131975,"baseline"
2020-08-10,"0.1","calib","mod","wl",11.4485809998288,"baseline"
2020-08-10,"0.1","calib","obs","wl",11.1345748209722,"baseline"
2020-08-11,"0.1","calib","mod","wl",11.4379131592842,"baseline"
2020-08-11,"0.1","calib","obs","wl",11.1220408581944,"baseline"
2020-08-12,"0.1","calib","mod","wl",11.429082863508,"baseline"
2020-08-12,"0.1","calib","obs","wl",11.1111335347552,"baseline"
2020-08-12,"0.1","calib","mod","temp",28.706967896095,"baseline"
2020-08-12,"0.1","calib","obs","temp",27.9247,"baseline"
2020-08-12,"0.1","calib","mod","oxy",8.48462039420714,"baseline"
2020-08-12,"0.1","calib","obs","oxy",5.6737,"baseline"
2020-08-12,"0.1","calib","mod","nh4",7.37731711484488,"baseline"
2020-08-12,"0.1","calib","obs","nh4",19.9999999999999,"baseline"
2020-08-12,"0.1","calib","mod","no3",0.747127741304988,"baseline"
2020-08-12,"0.1","calib","obs","no3",4,"baseline"
2020-08-12,"0.1","calib","mod","po4",2.09755556516374,"baseline"
2020-08-12,"0.1","calib","obs","po4",9.99999999999998,"baseline"
2020-08-12,"0.1","calib","mod","chla",2.19423345428364,"baseline"
2020-08-12,"0.1","calib","obs","chla",1.2148,"baseline"
2020-08-12,"0.1","calib","obs","din",23.9999999999999,"baseline"
2020-08-12,"0.1","calib","mod","din",8.12444485614987,"baseline"
2020-08-13,"0.1","calib","mod","wl",11.4174808943057,"baseline"
2020-08-13,"0.1","calib","obs","wl",11.0957327259124,"baseline"
2020-08-14,"0.1","calib","mod","wl",11.4237764560182,"baseline"
2020-08-14,"0.1","calib","obs","wl",11.09539423625,"baseline"
2020-08-15,"0.1","calib","mod","wl",11.4565800923422,"baseline"
2020-08-15,"0.1","calib","obs","wl",11.1156432845139,"baseline"
2020-08-16,"0.1","calib","mod","wl",11.4844641514889,"baseline"
2020-08-16,"0.1","calib","obs","wl",11.1378949652083,"baseline"
2020-08-17,"0.1","calib","mod","wl",11.4636781078966,"baseline"
2020-08-17,"0.1","calib","obs","wl",11.1149734874453,"baseline"
2020-08-18,"0.1","calib","mod","wl",11.4432375556723,"baseline"
2020-08-18,"0.1","calib","obs","wl",11.0910581810417,"baseline"
2020-08-19,"0.1","calib","mod","wl",11.4323655572849,"baseline"
2020-08-19,"0.1","calib","obs","wl",11.0803005776389,"baseline"
2020-08-20,"0.1","calib","mod","wl",11.4200583977389,"baseline"
2020-08-20,"0.1","calib","obs","wl",11.066356422766,"baseline"
2020-08-20,"0.1","calib","mod","temp",25.65176856987,"baseline"
2020-08-20,"0.1","calib","obs","temp",24.9584,"baseline"
2020-08-20,"0.1","calib","mod","oxy",8.480063622846,"baseline"
2020-08-20,"0.1","calib","obs","oxy",5.4276,"baseline"
2020-08-20,"0.1","calib","mod","nh4",7.02208143329076,"baseline"
2020-08-20,"0.1","calib","obs","nh4",3.00000000000001,"baseline"
2020-08-20,"0.1","calib","mod","no3",1.51875528047243,"baseline"
2020-08-20,"0.1","calib","obs","no3",2,"baseline"
2020-08-20,"0.1","calib","mod","po4",3.97054963452127,"baseline"
2020-08-20,"0.1","calib","obs","po4",7,"baseline"
2020-08-20,"0.1","calib","mod","chla",2.63550379141981,"baseline"
2020-08-20,"0.1","calib","obs","chla",1.4016,"baseline"
2020-08-20,"0.1","calib","obs","din",5,"baseline"
2020-08-20,"0.1","calib","mod","din",8.54083671376319,"baseline"
2020-08-21,"0.1","calib","mod","wl",11.4126199965346,"baseline"
2020-08-21,"0.1","calib","obs","wl",11.0585854625,"baseline"
2020-08-22,"0.1","calib","mod","wl",11.4097891201939,"baseline"
2020-08-22,"0.1","calib","obs","wl",11.0538549504861,"baseline"
2020-08-23,"0.1","calib","mod","wl",11.4044037187092,"baseline"
2020-08-23,"0.1","calib","obs","wl",11.0467789197917,"baseline"
2020-08-24,"0.1","calib","mod","wl",11.397350913088,"baseline"
2020-08-24,"0.1","calib","obs","wl",11.0387855561111,"baseline"
2020-08-25,"0.1","calib","mod","wl",11.3904283508917,"baseline"
2020-08-25,"0.1","calib","obs","wl",11.0309463246528,"baseline"
2020-08-26,"0.1","calib","mod","wl",11.3758089845558,"baseline"
2020-08-26,"0.1","calib","obs","wl",11.0125420438732,"baseline"
2020-08-26,"0.1","calib","mod","temp",28.0932295771862,"baseline"
2020-08-26,"0.1","calib","obs","temp",25.8021,"baseline"
2020-08-26,"0.1","calib","mod","oxy",8.44021014241896,"baseline"
2020-08-26,"0.1","calib","obs","oxy",5.2772,"baseline"
2020-08-26,"0.1","calib","mod","nh4",6.61175422623243,"baseline"
2020-08-26,"0.1","calib","obs","nh4",11,"baseline"
2020-08-26,"0.1","calib","mod","no3",0.681154130431198,"baseline"
2020-08-26,"0.1","calib","obs","no3",5,"baseline"
2020-08-26,"0.1","calib","mod","po4",2.67280703269061,"baseline"
2020-08-26,"0.1","calib","obs","po4",9,"baseline"
2020-08-26,"0.1","calib","mod","chla",2.63720491135151,"baseline"
2020-08-26,"0.1","calib","obs","chla",2.1503,"baseline"
2020-08-26,"0.1","calib","obs","din",16,"baseline"
2020-08-26,"0.1","calib","mod","din",7.29290835666363,"baseline"
2020-08-27,"0.1","calib","mod","wl",11.3682664163889,"baseline"
2020-08-27,"0.1","calib","obs","wl",11.0051391728472,"baseline"
2020-08-28,"0.1","calib","mod","wl",11.3646059864848,"baseline"
2020-08-28,"0.1","calib","obs","wl",11.0021477909028,"baseline"
2020-08-29,"0.1","calib","mod","wl",11.3614454463996,"baseline"
2020-08-29,"0.1","calib","obs","wl",10.9992373138889,"baseline"
2020-08-30,"0.1","calib","mod","wl",11.3566883814171,"baseline"
2020-08-30,"0.1","calib","obs","wl",10.9901204798611,"baseline"
2020-08-31,"0.1","calib","mod","wl",11.3765882110644,"baseline"
2020-08-31,"0.1","calib","obs","wl",11.0236853063194,"baseline"
2020-09-01,"0.1","calib","mod","wl",11.449538498013,"baseline"
2020-09-01,"0.1","calib","obs","wl",11.0689869248611,"baseline"
2020-09-02,"0.1","calib","mod","wl",11.4466729469348,"baseline"
2020-09-02,"0.1","calib","obs","wl",11.0666848645139,"baseline"
2020-09-03,"0.1","calib","mod","wl",11.4366459122651,"baseline"
2020-09-03,"0.1","calib","obs","wl",11.05858415875,"baseline"
2020-09-03,"0.1","calib","mod","temp",26.4404363148929,"baseline"
2020-09-03,"0.1","calib","obs","temp",26.4027,"baseline"
2020-09-03,"0.1","calib","mod","oxy",8.24679414867081,"baseline"
2020-09-03,"0.1","calib","obs","oxy",5.8212,"baseline"
2020-09-03,"0.1","calib","mod","nh4",5.99035421994627,"baseline"
2020-09-03,"0.1","calib","obs","nh4",7.00000000000001,"baseline"
2020-09-03,"0.1","calib","mod","no3",1.17851100675966,"baseline"
2020-09-03,"0.1","calib","obs","no3",2,"baseline"
2020-09-03,"0.1","calib","mod","po4",1.90917948602246,"baseline"
2020-09-03,"0.1","calib","obs","po4",8,"baseline"
2020-09-03,"0.1","calib","mod","chla",2.96124702861178,"baseline"
2020-09-03,"0.1","calib","obs","chla",3.0052,"baseline"
2020-09-03,"0.1","calib","obs","din",9,"baseline"
2020-09-03,"0.1","calib","mod","din",7.16886522670594,"baseline"
2020-09-04,"0.1","calib","mod","wl",11.4254761307968,"baseline"
2020-09-04,"0.1","calib","obs","wl",11.0476141165278,"baseline"
2020-09-05,"0.1","calib","mod","wl",11.4125549167589,"baseline"
2020-09-05,"0.1","calib","obs","wl",11.0336369749306,"baseline"
2020-09-06,"0.1","calib","mod","wl",11.3998283377734,"baseline"
2020-09-06,"0.1","calib","obs","wl",11.021527020625,"baseline"
2020-09-07,"0.1","calib","mod","wl",11.3891267922907,"baseline"
2020-09-07,"0.1","calib","obs","wl",11.0105785627083,"baseline"
2020-09-08,"0.1","calib","mod","wl",11.3794850832948,"baseline"
2020-09-08,"0.1","calib","obs","wl",10.9994133201389,"baseline"
2020-09-09,"0.1","calib","mod","wl",11.3811032941879,"baseline"
2020-09-09,"0.1","calib","obs","wl",11.004668371087,"baseline"
2020-09-10,"0.1","calib","mod","wl",11.3861643779964,"baseline"
2020-09-10,"0.1","calib","obs","wl",11.013598916875,"baseline"
2020-09-11,"0.1","calib","mod","wl",11.3869469419491,"baseline"
2020-09-11,"0.1","calib","obs","wl",11.0054483064583,"baseline"
2020-09-12,"0.1","calib","mod","wl",11.380911999883,"baseline"
2020-09-12,"0.1","calib","obs","wl",10.999055585625,"baseline"
2020-09-13,"0.1","calib","mod","wl",11.3750808847029,"baseline"
2020-09-13,"0.1","calib","obs","wl",10.9918339695139,"baseline"
2020-09-14,"0.1","calib","mod","wl",11.368424629148,"baseline"
2020-09-14,"0.1","calib","obs","wl",10.9829826659028,"baseline"
2020-09-15,"0.1","calib","mod","wl",11.3594191845208,"baseline"
2020-09-15,"0.1","calib","obs","wl",10.9711418635417,"baseline"
2020-09-16,"0.1","calib","mod","wl",11.3285432104302,"baseline"
2020-09-16,"0.1","calib","obs","wl",10.9234776129545,"baseline"
2020-09-16,"0.1","calib","mod","temp",25.0791394741251,"baseline"
2020-09-16,"0.1","calib","obs","temp",22.5514,"baseline"
2020-09-16,"0.1","calib","mod","oxy",8.61760253183834,"baseline"
2020-09-16,"0.1","calib","obs","oxy",4.8181,"baseline"
2020-09-16,"0.1","calib","mod","nh4",7.8733063978741,"baseline"
2020-09-16,"0.1","calib","obs","nh4",5.99999999999999,"baseline"
2020-09-16,"0.1","calib","mod","no3",0.727152076622738,"baseline"
2020-09-16,"0.1","calib","obs","no3",3,"baseline"
2020-09-16,"0.1","calib","mod","po4",1.12329667584038,"baseline"
2020-09-16,"0.1","calib","obs","po4",7,"baseline"
2020-09-16,"0.1","calib","mod","chla",2.96435600231515,"baseline"
2020-09-16,"0.1","calib","obs","chla",5.9369,"baseline"
2020-09-16,"0.1","calib","obs","din",8.99999999999999,"baseline"
2020-09-16,"0.1","calib","mod","din",8.60045847449684,"baseline"
2020-09-17,"0.1","calib","mod","wl",11.3141024459166,"baseline"
2020-09-17,"0.1","calib","obs","wl",10.9036598359722,"baseline"
2020-09-18,"0.1","calib","mod","wl",11.3297249913948,"baseline"
2020-09-18,"0.1","calib","obs","wl",10.9310447425694,"baseline"
2020-09-19,"0.1","calib","mod","wl",11.3212824059921,"baseline"
2020-09-19,"0.1","calib","obs","wl",10.9217802226389,"baseline"
2020-09-20,"0.1","calib","mod","wl",11.3104993420359,"baseline"
2020-09-20,"0.1","calib","obs","wl",10.9106138211806,"baseline"
2020-09-21,"0.1","calib","mod","wl",11.3004410960675,"baseline"
2020-09-21,"0.1","calib","obs","wl",10.8983477790278,"baseline"
2020-09-22,"0.1","calib","mod","wl",11.2918077201008,"baseline"
2020-09-22,"0.1","calib","obs","wl",10.888287681875,"baseline"
2020-09-23,"0.1","calib","mod","wl",11.2835504096908,"baseline"
2020-09-23,"0.1","calib","obs","wl",10.8788722890972,"baseline"
2020-09-24,"0.1","calib","mod","wl",11.2754160225053,"baseline"
2020-09-24,"0.1","calib","obs","wl",10.8697990582639,"baseline"
2020-09-25,"0.1","calib","mod","wl",11.2787393905547,"baseline"
2020-09-25,"0.1","calib","obs","wl",10.8908983688194,"baseline"
2020-09-26,"0.1","calib","mod","wl",11.3322833084962,"baseline"
2020-09-26,"0.1","calib","obs","wl",10.926696156875,"baseline"
2020-09-27,"0.1","calib","mod","wl",11.3254207741654,"baseline"
2020-09-27,"0.1","calib","obs","wl",10.9223501786806,"baseline"
2020-09-28,"0.1","calib","mod","wl",11.3209996458853,"baseline"
2020-09-28,"0.1","calib","obs","wl",10.9205751230556,"baseline"
2020-09-29,"0.1","calib","mod","wl",11.3341265219393,"baseline"
2020-09-29,"0.1","calib","obs","wl",10.9401083401389,"baseline"
2020-09-30,"0.1","calib","mod","wl",11.3799067372411,"baseline"
2020-09-30,"0.1","calib","obs","wl",10.9796024767361,"baseline"
2020-10-01,"0.1","calib","mod","wl",11.3856985051316,"baseline"
2020-10-01,"0.1","calib","obs","wl",10.9936880615789,"baseline"
2020-10-01,"0.1","calib","mod","temp",19.2837692643624,"baseline"
2020-10-01,"0.1","calib","obs","temp",18.1115,"baseline"
2020-10-01,"0.1","calib","mod","oxy",9.21603898959443,"baseline"
2020-10-01,"0.1","calib","obs","oxy",5.864,"baseline"
2020-10-01,"0.1","calib","mod","nh4",11.7172290946311,"baseline"
2020-10-01,"0.1","calib","obs","nh4",17,"baseline"
2020-10-01,"0.1","calib","mod","no3",0.685068087865,"baseline"
2020-10-01,"0.1","calib","obs","no3",5,"baseline"
2020-10-01,"0.1","calib","mod","po4",1.61697198098758,"baseline"
2020-10-01,"0.1","calib","obs","po4",6,"baseline"
2020-10-01,"0.1","calib","mod","chla",2.44047463518749,"baseline"
2020-10-01,"0.1","calib","obs","chla",3.5682,"baseline"
2020-10-01,"0.1","calib","obs","din",22,"baseline"
2020-10-01,"0.1","calib","mod","din",12.4022971824961,"baseline"
2020-10-02,"0.1","calib","mod","wl",11.4007889725529,"baseline"
2020-10-02,"0.1","calib","obs","wl",11.0229314490972,"baseline"
2020-10-03,"0.1","calib","mod","wl",11.3888959296091,"baseline"
2020-10-03,"0.1","calib","obs","wl",11.0120750504167,"baseline"
2020-10-04,"0.1","calib","mod","wl",11.3795004431348,"baseline"
2020-10-04,"0.1","calib","obs","wl",11.0034352440278,"baseline"
2020-10-05,"0.1","calib","mod","wl",11.3768531895241,"baseline"
2020-10-05,"0.1","calib","obs","wl",11.0022508388889,"baseline"
2020-10-05,"0.1","calib","mod","nh4",18.8190011867458,"baseline"
2020-10-05,"0.1","calib","obs","nh4",19,"baseline"
2020-10-05,"0.1","calib","mod","no3",2.87015837709946,"baseline"
2020-10-05,"0.1","calib","obs","no3",7.99999999999999,"baseline"
2020-10-05,"0.1","calib","mod","po4",2.82684291421363,"baseline"
2020-10-05,"0.1","calib","obs","po4",6,"baseline"
2020-10-05,"0.1","calib","obs","din",27,"baseline"
2020-10-05,"0.1","calib","mod","din",21.6891595638453,"baseline"
2020-10-06,"0.1","calib","mod","wl",11.3717417269586,"baseline"
2020-10-06,"0.1","calib","obs","wl",10.998015193125,"baseline"
2020-10-07,"0.1","calib","mod","wl",11.3651829558796,"baseline"
2020-10-07,"0.1","calib","obs","wl",10.9894670838194,"baseline"
2020-10-08,"0.1","calib","mod","wl",11.357376270486,"baseline"
2020-10-08,"0.1","calib","obs","wl",10.978666239375,"baseline"
2020-10-09,"0.1","calib","mod","wl",11.3483078413317,"baseline"
2020-10-09,"0.1","calib","obs","wl",10.9666700734722,"baseline"
2020-10-10,"0.1","calib","mod","wl",11.3462578490466,"baseline"
2020-10-10,"0.1","calib","obs","wl",10.9658089465972,"baseline"
2020-10-11,"0.1","calib","mod","wl",11.3714373046918,"baseline"
2020-10-11,"0.1","calib","obs","wl",10.9923417077083,"baseline"
2020-10-12,"0.1","calib","mod","wl",11.4129224556727,"baseline"
2020-10-12,"0.1","calib","obs","wl",11.0218745424306,"baseline"
2020-10-13,"0.1","calib","mod","wl",11.4114938887475,"baseline"
2020-10-13,"0.1","calib","obs","wl",11.0214459708333,"baseline"
2020-10-14,"0.1","calib","mod","wl",11.4087036229772,"baseline"
2020-10-14,"0.1","calib","obs","wl",11.0216623443662,"baseline"
2020-10-14,"0.1","calib","mod","temp",19.2404688512609,"baseline"
2020-10-14,"0.1","calib","obs","temp",17.1977,"baseline"
2020-10-14,"0.1","calib","mod","oxy",9.60283946465898,"baseline"
2020-10-14,"0.1","calib","obs","oxy",9.2198,"baseline"
2020-10-14,"0.1","calib","mod","nh4",19.6739105244139,"baseline"
2020-10-14,"0.1","calib","obs","nh4",9,"baseline"
2020-10-14,"0.1","calib","mod","no3",2.26973442055972,"baseline"
2020-10-14,"0.1","calib","obs","no3",3,"baseline"
2020-10-14,"0.1","calib","mod","po4",2.28791154784846,"baseline"
2020-10-14,"0.1","calib","obs","po4",9.99999999999998,"baseline"
2020-10-14,"0.1","calib","mod","chla",0.738384989352585,"baseline"
2020-10-14,"0.1","calib","obs","chla",2.7355,"baseline"
2020-10-14,"0.1","calib","obs","din",12,"baseline"
2020-10-14,"0.1","calib","mod","din",21.9436449449736,"baseline"
2020-10-15,"0.1","calib","mod","wl",11.4059556077601,"baseline"
2020-10-15,"0.1","calib","obs","wl",11.0243443519444,"baseline"
2020-10-16,"0.1","calib","mod","wl",11.4004332582933,"baseline"
2020-10-16,"0.1","calib","obs","wl",11.0188428890972,"baseline"
2020-10-17,"0.1","calib","mod","wl",11.3897556401505,"baseline"
2020-10-17,"0.1","calib","obs","wl",11.0079691795139,"baseline"
2020-10-18,"0.1","calib","mod","wl",11.3808941567207,"baseline"
2020-10-18,"0.1","calib","obs","wl",10.9992463677083,"baseline"
2020-10-19,"0.1","calib","mod","wl",11.3738287325398,"baseline"
2020-10-19,"0.1","calib","obs","wl",10.9904359149306,"baseline"
2020-10-20,"0.1","calib","mod","wl",11.367692827768,"baseline"
2020-10-20,"0.1","calib","obs","wl",10.9825896577083,"baseline"
2020-10-21,"0.1","calib","mod","wl",11.3620571365065,"baseline"
2020-10-21,"0.1","calib","obs","wl",10.9746068688889,"baseline"
2020-10-22,"0.1","calib","mod","wl",11.35385872486,"baseline"
2020-10-22,"0.1","calib","obs","wl",10.9621929959722,"baseline"
2020-10-23,"0.1","calib","mod","wl",11.3468477906969,"baseline"
2020-10-23,"0.1","calib","obs","wl",10.9515344775694,"baseline"
2020-10-24,"0.1","calib","mod","wl",11.3419936285376,"baseline"
2020-10-24,"0.1","calib","obs","wl",10.9444782204167,"baseline"
2020-10-25,"0.1","calib","mod","wl",11.3539836987121,"baseline"
2020-10-25,"0.1","calib","obs","wl",10.9652972971528,"baseline"
2020-10-26,"0.1","calib","mod","wl",11.3717006039061,"baseline"
2020-10-26,"0.1","calib","obs","wl",10.966660050274,"baseline"
2020-10-26,"0.1","calib","mod","temp",18.2657076698975,"baseline"
2020-10-26,"0.1","calib","obs","temp",17.0522,"baseline"
2020-10-26,"0.1","calib","mod","oxy",10.03761897253,"baseline"
2020-10-26,"0.1","calib","obs","oxy",7.1002,"baseline"
2020-10-26,"0.1","calib","mod","nh4",15.747861872696,"baseline"
2020-10-26,"0.1","calib","obs","nh4",11,"baseline"
2020-10-26,"0.1","calib","mod","no3",1.79749569814753,"baseline"
2020-10-26,"0.1","calib","obs","no3",5,"baseline"
2020-10-26,"0.1","calib","mod","po4",2.00371108439544,"baseline"
2020-10-26,"0.1","calib","obs","po4",7,"baseline"
2020-10-26,"0.1","calib","mod","chla",0.624968844447889,"baseline"
2020-10-26,"0.1","calib","obs","chla",3.4443,"baseline"
2020-10-26,"0.1","calib","obs","din",16,"baseline"
2020-10-26,"0.1","calib","mod","din",17.5453575708436,"baseline"
2020-10-27,"0.1","calib","mod","wl",11.3689488569559,"baseline"
2020-10-27,"0.1","calib","obs","wl",10.966660050274,"baseline"
2020-10-28,"0.1","calib","mod","wl",11.3668784196,"baseline"
2020-10-28,"0.1","calib","obs","wl",10.966660050274,"baseline"
2020-10-29,"0.1","calib","mod","wl",11.3655499794901,"baseline"
2020-10-29,"0.1","calib","obs","wl",10.966660050274,"baseline"
2020-10-30,"0.1","calib","mod","wl",11.5079991803802,"baseline"
2020-10-30,"0.1","calib","obs","wl",11.1171255960465,"baseline"
2020-10-31,"0.1","calib","mod","wl",11.5013032686699,"baseline"
2020-10-31,"0.1","calib","obs","wl",11.1184860389583,"baseline"
2020-11-01,"0.1","calib","mod","wl",11.5038830411921,"baseline"
2020-11-01,"0.1","calib","obs","wl",11.1323270835417,"baseline"
2020-11-02,"0.1","calib","mod","wl",11.5151429457503,"baseline"
2020-11-02,"0.1","calib","obs","wl",11.1379093064583,"baseline"
2020-11-03,"0.1","calib","mod","wl",11.5048917475309,"baseline"
2020-11-03,"0.1","calib","obs","wl",11.1329557807639,"baseline"
2020-11-04,"0.1","calib","mod","wl",11.4956137160908,"baseline"
2020-11-04,"0.1","calib","obs","wl",11.1270996254861,"baseline"
2020-11-05,"0.1","calib","mod","wl",11.4897714706034,"baseline"
2020-11-05,"0.1","calib","obs","wl",11.1226671652083,"baseline"
2020-11-06,"0.1","calib","mod","wl",11.4850491062184,"baseline"
2020-11-06,"0.1","calib","obs","wl",11.1185302215972,"baseline"
2020-11-07,"0.1","calib","mod","wl",11.4803143027012,"baseline"
2020-11-07,"0.1","calib","obs","wl",11.11404568375,"baseline"
2020-11-08,"0.1","calib","mod","wl",11.4764876560738,"baseline"
2020-11-08,"0.1","calib","obs","wl",11.1099547335417,"baseline"
2020-11-09,"0.1","calib","mod","wl",11.473196937192,"baseline"
2020-11-09,"0.1","calib","obs","wl",11.10573297375,"baseline"
2020-11-10,"0.1","calib","mod","wl",11.4668071626232,"baseline"
2020-11-10,"0.1","calib","obs","wl",11.096771853,"baseline"
2020-11-10,"0.1","calib","mod","temp",13.9867764036011,"baseline"
2020-11-10,"0.1","calib","obs","temp",14.1287,"baseline"
2020-11-10,"0.1","calib","mod","oxy",10.6565049690284,"baseline"
2020-11-10,"0.1","calib","obs","oxy",9.014,"baseline"
2020-11-10,"0.1","calib","mod","nh4",21.1999477321734,"baseline"
2020-11-10,"0.1","calib","obs","nh4",25.9999999999999,"baseline"
2020-11-10,"0.1","calib","mod","no3",4.0829237828719,"baseline"
2020-11-10,"0.1","calib","obs","no3",5,"baseline"
2020-11-10,"0.1","calib","mod","po4",2.21849361005812,"baseline"
2020-11-10,"0.1","calib","obs","po4",8,"baseline"
2020-11-10,"0.1","calib","mod","chla",0.215200491613899,"baseline"
2020-11-10,"0.1","calib","obs","chla",5.4379,"baseline"
2020-11-10,"0.1","calib","obs","din",30.9999999999999,"baseline"
2020-11-10,"0.1","calib","mod","din",25.2828715150453,"baseline"
2020-11-11,"0.1","calib","mod","wl",11.5188270027075,"baseline"
2020-11-11,"0.1","calib","obs","wl",11.1729239753472,"baseline"
2020-11-12,"0.1","calib","mod","wl",11.6931344781603,"baseline"
2020-11-12,"0.1","calib","obs","wl",11.3813325413889,"baseline"
2020-11-13,"0.1","calib","mod","wl",11.7989770346659,"baseline"
2020-11-13,"0.1","calib","obs","wl",11.476743066875,"baseline"
2020-11-14,"0.1","calib","mod","wl",11.7924716159159,"baseline"
2020-11-14,"0.1","calib","obs","wl",11.4803155591667,"baseline"
2020-11-15,"0.1","calib","mod","wl",11.7769006166261,"baseline"
2020-11-15,"0.1","calib","obs","wl",11.4679281958333,"baseline"
2020-11-16,"0.1","calib","mod","wl",11.7568516088737,"baseline"
2020-11-16,"0.1","calib","obs","wl",11.4446826230556,"baseline"
2020-11-17,"0.1","calib","mod","wl",11.7324633974579,"baseline"
2020-11-17,"0.1","calib","obs","wl",11.41637879,"baseline"
2020-11-18,"0.1","calib","mod","wl",11.707593294347,"baseline"
2020-11-18,"0.1","calib","obs","wl",11.3854120475694,"baseline"
2020-11-19,"0.1","calib","mod","wl",11.682927060364,"baseline"
2020-11-19,"0.1","calib","obs","wl",11.3544608052778,"baseline"
2020-11-20,"0.1","calib","mod","wl",11.6617125008821,"baseline"
2020-11-20,"0.1","calib","obs","wl",11.3256164954167,"baseline"
2020-11-21,"0.1","calib","mod","wl",11.6430669263496,"baseline"
2020-11-21,"0.1","calib","obs","wl",11.3004081994444,"baseline"
2020-11-22,"0.1","calib","mod","wl",11.6281556099445,"baseline"
2020-11-22,"0.1","calib","obs","wl",11.2799535932639,"baseline"
2020-11-23,"0.1","calib","mod","wl",11.61641985537,"baseline"
2020-11-23,"0.1","calib","obs","wl",11.26289742875,"baseline"
2020-11-24,"0.1","calib","mod","wl",11.6040299244866,"baseline"
2020-11-24,"0.1","calib","obs","wl",11.2458589372917,"baseline"
2020-11-25,"0.1","calib","mod","wl",11.5935934652289,"baseline"
2020-11-25,"0.1","calib","obs","wl",11.2323835945833,"baseline"
2020-11-26,"0.1","calib","mod","wl",11.5863259749962,"baseline"
2020-11-26,"0.1","calib","obs","wl",11.2231384136111,"baseline"
2020-11-27,"0.1","calib","mod","wl",11.5793059780136,"baseline"
2020-11-27,"0.1","calib","obs","wl",11.2133030684722,"baseline"
2020-11-28,"0.1","calib","mod","wl",11.5717980963066,"baseline"
2020-11-28,"0.1","calib","obs","wl",11.2030119178472,"baseline"
2020-11-29,"0.1","calib","mod","wl",11.5637855435036,"baseline"
2020-11-29,"0.1","calib","obs","wl",11.1929304536806,"baseline"
2020-11-30,"0.1","calib","mod","wl",11.5770447950582,"baseline"
2020-11-30,"0.1","calib","obs","wl",11.2365931136111,"baseline"
2020-12-01,"0.1","calib","mod","wl",11.6118629501652,"baseline"
2020-12-01,"0.1","calib","obs","wl",11.2428306881944,"baseline"
2020-12-02,"0.1","calib","mod","wl",11.5995714776518,"baseline"
2020-12-02,"0.1","calib","obs","wl",11.233286006875,"baseline"
2020-12-02,"0.1","calib","mod","nh4",19.8775005155887,"baseline"
2020-12-02,"0.1","calib","obs","nh4",48.0000000000001,"baseline"
2020-12-02,"0.1","calib","mod","no3",2.98141943419931,"baseline"
2020-12-02,"0.1","calib","obs","no3",7.99999999999999,"baseline"
2020-12-02,"0.1","calib","mod","po4",4.50042907357057,"baseline"
2020-12-02,"0.1","calib","obs","po4",6,"baseline"
2020-12-02,"0.1","calib","obs","din",56.0000000000001,"baseline"
2020-12-02,"0.1","calib","mod","din",22.858919949788,"baseline"
2020-12-03,"0.1","calib","mod","wl",11.5879744405892,"baseline"
2020-12-03,"0.1","calib","obs","wl",11.2237367624306,"baseline"
2020-12-04,"0.1","calib","mod","wl",11.5839149466542,"baseline"
2020-12-04,"0.1","calib","obs","wl",11.2228024806944,"baseline"
2020-12-05,"0.1","calib","mod","wl",11.6217985282839,"baseline"
2020-12-05,"0.1","calib","obs","wl",11.2721189249306,"baseline"
2020-12-06,"0.1","calib","mod","wl",11.6432780799155,"baseline"
2020-12-06,"0.1","calib","obs","wl",11.2760629135417,"baseline"
2020-12-07,"0.1","calib","mod","wl",11.6370737086122,"baseline"
2020-12-07,"0.1","calib","obs","wl",11.2733115664583,"baseline"
2020-12-08,"0.1","calib","mod","wl",11.629318158094,"baseline"
2020-12-08,"0.1","calib","obs","wl",11.2648102472917,"baseline"
2020-12-09,"0.1","calib","mod","wl",11.6185055241677,"baseline"
2020-12-09,"0.1","calib","obs","wl",11.2542056172222,"baseline"
2020-12-10,"0.1","calib","mod","wl",11.6090345863018,"baseline"
2020-12-10,"0.1","calib","obs","wl",11.2435332645833,"baseline"
2020-12-11,"0.1","calib","mod","wl",11.6022197314141,"baseline"
2020-12-11,"0.1","calib","obs","wl",11.2348267496528,"baseline"
2020-12-12,"0.1","calib","mod","wl",11.5964864854662,"baseline"
2020-12-12,"0.1","calib","obs","wl",11.2274194215972,"baseline"
2020-12-13,"0.1","calib","mod","wl",11.5917200970538,"baseline"
2020-12-13,"0.1","calib","obs","wl",11.2211288278472,"baseline"
2020-12-14,"0.1","calib","mod","wl",11.6076691817156,"baseline"
2020-12-14,"0.1","calib","obs","wl",11.2460227027778,"baseline"
2020-12-15,"0.1","calib","mod","wl",11.6417658161967,"baseline"
2020-12-15,"0.1","calib","obs","wl",11.258932725,"baseline"
2020-12-16,"0.1","calib","mod","wl",11.6427252178791,"baseline"
2020-12-16,"0.1","calib","obs","wl",11.26705117625,"baseline"
2020-12-17,"0.1","calib","mod","wl",11.6575529294813,"baseline"
2020-12-17,"0.1","calib","obs","wl",11.2776658017361,"baseline"
2020-12-18,"0.1","calib","mod","wl",11.6127393938361,"baseline"
2020-12-18,"0.1","calib","obs","wl",11.2732502177778,"baseline"
2020-12-19,"0.1","calib","mod","wl",11.6049628428238,"baseline"
2020-12-19,"0.1","calib","obs","wl",11.2668352607639,"baseline"
2020-12-20,"0.1","calib","mod","wl",11.5987554842252,"baseline"
2020-12-20,"0.1","calib","obs","wl",11.2606662779167,"baseline"
2020-12-21,"0.1","calib","mod","wl",11.5931930791342,"baseline"
2020-12-21,"0.1","calib","obs","wl",11.2543970511806,"baseline"
2020-12-22,"0.1","calib","mod","wl",11.6323611720098,"baseline"
2020-12-22,"0.1","calib","obs","wl",11.24569314375,"baseline"
2020-12-23,"0.1","calib","mod","wl",11.6255296951789,"baseline"
2020-12-23,"0.1","calib","obs","wl",11.2373656579167,"baseline"
2020-12-24,"0.1","calib","mod","wl",11.6278370019437,"baseline"
2020-12-24,"0.1","calib","obs","wl",11.2423473590972,"baseline"
2020-12-25,"0.1","calib","mod","wl",11.6485714674968,"baseline"
2020-12-25,"0.1","calib","obs","wl",11.2632848597917,"baseline"
2020-12-26,"0.1","calib","mod","wl",11.6456482327178,"baseline"
2020-12-26,"0.1","calib","obs","wl",11.254362429375,"baseline"
2020-12-27,"0.1","calib","mod","wl",11.636397300776,"baseline"
2020-12-27,"0.1","calib","obs","wl",11.2445338202778,"baseline"
2020-12-28,"0.1","calib","mod","wl",11.63100333804,"baseline"
2020-12-28,"0.1","calib","obs","wl",11.2387808061111,"baseline"
2020-12-29,"0.1","calib","mod","wl",11.626222976077,"baseline"
2020-12-29,"0.1","calib","obs","wl",11.23287728125,"baseline"
2020-12-30,"0.1","calib","mod","wl",11.6208650815065,"baseline"
2020-12-30,"0.1","calib","obs","wl",11.2262401797222,"baseline"
2020-12-31,"0.1","valid","mod","wl",11.6174575698467,"baseline"
2020-12-31,"0.1","valid","obs","wl",11.2226132196528,"baseline"
2021-01-01,"0.1","valid","mod","wl",11.6188615462218,"baseline"
2021-01-01,"0.1","valid","obs","wl",11.2252973511806,"baseline"
2021-01-02,"0.1","valid","mod","wl",11.6375238412383,"baseline"
2021-01-02,"0.1","valid","obs","wl",11.2391439729167,"baseline"
2021-01-03,"0.1","valid","mod","wl",11.6421277152145,"baseline"
2021-01-03,"0.1","valid","obs","wl",11.2432950404861,"baseline"
2021-01-04,"0.1","valid","mod","wl",11.6424223028236,"baseline"
2021-01-04,"0.1","valid","obs","wl",11.241717358125,"baseline"
2021-01-05,"0.1","valid","mod","wl",11.6394523393283,"baseline"
2021-01-05,"0.1","valid","obs","wl",11.2396233907639,"baseline"
2021-01-06,"0.1","valid","mod","wl",11.635679273061,"baseline"
2021-01-06,"0.1","valid","obs","wl",11.2357100402778,"baseline"
2021-01-07,"0.1","valid","mod","wl",11.6308472915711,"baseline"
2021-01-07,"0.1","valid","obs","wl",11.2308012766667,"baseline"
2021-01-08,"0.1","valid","mod","wl",11.6288845728431,"baseline"
2021-01-08,"0.1","valid","obs","wl",11.2299560120833,"baseline"
2021-01-09,"0.1","valid","mod","wl",11.6290654398849,"baseline"
2021-01-09,"0.1","valid","obs","wl",11.2286024298611,"baseline"
2021-01-10,"0.1","valid","mod","wl",11.6220201573869,"baseline"
2021-01-10,"0.1","valid","obs","wl",11.2217270318056,"baseline"
2021-01-11,"0.1","valid","mod","wl",11.6186935043221,"baseline"
2021-01-11,"0.1","valid","obs","wl",11.2190375404167,"baseline"
2021-01-12,"0.1","valid","mod","wl",11.6166856193966,"baseline"
2021-01-12,"0.1","valid","obs","wl",11.2163337077778,"baseline"
2021-01-13,"0.1","valid","mod","wl",11.6132551193154,"baseline"
2021-01-13,"0.1","valid","obs","wl",11.2123146811111,"baseline"
2021-01-14,"0.1","valid","mod","wl",11.6086497813493,"baseline"
2021-01-14,"0.1","valid","obs","wl",11.2072316495833,"baseline"
2021-01-15,"0.1","valid","mod","wl",11.6066059179085,"baseline"
2021-01-15,"0.1","valid","obs","wl",11.2063865298611,"baseline"
2021-01-16,"0.1","valid","mod","wl",11.6099171643737,"baseline"
2021-01-16,"0.1","valid","obs","wl",11.2073273303472,"baseline"
2021-01-17,"0.1","valid","mod","wl",11.6061771097408,"baseline"
2021-01-17,"0.1","valid","obs","wl",11.2025534324306,"baseline"
2021-01-18,"0.1","valid","mod","wl",11.6025636614302,"baseline"
2021-01-18,"0.1","valid","obs","wl",11.198856576875,"baseline"
2021-01-19,"0.1","valid","mod","wl",11.5984509733135,"baseline"
2021-01-19,"0.1","valid","obs","wl",11.194266725,"baseline"
2021-01-20,"0.1","valid","mod","wl",11.5949762190907,"baseline"
2021-01-20,"0.1","valid","obs","wl",11.1904951935417,"baseline"
2021-01-21,"0.1","valid","mod","wl",11.591847047527,"baseline"
2021-01-21,"0.1","valid","obs","wl",11.1879263714583,"baseline"
2021-01-22,"0.1","valid","mod","wl",11.5877388638068,"baseline"
2021-01-22,"0.1","valid","obs","wl",11.1833521645833,"baseline"
2021-01-23,"0.1","valid","mod","wl",11.5826987465251,"baseline"
2021-01-23,"0.1","valid","obs","wl",11.1776200828472,"baseline"
2021-01-24,"0.1","valid","mod","wl",11.5746435660445,"baseline"
2021-01-24,"0.1","valid","obs","wl",11.1679395218056,"baseline"
2021-01-25,"0.1","valid","mod","wl",11.57572968848,"baseline"
2021-01-25,"0.1","valid","obs","wl",11.1714770301389,"baseline"
2021-01-26,"0.1","valid","mod","wl",11.6371650958147,"baseline"
2021-01-26,"0.1","valid","obs","wl",11.2435787509722,"baseline"
2021-01-27,"0.1","valid","mod","wl",11.6735652625274,"baseline"
2021-01-27,"0.1","valid","obs","wl",11.2588744184028,"baseline"
2021-01-28,"0.1","valid","mod","wl",11.6207544433752,"baseline"
2021-01-28,"0.1","valid","obs","wl",11.2560685311111,"baseline"
2021-01-29,"0.1","valid","mod","wl",11.6198956932163,"baseline"
2021-01-29,"0.1","valid","obs","wl",11.2625073177778,"baseline"
2021-01-30,"0.1","valid","mod","wl",11.5876323624547,"baseline"
2021-01-30,"0.1","valid","obs","wl",11.252058703125,"baseline"
2021-01-31,"0.1","valid","mod","wl",11.5664697182913,"baseline"
2021-01-31,"0.1","valid","obs","wl",11.254259433125,"baseline"
2021-02-01,"0.1","valid","mod","wl",11.5556710728884,"baseline"
2021-02-01,"0.1","valid","obs","wl",11.2505883628472,"baseline"
2021-02-02,"0.1","valid","mod","wl",11.5455412267642,"baseline"
2021-02-02,"0.1","valid","obs","wl",11.2428451743056,"baseline"
2021-02-03,"0.1","valid","mod","wl",11.5245848946108,"baseline"
2021-02-03,"0.1","valid","obs","wl",11.2321003911111,"baseline"
2021-02-04,"0.1","valid","mod","wl",11.5090784558816,"baseline"
2021-02-04,"0.1","valid","obs","wl",11.2334105874306,"baseline"
2021-02-05,"0.1","valid","mod","wl",11.4928899951248,"baseline"
2021-02-05,"0.1","valid","obs","wl",11.2285493382639,"baseline"
2021-02-06,"0.1","valid","mod","wl",11.4901714904235,"baseline"
2021-02-06,"0.1","valid","obs","wl",11.2242388510417,"baseline"
2021-02-07,"0.1","valid","mod","wl",11.490824856805,"baseline"
2021-02-07,"0.1","valid","obs","wl",11.2302683326389,"baseline"
2021-02-08,"0.1","valid","mod","wl",11.4932293757182,"baseline"
2021-02-08,"0.1","valid","obs","wl",11.2276061475694,"baseline"
2021-02-09,"0.1","valid","mod","wl",11.4800144141012,"baseline"
2021-02-09,"0.1","valid","obs","wl",11.2239984540278,"baseline"
2021-02-10,"0.1","valid","mod","wl",11.4789816049988,"baseline"
2021-02-10,"0.1","valid","obs","wl",11.2222377396528,"baseline"
2021-02-11,"0.1","valid","mod","wl",11.4875684723351,"baseline"
2021-02-11,"0.1","valid","obs","wl",11.2273145421528,"baseline"
2021-02-12,"0.1","valid","mod","wl",11.507879089944,"baseline"
2021-02-12,"0.1","valid","obs","wl",11.2505262898611,"baseline"
2021-02-13,"0.1","valid","mod","wl",11.5459740486598,"baseline"
2021-02-13,"0.1","valid","obs","wl",11.2639374590972,"baseline"
2021-02-14,"0.1","valid","mod","wl",11.5496958538302,"baseline"
2021-02-14,"0.1","valid","obs","wl",11.2759570925,"baseline"
2021-02-15,"0.1","valid","mod","wl",11.5608559216402,"baseline"
2021-02-15,"0.1","valid","obs","wl",11.2909397875,"baseline"
2021-02-16,"0.1","valid","mod","wl",11.6161691322485,"baseline"
2021-02-16,"0.1","valid","obs","wl",11.3362558921528,"baseline"
2021-02-17,"0.1","valid","mod","wl",11.7037558995991,"baseline"
2021-02-17,"0.1","valid","obs","wl",11.3514110443056,"baseline"
2021-02-18,"0.1","valid","mod","wl",11.7006889862766,"baseline"
2021-02-18,"0.1","valid","obs","wl",11.3687948122222,"baseline"
2021-02-19,"0.1","valid","mod","wl",11.6926548574575,"baseline"
2021-02-19,"0.1","valid","obs","wl",11.3716716814583,"baseline"
2021-02-20,"0.1","valid","mod","wl",11.6814564650854,"baseline"
2021-02-20,"0.1","valid","obs","wl",11.362320751875,"baseline"
2021-02-21,"0.1","valid","mod","wl",11.6536922418955,"baseline"
2021-02-21,"0.1","valid","obs","wl",11.347317196875,"baseline"
2021-02-22,"0.1","valid","mod","wl",11.6331112658766,"baseline"
2021-02-22,"0.1","valid","obs","wl",11.342280810625,"baseline"
2021-02-23,"0.1","valid","mod","wl",11.6188269740243,"baseline"
2021-02-23,"0.1","valid","obs","wl",11.3374260802083,"baseline"
2021-02-24,"0.1","valid","mod","wl",11.6073720754415,"baseline"
2021-02-24,"0.1","valid","obs","wl",11.3263904883333,"baseline"
2021-02-25,"0.1","valid","mod","wl",11.6045532536526,"baseline"
2021-02-25,"0.1","valid","obs","wl",11.3183698183333,"baseline"
2021-02-26,"0.1","valid","mod","wl",11.6061424137838,"baseline"
2021-02-26,"0.1","valid","obs","wl",11.3135746982639,"baseline"
2021-02-27,"0.1","valid","mod","wl",11.615674273118,"baseline"
2021-02-27,"0.1","valid","obs","wl",11.3216806914583,"baseline"
2021-02-28,"0.1","valid","mod","wl",11.6439923668088,"baseline"
2021-02-28,"0.1","valid","obs","wl",11.3342706430556,"baseline"
2021-03-01,"0.1","valid","mod","wl",11.6641397821795,"baseline"
2021-03-01,"0.1","valid","obs","wl",11.3468386481944,"baseline"
2021-03-02,"0.1","valid","mod","wl",11.6738511361005,"baseline"
2021-03-02,"0.1","valid","obs","wl",11.3431121685417,"baseline"
2021-03-03,"0.1","valid","mod","wl",11.6658577359699,"baseline"
2021-03-03,"0.1","valid","obs","wl",11.3355812739583,"baseline"
2021-03-04,"0.1","valid","mod","wl",11.6590703673913,"baseline"
2021-03-04,"0.1","valid","obs","wl",11.3263680348611,"baseline"
2021-03-05,"0.1","valid","mod","wl",11.6548611538552,"baseline"
2021-03-05,"0.1","valid","obs","wl",11.3143170390278,"baseline"
2021-03-06,"0.1","valid","mod","wl",11.644833489347,"baseline"
2021-03-06,"0.1","valid","obs","wl",11.3032056123611,"baseline"
2021-03-07,"0.1","valid","mod","wl",11.6377052664677,"baseline"
2021-03-07,"0.1","valid","obs","wl",11.2934576184722,"baseline"
2021-03-08,"0.1","valid","mod","wl",11.62718297153,"baseline"
2021-03-08,"0.1","valid","obs","wl",11.2781264935821,"baseline"
2021-03-08,"0.1","valid","mod","temp",-0.251944569693603,"baseline"
2021-03-08,"0.1","valid","obs","temp",5.8511,"baseline"
2021-03-08,"0.1","valid","mod","oxy",11.8413055688467,"baseline"
2021-03-08,"0.1","valid","obs","oxy",11.5242,"baseline"
2021-03-08,"0.1","valid","mod","nh4",18.7334132260755,"baseline"
2021-03-08,"0.1","valid","obs","nh4",8,"baseline"
2021-03-08,"0.1","valid","mod","no3",3.69950728946927,"baseline"
2021-03-08,"0.1","valid","obs","no3",0.999999999999999,"baseline"
2021-03-08,"0.1","valid","mod","po4",3.92737929706388,"baseline"
2021-03-08,"0.1","valid","obs","po4",2,"baseline"
2021-03-08,"0.1","valid","mod","chla",0.0946172601637699,"baseline"
2021-03-08,"0.1","valid","obs","chla",0.5428,"baseline"
2021-03-08,"0.1","valid","obs","din",9,"baseline"
2021-03-08,"0.1","valid","mod","din",22.4329205155448,"baseline"
2021-03-09,"0.1","valid","mod","wl",11.6201207688583,"baseline"
2021-03-09,"0.1","valid","obs","wl",11.2647086996528,"baseline"
2021-03-10,"0.1","valid","mod","wl",11.625075816181,"baseline"
2021-03-10,"0.1","valid","obs","wl",11.2580633410417,"baseline"
2021-03-11,"0.1","valid","mod","wl",11.6409026953677,"baseline"
2021-03-11,"0.1","valid","obs","wl",11.2526500261806,"baseline"
2021-03-12,"0.1","valid","mod","wl",11.6737459993744,"baseline"
2021-03-12,"0.1","valid","obs","wl",11.2505448320833,"baseline"
2021-03-13,"0.1","valid","mod","wl",11.7302281028214,"baseline"
2021-03-13,"0.1","valid","obs","wl",11.2450593039583,"baseline"
2021-03-14,"0.1","valid","mod","wl",11.7256178339306,"baseline"
2021-03-14,"0.1","valid","obs","wl",11.2402406439583,"baseline"
2021-03-15,"0.1","valid","mod","wl",11.7189639102414,"baseline"
2021-03-15,"0.1","valid","obs","wl",11.2341837836111,"baseline"
2021-03-16,"0.1","valid","mod","wl",11.7168457020068,"baseline"
2021-03-16,"0.1","valid","obs","wl",11.2341926201389,"baseline"
2021-03-17,"0.1","valid","mod","wl",11.715114683356,"baseline"
2021-03-17,"0.1","valid","obs","wl",11.231566360625,"baseline"
2021-03-18,"0.1","valid","mod","wl",11.723568153949,"baseline"
2021-03-18,"0.1","valid","obs","wl",11.2456927091667,"baseline"
2021-03-19,"0.1","valid","mod","wl",11.7506077943169,"baseline"
2021-03-19,"0.1","valid","obs","wl",11.2719230002778,"baseline"
2021-03-20,"0.1","valid","mod","wl",11.7615103642155,"baseline"
2021-03-20,"0.1","valid","obs","wl",11.2688720079861,"baseline"
2021-03-21,"0.1","valid","mod","wl",11.7525495141927,"baseline"
2021-03-21,"0.1","valid","obs","wl",11.2619095484028,"baseline"
2021-03-22,"0.1","valid","mod","wl",11.7442990261896,"baseline"
2021-03-22,"0.1","valid","obs","wl",11.2548934902083,"baseline"
2021-03-23,"0.1","valid","mod","wl",11.7397051746517,"baseline"
2021-03-23,"0.1","valid","obs","wl",11.2525086417361,"baseline"
2021-03-24,"0.1","valid","mod","wl",11.7411648169944,"baseline"
2021-03-24,"0.1","valid","obs","wl",11.2546389692361,"baseline"
2021-03-25,"0.1","valid","mod","wl",11.7407770196711,"baseline"
2021-03-25,"0.1","valid","obs","wl",11.2537264166667,"baseline"
2021-03-26,"0.1","valid","mod","wl",11.7510152802968,"baseline"
2021-03-26,"0.1","valid","obs","wl",11.2659377013194,"baseline"
2021-03-27,"0.1","valid","mod","wl",11.7536057460964,"baseline"
2021-03-27,"0.1","valid","obs","wl",11.2652447581944,"baseline"
2021-03-28,"0.1","valid","mod","wl",11.7691671728657,"baseline"
2021-03-28,"0.1","valid","obs","wl",11.2838120413889,"baseline"
2021-03-29,"0.1","valid","mod","wl",11.7777549375224,"baseline"
2021-03-29,"0.1","valid","obs","wl",11.2882811515278,"baseline"
2021-03-30,"0.1","valid","mod","wl",11.7679925055637,"baseline"
2021-03-30,"0.1","valid","obs","wl",11.2822329828472,"baseline"
2021-03-31,"0.1","valid","mod","wl",11.7696389062794,"baseline"
2021-03-31,"0.1","valid","obs","wl",11.2910331504861,"baseline"
2021-03-31,"0.1","valid","mod","temp",11.6485307635968,"baseline"
2021-03-31,"0.1","valid","obs","temp",12.259,"baseline"
2021-03-31,"0.1","valid","mod","oxy",10.5446475146318,"baseline"
2021-03-31,"0.1","valid","obs","oxy",10.3897,"baseline"
2021-03-31,"0.1","valid","mod","chla",0.0651837590904862,"baseline"
2021-03-31,"0.1","valid","obs","chla",6.7876,"baseline"
2021-04-01,"0.1","valid","mod","wl",11.7812809228475,"baseline"
2021-04-01,"0.1","valid","obs","wl",11.2960443309028,"baseline"
2021-04-02,"0.1","valid","mod","wl",11.7680868859372,"baseline"
2021-04-02,"0.1","valid","obs","wl",11.2846593340278,"baseline"
2021-04-03,"0.1","valid","mod","wl",11.7548255882299,"baseline"
2021-04-03,"0.1","valid","obs","wl",11.2740833140278,"baseline"
2021-04-04,"0.1","valid","mod","wl",11.7473955560281,"baseline"
2021-04-04,"0.1","valid","obs","wl",11.2681100385417,"baseline"
2021-04-05,"0.1","valid","mod","wl",11.7239882180681,"baseline"
2021-04-05,"0.1","valid","obs","wl",11.2369529299194,"baseline"
2021-04-05,"0.1","valid","mod","temp",10.3051544342913,"baseline"
2021-04-05,"0.1","valid","obs","temp",11.0062,"baseline"
2021-04-05,"0.1","valid","mod","oxy",10.9748978941437,"baseline"
2021-04-05,"0.1","valid","obs","oxy",8.9575,"baseline"
2021-04-05,"0.1","valid","mod","nh4",18.9504352563232,"baseline"
2021-04-05,"0.1","valid","obs","nh4",4,"baseline"
2021-04-05,"0.1","valid","mod","no3",3.83552349089674,"baseline"
2021-04-05,"0.1","valid","obs","no3",0.999999999999999,"baseline"
2021-04-05,"0.1","valid","mod","po4",3.19803507066388,"baseline"
2021-04-05,"0.1","valid","obs","po4",5,"baseline"
2021-04-05,"0.1","valid","mod","chla",0.0619063182486782,"baseline"
2021-04-05,"0.1","valid","obs","chla",0.7942,"baseline"
2021-04-05,"0.1","valid","obs","din",5,"baseline"
2021-04-05,"0.1","valid","mod","din",22.7859587472199,"baseline"
2021-04-06,"0.1","valid","mod","wl",11.7001836364016,"baseline"
2021-04-06,"0.1","valid","obs","wl",11.2040594085417,"baseline"
2021-04-07,"0.1","valid","mod","wl",11.6948623937767,"baseline"
2021-04-07,"0.1","valid","obs","wl",11.19960167,"baseline"
2021-04-08,"0.1","valid","mod","wl",11.6898481825756,"baseline"
2021-04-08,"0.1","valid","obs","wl",11.195504635625,"baseline"
2021-04-09,"0.1","valid","mod","wl",11.6881968936213,"baseline"
2021-04-09,"0.1","valid","obs","wl",11.1959891236111,"baseline"
2021-04-10,"0.1","valid","mod","wl",11.6885641869532,"baseline"
2021-04-10,"0.1","valid","obs","wl",11.197289469375,"baseline"
2021-04-11,"0.1","valid","mod","wl",11.7049750928141,"baseline"
2021-04-11,"0.1","valid","obs","wl",11.2160884579167,"baseline"
2021-04-12,"0.1","valid","mod","wl",11.7072907830159,"baseline"
2021-04-12,"0.1","valid","obs","wl",11.2100064641667,"baseline"
2021-04-13,"0.1","valid","mod","wl",11.6972461599254,"baseline"
2021-04-13,"0.1","valid","obs","wl",11.2025855915972,"baseline"
2021-04-14,"0.1","valid","mod","wl",11.6899928861167,"baseline"
2021-04-14,"0.1","valid","obs","wl",11.1980318101389,"baseline"
2021-04-15,"0.1","valid","mod","wl",11.6882766150813,"baseline"
2021-04-15,"0.1","valid","obs","wl",11.1999071096528,"baseline"
2021-04-16,"0.1","valid","mod","wl",11.6826825342319,"baseline"
2021-04-16,"0.1","valid","obs","wl",11.1909770015972,"baseline"
2021-04-17,"0.1","valid","mod","wl",11.6739608014949,"baseline"
2021-04-17,"0.1","valid","obs","wl",11.1845465444444,"baseline"
2021-04-18,"0.1","valid","mod","wl",11.6670297569375,"baseline"
2021-04-18,"0.1","valid","obs","wl",11.1794239658333,"baseline"
2021-04-19,"0.1","valid","mod","wl",11.6668737917895,"baseline"
2021-04-19,"0.1","valid","obs","wl",11.1836570972222,"baseline"
2021-04-20,"0.1","valid","mod","wl",11.6676702671138,"baseline"
2021-04-20,"0.1","valid","obs","wl",11.179407234375,"baseline"
2021-04-21,"0.1","valid","mod","wl",11.6593000651102,"baseline"
2021-04-21,"0.1","valid","obs","wl",11.1730875959722,"baseline"
2021-04-22,"0.1","valid","mod","wl",11.6511631961118,"baseline"
2021-04-22,"0.1","valid","obs","wl",11.1660227920139,"baseline"
2021-04-23,"0.1","valid","mod","wl",11.6429961010528,"baseline"
2021-04-23,"0.1","valid","obs","wl",11.1591776699306,"baseline"
2021-04-24,"0.1","valid","mod","wl",11.6430988606282,"baseline"
2021-04-24,"0.1","valid","obs","wl",11.163435645,"baseline"
2021-04-25,"0.1","valid","mod","wl",11.6621264532797,"baseline"
2021-04-25,"0.1","valid","obs","wl",11.1793041656944,"baseline"
2021-04-26,"0.1","valid","mod","wl",11.656976092631,"baseline"
2021-04-26,"0.1","valid","obs","wl",11.17340281375,"baseline"
2021-04-27,"0.1","valid","mod","wl",11.6494596434734,"baseline"
2021-04-27,"0.1","valid","obs","wl",11.1675160203472,"baseline"
2021-04-28,"0.1","valid","mod","wl",11.6434393269551,"baseline"
2021-04-28,"0.1","valid","obs","wl",11.1629075538194,"baseline"
2021-04-29,"0.1","valid","mod","wl",11.6378113763766,"baseline"
2021-04-29,"0.1","valid","obs","wl",11.1580917910417,"baseline"
2021-04-30,"0.1","valid","mod","wl",11.6289753227516,"baseline"
2021-04-30,"0.1","valid","obs","wl",11.1490055227083,"baseline"
2021-05-01,"0.1","valid","mod","wl",11.6164992706905,"baseline"
2021-05-01,"0.1","valid","obs","wl",11.1378973554167,"baseline"
2021-05-02,"0.1","valid","mod","wl",11.6063653636473,"baseline"
2021-05-02,"0.1","valid","obs","wl",11.1314395195139,"baseline"
2021-05-03,"0.1","valid","mod","wl",11.6067968777203,"baseline"
2021-05-03,"0.1","valid","obs","wl",11.1378617658156,"baseline"
2021-05-03,"0.1","valid","mod","temp",17.9989799660772,"baseline"
2021-05-03,"0.1","valid","obs","temp",16.5632,"baseline"
2021-05-03,"0.1","valid","mod","oxy",9.59929319724515,"baseline"
2021-05-03,"0.1","valid","obs","oxy",8.6577,"baseline"
2021-05-03,"0.1","valid","mod","nh4",21.2484477958077,"baseline"
2021-05-03,"0.1","valid","obs","nh4",3.00000000000001,"baseline"
2021-05-03,"0.1","valid","mod","no3",6.37726734945344,"baseline"
2021-05-03,"0.1","valid","obs","no3",0.999999999999999,"baseline"
2021-05-03,"0.1","valid","mod","po4",5.42447203876694,"baseline"
2021-05-03,"0.1","valid","obs","po4",12,"baseline"
2021-05-03,"0.1","valid","mod","chla",0.272573156779449,"baseline"
2021-05-03,"0.1","valid","obs","chla",1.8788,"baseline"
2021-05-03,"0.1","valid","obs","din",4,"baseline"
2021-05-03,"0.1","valid","mod","din",27.6257151452612,"baseline"
2021-05-04,"0.1","valid","mod","wl",11.619527630731,"baseline"
2021-05-04,"0.1","valid","obs","wl",11.1557419265278,"baseline"
2021-05-05,"0.1","valid","mod","wl",11.632479564068,"baseline"
2021-05-05,"0.1","valid","obs","wl",11.1767199883333,"baseline"
2021-05-06,"0.1","valid","mod","wl",11.6244954717957,"baseline"
2021-05-06,"0.1","valid","obs","wl",11.1688651843056,"baseline"
2021-05-07,"0.1","valid","mod","wl",11.6166660307858,"baseline"
2021-05-07,"0.1","valid","obs","wl",11.1639109343056,"baseline"
2021-05-08,"0.1","valid","mod","wl",11.6089030970456,"baseline"
2021-05-08,"0.1","valid","obs","wl",11.157474248125,"baseline"
2021-05-09,"0.1","valid","mod","wl",11.599252153771,"baseline"
2021-05-09,"0.1","valid","obs","wl",11.1490592661806,"baseline"
2021-05-10,"0.1","valid","mod","wl",11.5905922572505,"baseline"
2021-05-10,"0.1","valid","obs","wl",11.1419160923611,"baseline"
2021-05-11,"0.1","valid","mod","wl",11.5822159720065,"baseline"
2021-05-11,"0.1","valid","obs","wl",11.1338433447917,"baseline"
2021-05-12,"0.1","valid","mod","wl",11.5736069844194,"baseline"
2021-05-12,"0.1","valid","obs","wl",11.12564254,"baseline"
2021-05-13,"0.1","valid","mod","wl",11.5642655569833,"baseline"
2021-05-13,"0.1","valid","obs","wl",11.1186401711806,"baseline"
2021-05-14,"0.1","valid","mod","wl",11.5551702678946,"baseline"
2021-05-14,"0.1","valid","obs","wl",11.1101765513475,"baseline"
2021-05-14,"0.1","valid","mod","temp",17.3027537174211,"baseline"
2021-05-14,"0.1","valid","obs","temp",17.2116,"baseline"
2021-05-14,"0.1","valid","mod","oxy",9.69585352485368,"baseline"
2021-05-14,"0.1","valid","obs","oxy",8.8227,"baseline"
2021-05-14,"0.1","valid","mod","nh4",19.6265543815497,"baseline"
2021-05-14,"0.1","valid","obs","nh4",1.99999999999999,"baseline"
2021-05-14,"0.1","valid","mod","no3",4.03228312865245,"baseline"
2021-05-14,"0.1","valid","obs","no3",0,"baseline"
2021-05-14,"0.1","valid","mod","po4",4.42643640415062,"baseline"
2021-05-14,"0.1","valid","obs","po4",0.999999999999998,"baseline"
2021-05-14,"0.1","valid","mod","chla",0.556039966047217,"baseline"
2021-05-14,"0.1","valid","obs","chla",0,"baseline"
2021-05-14,"0.1","valid","obs","din",1.99999999999999,"baseline"
2021-05-14,"0.1","valid","mod","din",23.6588375102022,"baseline"
2021-05-15,"0.1","valid","mod","wl",11.5479325804982,"baseline"
2021-05-15,"0.1","valid","obs","wl",11.1029933604167,"baseline"
2021-05-16,"0.1","valid","mod","wl",11.5441103902351,"baseline"
2021-05-16,"0.1","valid","obs","wl",11.1018315743056,"baseline"
2021-05-17,"0.1","valid","mod","wl",11.5421545354002,"baseline"
2021-05-17,"0.1","valid","obs","wl",11.1014840525,"baseline"
2021-05-18,"0.1","valid","mod","wl",11.5386438686576,"baseline"
2021-05-18,"0.1","valid","obs","wl",11.0985094744444,"baseline"
2021-05-19,"0.1","valid","mod","wl",11.5342846267068,"baseline"
2021-05-19,"0.1","valid","obs","wl",11.0941094630556,"baseline"
2021-05-20,"0.1","valid","mod","wl",11.5289702374046,"baseline"
2021-05-20,"0.1","valid","obs","wl",11.0882355622917,"baseline"
2021-05-21,"0.1","valid","mod","wl",11.5225902400327,"baseline"
2021-05-21,"0.1","valid","obs","wl",11.081399131875,"baseline"
2021-05-22,"0.1","valid","mod","wl",11.5186041904787,"baseline"
2021-05-22,"0.1","valid","obs","wl",11.0779601290972,"baseline"
2021-05-23,"0.1","valid","mod","wl",11.5148368028469,"baseline"
2021-05-23,"0.1","valid","obs","wl",11.0752204433333,"baseline"
2021-05-24,"0.1","valid","mod","wl",11.5091746393756,"baseline"
2021-05-24,"0.1","valid","obs","wl",11.0706824517361,"baseline"
2021-05-25,"0.1","valid","mod","wl",11.5047979609901,"baseline"
2021-05-25,"0.1","valid","obs","wl",11.0671145225694,"baseline"
2021-05-26,"0.1","valid","mod","wl",11.5018004301361,"baseline"
2021-05-26,"0.1","valid","obs","wl",11.0638047359028,"baseline"
2021-05-27,"0.1","valid","mod","wl",11.4964434439877,"baseline"
2021-05-27,"0.1","valid","obs","wl",11.0572969953472,"baseline"
2021-05-28,"0.1","valid","mod","wl",11.4963404577894,"baseline"
2021-05-28,"0.1","valid","obs","wl",11.0602694729167,"baseline"
2021-05-29,"0.1","valid","mod","wl",11.501844451435,"baseline"
2021-05-29,"0.1","valid","obs","wl",11.0746296272917,"baseline"
2021-05-30,"0.1","valid","mod","wl",11.5047260369332,"baseline"
2021-05-30,"0.1","valid","obs","wl",11.0851016370139,"baseline"
2021-05-31,"0.1","valid","mod","wl",11.4986866625148,"baseline"
2021-05-31,"0.1","valid","obs","wl",11.0806499785,"baseline"
2021-05-31,"0.1","valid","mod","temp",22.6607278984331,"baseline"
2021-05-31,"0.1","valid","obs","temp",20.6051,"baseline"
2021-05-31,"0.1","valid","mod","oxy",9.14000558718491,"baseline"
2021-05-31,"0.1","valid","obs","oxy",7.524,"baseline"
2021-05-31,"0.1","valid","mod","nh4",23.1906425082965,"baseline"
2021-05-31,"0.1","valid","obs","nh4",7.00000000000001,"baseline"
2021-05-31,"0.1","valid","mod","no3",3.59839598511654,"baseline"
2021-05-31,"0.1","valid","obs","no3",2,"baseline"
2021-05-31,"0.1","valid","mod","po4",7.73266759242601,"baseline"
2021-05-31,"0.1","valid","obs","po4",9,"baseline"
2021-05-31,"0.1","valid","mod","chla",1.66804284909144,"baseline"
2021-05-31,"0.1","valid","obs","chla",0.2427,"baseline"
2021-05-31,"0.1","valid","obs","din",9,"baseline"
2021-05-31,"0.1","valid","mod","din",26.7890384934131,"baseline"
2021-06-01,"0.1","valid","mod","wl",11.4931893470777,"baseline"
2021-06-01,"0.1","valid","obs","wl",11.0763164625,"baseline"
2021-06-02,"0.1","valid","mod","wl",11.488066622384,"baseline"
2021-06-02,"0.1","valid","obs","wl",11.0708018172917,"baseline"
2021-06-03,"0.1","valid","mod","wl",11.4877843916003,"baseline"
2021-06-03,"0.1","valid","obs","wl",11.0800525029861,"baseline"
2021-06-04,"0.1","valid","mod","wl",11.4873422676792,"baseline"
2021-06-04,"0.1","valid","obs","wl",11.0958083217361,"baseline"
2021-06-05,"0.1","valid","mod","wl",11.4796915373667,"baseline"
2021-06-05,"0.1","valid","obs","wl",11.0872674554861,"baseline"
2021-06-06,"0.1","valid","mod","wl",11.4712867177152,"baseline"
2021-06-06,"0.1","valid","obs","wl",11.0794386540278,"baseline"
2021-06-07,"0.1","valid","mod","wl",11.4682597321951,"baseline"
2021-06-07,"0.1","valid","obs","wl",11.0766533370139,"baseline"
2021-06-08,"0.1","valid","mod","wl",11.4674718302098,"baseline"
2021-06-08,"0.1","valid","obs","wl",11.0880786777083,"baseline"
2021-06-09,"0.1","valid","mod","wl",11.4661259438866,"baseline"
2021-06-09,"0.1","valid","obs","wl",11.1109113238889,"baseline"
2021-06-10,"0.1","valid","mod","wl",11.4647520826766,"baseline"
2021-06-10,"0.1","valid","obs","wl",11.1267671692361,"baseline"
2021-06-11,"0.1","valid","mod","wl",11.463980884991,"baseline"
2021-06-11,"0.1","valid","obs","wl",11.1467762550694,"baseline"
2021-06-12,"0.1","valid","mod","wl",11.4628238991103,"baseline"
2021-06-12,"0.1","valid","obs","wl",11.1987870435417,"baseline"
2021-06-13,"0.1","valid","mod","wl",11.460309135339,"baseline"
2021-06-13,"0.1","valid","obs","wl",11.1971739426389,"baseline"
2021-06-14,"0.1","valid","mod","wl",11.4691336878085,"baseline"
2021-06-14,"0.1","valid","obs","wl",11.2106791267361,"baseline"
2021-06-15,"0.1","valid","mod","wl",11.4600304347148,"baseline"
2021-06-15,"0.1","valid","obs","wl",11.199037798125,"baseline"
2021-06-15,"0.1","valid","mod","temp",28.7543122561095,"baseline"
2021-06-15,"0.1","valid","obs","temp",26.1,"baseline"
2021-06-15,"0.1","valid","mod","oxy",9.40930998693242,"baseline"
2021-06-15,"0.1","valid","obs","oxy",8.06,"baseline"
2021-06-15,"0.1","valid","mod","nh4",6.15719972307848,"baseline"
2021-06-15,"0.1","valid","obs","nh4",8,"baseline"
2021-06-15,"0.1","valid","mod","no3",0.403823029219979,"baseline"
2021-06-15,"0.1","valid","obs","no3",2,"baseline"
2021-06-15,"0.1","valid","mod","po4",15.4665726621386,"baseline"
2021-06-15,"0.1","valid","obs","po4",5,"baseline"
2021-06-15,"0.1","valid","obs","din",10,"baseline"
2021-06-15,"0.1","valid","mod","din",6.56102275229846,"baseline"
2021-06-16,"0.1","valid","mod","wl",11.4455806798362,"baseline"
2021-06-16,"0.1","valid","obs","wl",11.1837088850694,"baseline"
2021-06-16,"0.1","valid","mod","temp",27.3330009395278,"baseline"
2021-06-16,"0.1","valid","obs","temp",24.8113,"baseline"
2021-06-16,"0.1","valid","mod","oxy",9.18748798561956,"baseline"
2021-06-16,"0.1","valid","obs","oxy",7.6538,"baseline"
2021-06-16,"0.1","valid","mod","chla",2.4188200601702,"baseline"
2021-06-16,"0.1","valid","obs","chla",0.0414,"baseline"
2021-06-17,"0.1","valid","mod","wl",11.4293748788034,"baseline"
2021-06-17,"0.1","valid","obs","wl",11.1673383481944,"baseline"
2021-06-18,"0.1","valid","mod","wl",11.4144393080057,"baseline"
2021-06-18,"0.1","valid","obs","wl",11.1540177895833,"baseline"
2021-06-19,"0.1","valid","mod","wl",11.4035634999254,"baseline"
2021-06-19,"0.1","valid","obs","wl",11.1420020674306,"baseline"
2021-06-20,"0.1","valid","mod","wl",11.3945289081899,"baseline"
2021-06-20,"0.1","valid","obs","wl",11.1321004483333,"baseline"
2021-06-21,"0.1","valid","mod","wl",11.3869207597354,"baseline"
2021-06-21,"0.1","valid","obs","wl",11.122954859375,"baseline"
2021-06-22,"0.1","valid","mod","wl",11.3858117671697,"baseline"
2021-06-22,"0.1","valid","obs","wl",11.1231819291667,"baseline"
2021-06-23,"0.1","valid","mod","wl",11.3897134912203,"baseline"
2021-06-23,"0.1","valid","obs","wl",11.1188027777778,"baseline"
2021-06-24,"0.1","valid","mod","wl",11.3770284268874,"baseline"
2021-06-24,"0.1","valid","obs","wl",11.1071815124306,"baseline"
2021-06-25,"0.1","valid","mod","wl",11.3674916219214,"baseline"
2021-06-25,"0.1","valid","obs","wl",11.0971423477083,"baseline"
2021-06-26,"0.1","valid","mod","wl",11.3582467126482,"baseline"
2021-06-26,"0.1","valid","obs","wl",11.0875815868056,"baseline"
2021-06-27,"0.1","valid","mod","wl",11.3553934061054,"baseline"
2021-06-27,"0.1","valid","obs","wl",11.0863760526389,"baseline"
2021-06-28,"0.1","valid","mod","wl",11.3795412790007,"baseline"
2021-06-28,"0.1","valid","obs","wl",11.1056256071831,"baseline"
2021-06-28,"0.1","valid","mod","temp",28.267191035544,"baseline"
2021-06-28,"0.1","valid","obs","temp",25.5926,"baseline"
2021-06-28,"0.1","valid","mod","oxy",10.108299922157,"baseline"
2021-06-28,"0.1","valid","obs","oxy",8.2686,"baseline"
2021-06-28,"0.1","valid","mod","nh4",1.43666047122123,"baseline"
2021-06-28,"0.1","valid","obs","nh4",9.99999999999999,"baseline"
2021-06-28,"0.1","valid","mod","no3",0.00230057190312473,"baseline"
2021-06-28,"0.1","valid","obs","no3",4,"baseline"
2021-06-28,"0.1","valid","mod","po4",0.867086975274428,"baseline"
2021-06-28,"0.1","valid","obs","po4",6,"baseline"
2021-06-28,"0.1","valid","mod","chla",2.33027372789214,"baseline"
2021-06-28,"0.1","valid","obs","chla",0.2525,"baseline"
2021-06-28,"0.1","valid","obs","din",14,"baseline"
2021-06-28,"0.1","valid","mod","din",1.43896104312435,"baseline"
2021-06-29,"0.1","valid","mod","wl",11.3747143445198,"baseline"
2021-06-29,"0.1","valid","obs","wl",11.1023002724306,"baseline"
2021-06-30,"0.1","valid","mod","wl",11.3650492572499,"baseline"
2021-06-30,"0.1","valid","obs","wl",11.0926389054861,"baseline"
2021-07-01,"0.1","valid","mod","wl",11.3608653085459,"baseline"
2021-07-01,"0.1","valid","obs","wl",11.090129041875,"baseline"
2021-07-02,"0.1","valid","mod","wl",11.3778497998058,"baseline"
2021-07-02,"0.1","valid","obs","wl",11.1016121821528,"baseline"
2021-07-03,"0.1","valid","mod","wl",11.374565138821,"baseline"
2021-07-03,"0.1","valid","obs","wl",11.0896160886806,"baseline"
2021-07-04,"0.1","valid","mod","wl",11.3576821064057,"baseline"
2021-07-04,"0.1","valid","obs","wl",11.0757344829861,"baseline"
2021-07-05,"0.1","valid","mod","wl",11.3451227440939,"baseline"
2021-07-05,"0.1","valid","obs","wl",11.0629658452083,"baseline"
2021-07-06,"0.1","valid","mod","wl",11.3344183189046,"baseline"
2021-07-06,"0.1","valid","obs","wl",11.0508329304167,"baseline"
2021-07-07,"0.1","valid","mod","wl",11.3247650701695,"baseline"
2021-07-07,"0.1","valid","obs","wl",11.0399287275694,"baseline"
2021-07-08,"0.1","valid","mod","wl",11.3196997539833,"baseline"
2021-07-08,"0.1","valid","obs","wl",11.0358339385417,"baseline"
2021-07-09,"0.1","valid","mod","wl",11.3154175688544,"baseline"
2021-07-09,"0.1","valid","obs","wl",11.0306784764583,"baseline"
2021-07-10,"0.1","valid","mod","wl",11.3055827078439,"baseline"
2021-07-10,"0.1","valid","obs","wl",11.0195778419444,"baseline"
2021-07-11,"0.1","valid","mod","wl",11.2995814931982,"baseline"
2021-07-11,"0.1","valid","obs","wl",11.0114637365278,"baseline"
2021-07-12,"0.1","valid","mod","wl",11.2954698165077,"baseline"
2021-07-12,"0.1","valid","obs","wl",11.008207147,"baseline"
2021-07-12,"0.1","valid","mod","temp",28.7628811413736,"baseline"
2021-07-12,"0.1","valid","obs","temp",27.7706,"baseline"
2021-07-12,"0.1","valid","mod","oxy",8.6693833023286,"baseline"
2021-07-12,"0.1","valid","obs","oxy",8.9589,"baseline"
2021-07-12,"0.1","valid","mod","nh4",2.48280721173218,"baseline"
2021-07-12,"0.1","valid","obs","nh4",5,"baseline"
2021-07-12,"0.1","valid","mod","no3",0.0202494846950602,"baseline"
2021-07-12,"0.1","valid","obs","no3",0,"baseline"
2021-07-12,"0.1","valid","mod","po4",0.765930811225603,"baseline"
2021-07-12,"0.1","valid","obs","po4",5,"baseline"
2021-07-12,"0.1","valid","mod","chla",2.67834890376684,"baseline"
2021-07-12,"0.1","valid","obs","chla",1.1171,"baseline"
2021-07-12,"0.1","valid","obs","din",5,"baseline"
2021-07-12,"0.1","valid","mod","din",2.50305669642724,"baseline"
2021-07-13,"0.1","valid","mod","wl",11.2937357098635,"baseline"
2021-07-13,"0.1","valid","obs","wl",11.0083077923611,"baseline"
2021-07-14,"0.1","valid","mod","wl",11.2872723233009,"baseline"
2021-07-14,"0.1","valid","obs","wl",11.0030000088194,"baseline"
2021-07-15,"0.1","valid","mod","wl",11.293176003739,"baseline"
2021-07-15,"0.1","valid","obs","wl",11.0078638654861,"baseline"
2021-07-16,"0.1","valid","mod","wl",11.283732908123,"baseline"
2021-07-16,"0.1","valid","obs","wl",10.9965571660417,"baseline"
2021-07-17,"0.1","valid","mod","wl",11.2774315353237,"baseline"
2021-07-17,"0.1","valid","obs","wl",10.9909300361806,"baseline"
2021-07-18,"0.1","valid","mod","wl",11.2873987114812,"baseline"
2021-07-18,"0.1","valid","obs","wl",11.0007592247222,"baseline"
2021-07-19,"0.1","valid","mod","wl",11.275880019426,"baseline"
2021-07-19,"0.1","valid","obs","wl",10.9882779189583,"baseline"
2021-07-20,"0.1","valid","mod","wl",11.2660344097264,"baseline"
2021-07-20,"0.1","valid","obs","wl",10.9761191464583,"baseline"
2021-07-21,"0.1","valid","mod","wl",11.2555435476281,"baseline"
2021-07-21,"0.1","valid","obs","wl",10.9634334416667,"baseline"
2021-07-22,"0.1","valid","mod","wl",11.2427981458105,"baseline"
2021-07-22,"0.1","valid","obs","wl",10.9473913773611,"baseline"
2021-07-23,"0.1","valid","mod","wl",11.2306731058909,"baseline"
2021-07-23,"0.1","valid","obs","wl",10.9328082817361,"baseline"
2021-07-24,"0.1","valid","mod","wl",11.2204753607939,"baseline"
2021-07-24,"0.1","valid","obs","wl",10.9194021826389,"baseline"
2021-07-25,"0.1","valid","mod","wl",11.2185298423678,"baseline"
2021-07-25,"0.1","valid","obs","wl",10.9196075232639,"baseline"
2021-07-26,"0.1","valid","mod","wl",11.2328275887251,"baseline"
2021-07-26,"0.1","valid","obs","wl",10.9356638563889,"baseline"
2021-07-26,"0.1","valid","mod","temp",29.9941063120665,"baseline"
2021-07-26,"0.1","valid","obs","temp",27.2402,"baseline"
2021-07-26,"0.1","valid","mod","oxy",8.26829675668155,"baseline"
2021-07-26,"0.1","valid","obs","oxy",7.5794,"baseline"
2021-07-26,"0.1","valid","mod","nh4",4.049487348849,"baseline"
2021-07-26,"0.1","valid","obs","nh4",5.99999999999999,"baseline"
2021-07-26,"0.1","valid","mod","no3",0.0169648683655052,"baseline"
2021-07-26,"0.1","valid","obs","no3",3,"baseline"
2021-07-26,"0.1","valid","mod","po4",0.866554220768751,"baseline"
2021-07-26,"0.1","valid","obs","po4",4,"baseline"
2021-07-26,"0.1","valid","mod","chla",2.92946501862143,"baseline"
2021-07-26,"0.1","valid","obs","chla",1.68,"baseline"
2021-07-26,"0.1","valid","obs","din",8.99999999999999,"baseline"
2021-07-26,"0.1","valid","mod","din",4.06645221721451,"baseline"
2021-07-27,"0.1","valid","mod","wl",11.2791496747797,"baseline"
2021-07-27,"0.1","valid","obs","wl",10.9653277904167,"baseline"
2021-07-28,"0.1","valid","mod","wl",11.2661022309183,"baseline"
2021-07-28,"0.1","valid","obs","wl",10.9527365350694,"baseline"
2021-07-29,"0.1","valid","mod","wl",11.252979314446,"baseline"
2021-07-29,"0.1","valid","obs","wl",10.9395939383333,"baseline"
2021-07-30,"0.1","valid","mod","wl",11.2403324338961,"baseline"
2021-07-30,"0.1","valid","obs","wl",10.9253854535417,"baseline"
2021-07-31,"0.1","valid","mod","wl",11.2260258732335,"baseline"
2021-07-31,"0.1","valid","obs","wl",10.9089789911111,"baseline"
2021-08-01,"0.1","valid","mod","wl",11.2169582955011,"baseline"
2021-08-01,"0.1","valid","obs","wl",10.8996638422222,"baseline"
2021-08-02,"0.1","valid","mod","wl",11.2045007937391,"baseline"
2021-08-02,"0.1","valid","obs","wl",10.8827032860417,"baseline"
2021-08-03,"0.1","valid","mod","wl",11.1906016743549,"baseline"
2021-08-03,"0.1","valid","obs","wl",10.8665699592361,"baseline"
2021-08-04,"0.1","valid","mod","wl",11.178679608171,"baseline"
2021-08-04,"0.1","valid","obs","wl",10.8504406885417,"baseline"
2021-08-05,"0.1","valid","mod","wl",11.1657626603531,"baseline"
2021-08-05,"0.1","valid","obs","wl",10.8336941646528,"baseline"
2021-08-06,"0.1","valid","mod","wl",11.1536194255791,"baseline"
2021-08-06,"0.1","valid","obs","wl",10.817910605,"baseline"
2021-08-07,"0.1","valid","mod","wl",11.1423792028406,"baseline"
2021-08-07,"0.1","valid","obs","wl",10.8037305854167,"baseline"
2021-08-08,"0.1","valid","mod","wl",11.1312044759154,"baseline"
2021-08-08,"0.1","valid","obs","wl",10.7883284450694,"baseline"
2021-08-09,"0.1","valid","mod","wl",11.1168979056747,"baseline"
2021-08-09,"0.1","valid","obs","wl",10.7687380001418,"baseline"
2021-08-09,"0.1","valid","mod","temp",28.6954478364627,"baseline"
2021-08-09,"0.1","valid","obs","temp",27,"baseline"
2021-08-09,"0.1","valid","mod","oxy",8.45588972581929,"baseline"
2021-08-09,"0.1","valid","obs","oxy",9.46,"baseline"
2021-08-09,"0.1","valid","mod","nh4",6.47901652302087,"baseline"
2021-08-09,"0.1","valid","obs","nh4",11,"baseline"
2021-08-09,"0.1","valid","mod","no3",0.210680517288558,"baseline"
2021-08-09,"0.1","valid","obs","no3",0,"baseline"
2021-08-09,"0.1","valid","mod","po4",0.947698312734725,"baseline"
2021-08-09,"0.1","valid","obs","po4",6,"baseline"
2021-08-09,"0.1","valid","obs","din",11,"baseline"
2021-08-09,"0.1","valid","mod","din",6.68969704030943,"baseline"
2021-08-10,"0.1","valid","mod","wl",11.1046155593468,"baseline"
2021-08-10,"0.1","valid","obs","wl",10.7521178028472,"baseline"
2021-08-11,"0.1","valid","mod","wl",11.0978384427326,"baseline"
2021-08-11,"0.1","valid","obs","wl",10.7419953429861,"baseline"
2021-08-12,"0.1","valid","mod","wl",11.0914550731278,"baseline"
2021-08-12,"0.1","valid","obs","wl",10.73216948625,"baseline"
2021-08-13,"0.1","valid","mod","wl",11.0874667074087,"baseline"
2021-08-13,"0.1","valid","obs","wl",10.7189939336111,"baseline"
2021-08-14,"0.1","valid","mod","wl",11.0788260177922,"baseline"
2021-08-14,"0.1","valid","obs","wl",10.7067154334028,"baseline"
2021-08-15,"0.1","valid","mod","wl",11.0761662010039,"baseline"
2021-08-15,"0.1","valid","obs","wl",10.7078303569444,"baseline"
2021-08-16,"0.1","valid","mod","wl",11.1426848359572,"baseline"
2021-08-16,"0.1","valid","obs","wl",10.8123255572917,"baseline"
2021-08-17,"0.1","valid","mod","wl",11.2120568554349,"baseline"
2021-08-17,"0.1","valid","obs","wl",10.8460106909028,"baseline"
2021-08-18,"0.1","valid","mod","wl",11.2273023806377,"baseline"
2021-08-18,"0.1","valid","obs","wl",10.86921056,"baseline"
2021-08-19,"0.1","valid","mod","wl",11.2294311726582,"baseline"
2021-08-19,"0.1","valid","obs","wl",10.8683359610417,"baseline"
2021-08-20,"0.1","valid","mod","wl",11.2390927450459,"baseline"
2021-08-20,"0.1","valid","obs","wl",10.8809367772222,"baseline"
2021-08-21,"0.1","valid","mod","wl",11.2392531281406,"baseline"
2021-08-21,"0.1","valid","obs","wl",10.8716550188194,"baseline"
2021-08-22,"0.1","valid","mod","wl",11.2263369630613,"baseline"
2021-08-22,"0.1","valid","obs","wl",10.8589672135417,"baseline"
2021-08-23,"0.1","valid","mod","wl",11.203758972746,"baseline"
2021-08-23,"0.1","valid","obs","wl",10.8287001354745,"baseline"
2021-08-23,"0.1","valid","mod","temp",24.5110661059828,"baseline"
2021-08-23,"0.1","valid","obs","temp",26.6,"baseline"
2021-08-23,"0.1","valid","mod","oxy",8.82396009635455,"baseline"
2021-08-23,"0.1","valid","obs","oxy",8.97,"baseline"
2021-08-23,"0.1","valid","mod","nh4",18.266118892344,"baseline"
2021-08-23,"0.1","valid","obs","nh4",11,"baseline"
2021-08-23,"0.1","valid","mod","no3",1.72908815027554,"baseline"
2021-08-23,"0.1","valid","obs","no3",0.999999999999999,"baseline"
2021-08-23,"0.1","valid","mod","po4",1.87780301762985,"baseline"
2021-08-23,"0.1","valid","obs","po4",3,"baseline"
2021-08-23,"0.1","valid","obs","din",12,"baseline"
2021-08-23,"0.1","valid","mod","din",19.9952070426195,"baseline"
2021-08-24,"0.1","valid","mod","wl",11.1842835026305,"baseline"
2021-08-24,"0.1","valid","obs","wl",10.8023165515385,"baseline"
2021-08-25,"0.1","valid","mod","wl",11.1732577014906,"baseline"
2021-08-25,"0.1","valid","obs","wl",10.7881026065972,"baseline"
2021-08-26,"0.1","valid","mod","wl",11.1621124245107,"baseline"
2021-08-26,"0.1","valid","obs","wl",10.7730908669444,"baseline"
2021-08-27,"0.1","valid","mod","wl",11.152346686247,"baseline"
2021-08-27,"0.1","valid","obs","wl",10.7604330479167,"baseline"
2021-08-28,"0.1","valid","mod","wl",11.1432440218495,"baseline"
2021-08-28,"0.1","valid","obs","wl",10.7473779472917,"baseline"
2021-08-29,"0.1","valid","mod","wl",11.1333599821944,"baseline"
2021-08-29,"0.1","valid","obs","wl",10.7335662370833,"baseline"
2021-08-30,"0.1","valid","mod","wl",11.1258506727094,"baseline"
2021-08-30,"0.1","valid","obs","wl",10.7233178929167,"baseline"
2021-08-31,"0.1","valid","mod","wl",11.1244809119052,"baseline"
2021-08-31,"0.1","valid","obs","wl",10.7178718394444,"baseline"
2021-09-01,"0.1","valid","mod","wl",11.1640049031233,"baseline"
2021-09-01,"0.1","valid","obs","wl",10.7833360241667,"baseline"
2021-09-02,"0.1","valid","mod","wl",11.1979834641615,"baseline"
2021-09-02,"0.1","valid","obs","wl",10.7920040784722,"baseline"
2021-09-03,"0.1","valid","mod","wl",11.1798930599529,"baseline"
2021-09-03,"0.1","valid","obs","wl",10.7766158447917,"baseline"
2021-09-04,"0.1","valid","mod","wl",11.1654626061213,"baseline"
2021-09-04,"0.1","valid","obs","wl",10.7610577614583,"baseline"
2021-09-05,"0.1","valid","mod","wl",11.1539947273374,"baseline"
2021-09-05,"0.1","valid","obs","wl",10.7474035152778,"baseline"
2021-09-06,"0.1","valid","mod","wl",11.1333497568972,"baseline"
2021-09-06,"0.1","valid","obs","wl",10.717516491,"baseline"
2021-09-06,"0.1","valid","mod","temp",24.689779459455,"baseline"
2021-09-06,"0.1","valid","obs","temp",24.7,"baseline"
2021-09-06,"0.1","valid","mod","oxy",9.01089513855766,"baseline"
2021-09-06,"0.1","valid","obs","oxy",8.72,"baseline"
2021-09-06,"0.1","valid","mod","nh4",22.014700975064,"baseline"
2021-09-06,"0.1","valid","obs","nh4",9,"baseline"
2021-09-06,"0.1","valid","mod","no3",1.79459187458297,"baseline"
2021-09-06,"0.1","valid","obs","no3",3,"baseline"
2021-09-06,"0.1","valid","mod","po4",2.24958788486317,"baseline"
2021-09-06,"0.1","valid","obs","po4",5,"baseline"
2021-09-06,"0.1","valid","obs","din",12,"baseline"
2021-09-06,"0.1","valid","mod","din",23.809292849647,"baseline"
2021-09-07,"0.1","valid","mod","wl",11.1118032551398,"baseline"
2021-09-07,"0.1","valid","obs","wl",10.6861163282639,"baseline"
2021-09-08,"0.1","valid","mod","wl",11.0994287477014,"baseline"
2021-09-08,"0.1","valid","obs","wl",10.6704485126389,"baseline"
2021-09-09,"0.1","valid","mod","wl",11.0984743429718,"baseline"
2021-09-09,"0.1","valid","obs","wl",10.6707753193056,"baseline"
2021-09-10,"0.1","valid","mod","wl",11.0972614221916,"baseline"
2021-09-10,"0.1","valid","obs","wl",10.6720076527778,"baseline"
2021-09-11,"0.1","valid","mod","wl",11.082951307781,"baseline"
2021-09-11,"0.1","valid","obs","wl",10.6546619109028,"baseline"
2021-09-12,"0.1","valid","mod","wl",11.0712090202252,"baseline"
2021-09-12,"0.1","valid","obs","wl",10.6392589738194,"baseline"
2021-09-13,"0.1","valid","mod","wl",11.0596367604799,"baseline"
2021-09-13,"0.1","valid","obs","wl",10.6233763291667,"baseline"
2021-09-14,"0.1","valid","mod","wl",11.0483133764173,"baseline"
2021-09-14,"0.1","valid","obs","wl",10.6077085859722,"baseline"
2021-09-15,"0.1","valid","mod","wl",11.0378829367445,"baseline"
2021-09-15,"0.1","valid","obs","wl",10.5926097123611,"baseline"
2021-09-16,"0.1","valid","mod","wl",11.0281678531777,"baseline"
2021-09-16,"0.1","valid","obs","wl",10.5784334591667,"baseline"
2021-09-17,"0.1","valid","mod","wl",11.0188267494927,"baseline"
2021-09-17,"0.1","valid","obs","wl",10.5649476140278,"baseline"
2021-09-18,"0.1","valid","mod","wl",11.0120750019685,"baseline"
2021-09-18,"0.1","valid","obs","wl",10.5502330569444,"baseline"
2021-09-19,"0.1","valid","mod","wl",11.0007426865857,"baseline"
2021-09-19,"0.1","valid","obs","wl",10.5343327392361,"baseline"
2021-09-20,"0.1","valid","mod","wl",10.9896353996173,"baseline"
2021-09-20,"0.1","valid","obs","wl",10.5195012068056,"baseline"
2021-09-21,"0.1","valid","mod","wl",10.9891181199821,"baseline"
2021-09-21,"0.1","valid","obs","wl",10.5201643809722,"baseline"
2021-09-21,"0.1","valid","mod","temp",25.9334554225624,"baseline"
2021-09-21,"0.1","valid","obs","temp",22.7,"baseline"
2021-09-21,"0.1","valid","mod","oxy",9.03991574568619,"baseline"
2021-09-21,"0.1","valid","obs","oxy",7.71,"baseline"
2021-09-21,"0.1","valid","mod","nh4",13.6372413032531,"baseline"
2021-09-21,"0.1","valid","obs","nh4",4,"baseline"
2021-09-21,"0.1","valid","mod","no3",0.580943751068831,"baseline"
2021-09-21,"0.1","valid","obs","no3",2,"baseline"
2021-09-21,"0.1","valid","mod","po4",1.5685456089973,"baseline"
2021-09-21,"0.1","valid","obs","po4",2,"baseline"
2021-09-21,"0.1","valid","obs","din",6,"baseline"
2021-09-21,"0.1","valid","mod","din",14.218185054322,"baseline"
2021-09-22,"0.1","valid","mod","wl",11.1313692048166,"baseline"
2021-09-22,"0.1","valid","obs","wl",10.7207162597917,"baseline"
2021-09-23,"0.1","valid","mod","wl",11.3059579217207,"baseline"
2021-09-23,"0.1","valid","obs","wl",10.8761841014583,"baseline"
2021-09-24,"0.1","valid","mod","wl",11.2982751012604,"baseline"
2021-09-24,"0.1","valid","obs","wl",10.88361830125,"baseline"
2021-09-25,"0.1","valid","mod","wl",11.2864552751736,"baseline"
2021-09-25,"0.1","valid","obs","wl",10.8805742622917,"baseline"
2021-09-26,"0.1","valid","mod","wl",11.2750320085148,"baseline"
2021-09-26,"0.1","valid","obs","wl",10.8732574724306,"baseline"
2021-09-27,"0.1","valid","mod","wl",11.2630867228266,"baseline"
2021-09-27,"0.1","valid","obs","wl",10.8630186890972,"baseline"
2021-09-28,"0.1","valid","mod","wl",11.2535876341604,"baseline"
2021-09-28,"0.1","valid","obs","wl",10.8540884361806,"baseline"
2021-09-29,"0.1","valid","mod","wl",11.2445383044137,"baseline"
2021-09-29,"0.1","valid","obs","wl",10.843495395,"baseline"
2021-09-30,"0.1","valid","mod","wl",11.236173101605,"baseline"
2021-09-30,"0.1","valid","obs","wl",10.8325520072222,"baseline"
2021-10-01,"0.1","valid","mod","wl",11.2269833594803,"baseline"
2021-10-01,"0.1","valid","obs","wl",10.8201116247222,"baseline"
2021-10-02,"0.1","valid","mod","wl",11.2184163678297,"baseline"
2021-10-02,"0.1","valid","obs","wl",10.8093479371528,"baseline"
2021-10-03,"0.1","valid","mod","wl",11.2119620124686,"baseline"
2021-10-03,"0.1","valid","obs","wl",10.8007877319444,"baseline"
2021-10-04,"0.1","valid","mod","wl",11.2104243256507,"baseline"
2021-10-04,"0.1","valid","obs","wl",10.7994019905556,"baseline"
2021-10-05,"0.1","valid","mod","wl",11.2098988084279,"baseline"
2021-10-05,"0.1","valid","obs","wl",10.7904980299306,"baseline"
2021-10-06,"0.1","valid","mod","wl",11.2074135408859,"baseline"
2021-10-06,"0.1","valid","obs","wl",10.7881307820833,"baseline"
2021-10-07,"0.1","valid","mod","wl",11.2112979076423,"baseline"
2021-10-07,"0.1","valid","obs","wl",10.7836224870139,"baseline"
2021-10-08,"0.1","valid","mod","wl",11.2069666852349,"baseline"
2021-10-08,"0.1","valid","obs","wl",10.77546441625,"baseline"
2021-10-09,"0.1","valid","mod","wl",11.201440851343,"baseline"
2021-10-09,"0.1","valid","obs","wl",10.7686319695139,"baseline"
2021-10-10,"0.1","valid","mod","wl",11.1943245296172,"baseline"
2021-10-10,"0.1","valid","obs","wl",10.758044360625,"baseline"
2021-10-11,"0.1","valid","mod","wl",11.1862119181399,"baseline"
2021-10-11,"0.1","valid","obs","wl",10.7477976823611,"baseline"
2021-10-12,"0.1","valid","mod","wl",11.1720279873971,"baseline"
2021-10-12,"0.1","valid","obs","wl",10.7265996692806,"baseline"
2021-10-12,"0.1","valid","mod","temp",19.493279441018,"baseline"
2021-10-12,"0.1","valid","obs","temp",20.1,"baseline"
2021-10-12,"0.1","valid","mod","oxy",9.58869503375969,"baseline"
2021-10-12,"0.1","valid","obs","oxy",7.91,"baseline"
2021-10-12,"0.1","valid","mod","nh4",19.4530257983363,"baseline"
2021-10-12,"0.1","valid","obs","nh4",5,"baseline"
2021-10-12,"0.1","valid","mod","no3",1.76173283424663,"baseline"
2021-10-12,"0.1","valid","obs","no3",0.999999999999999,"baseline"
2021-10-12,"0.1","valid","mod","po4",2.29510399765166,"baseline"
2021-10-12,"0.1","valid","obs","po4",5,"baseline"
2021-10-12,"0.1","valid","obs","din",6,"baseline"
2021-10-12,"0.1","valid","mod","din",21.214758632583,"baseline"
2021-10-13,"0.1","valid","mod","wl",11.1581027495459,"baseline"
2021-10-13,"0.1","valid","obs","wl",10.7053358486111,"baseline"
2021-10-14,"0.1","valid","mod","wl",11.1505041349273,"baseline"
2021-10-14,"0.1","valid","obs","wl",10.6943235069444,"baseline"
2021-10-15,"0.1","valid","mod","wl",11.1419314607288,"baseline"
2021-10-15,"0.1","valid","obs","wl",10.6824393186806,"baseline"
2021-10-16,"0.1","valid","mod","wl",11.1358349450282,"baseline"
2021-10-16,"0.1","valid","obs","wl",10.6733022765278,"baseline"
2021-10-17,"0.1","valid","mod","wl",11.125469129498,"baseline"
2021-10-17,"0.1","valid","obs","wl",10.6567947734722,"baseline"
2021-10-18,"0.1","valid","mod","wl",11.1108148330079,"baseline"
2021-10-18,"0.1","valid","obs","wl",10.6392228309722,"baseline"
2021-10-19,"0.1","valid","mod","wl",11.0991723707253,"baseline"
2021-10-19,"0.1","valid","obs","wl",10.623480411875,"baseline"
2021-10-20,"0.1","valid","mod","wl",11.0887649037678,"baseline"
2021-10-20,"0.1","valid","obs","wl",10.6096676152083,"baseline"
2021-10-21,"0.1","valid","mod","wl",11.0793726803415,"baseline"
2021-10-21,"0.1","valid","obs","wl",10.5972944482639,"baseline"
2021-10-22,"0.1","valid","mod","wl",11.0724492017294,"baseline"
2021-10-22,"0.1","valid","obs","wl",10.5878949902083,"baseline"
2021-10-23,"0.1","valid","mod","wl",11.0638266086342,"baseline"
2021-10-23,"0.1","valid","obs","wl",10.57316152875,"baseline"
2021-10-24,"0.1","valid","mod","wl",11.0531647942681,"baseline"
2021-10-24,"0.1","valid","obs","wl",10.559132526875,"baseline"
2021-10-25,"0.1","valid","mod","wl",11.0459284370865,"baseline"
2021-10-25,"0.1","valid","obs","wl",10.5493178244444,"baseline"
2021-10-26,"0.1","valid","mod","wl",11.042373249601,"baseline"
2021-10-26,"0.1","valid","obs","wl",10.533734527,"baseline"
2021-10-26,"0.1","valid","mod","temp",18.4733280818467,"baseline"
2021-10-26,"0.1","valid","obs","temp",16.3,"baseline"
2021-10-26,"0.1","valid","mod","oxy",9.78368554760877,"baseline"
2021-10-26,"0.1","valid","obs","oxy",8.48,"baseline"
2021-10-26,"0.1","valid","mod","nh4",16.6268929288426,"baseline"
2021-10-26,"0.1","valid","obs","nh4",9,"baseline"
2021-10-26,"0.1","valid","mod","no3",1.23334644459756,"baseline"
2021-10-26,"0.1","valid","obs","no3",0.999999999999999,"baseline"
2021-10-26,"0.1","valid","mod","po4",2.4447277292868,"baseline"
2021-10-26,"0.1","valid","obs","po4",2,"baseline"
2021-10-26,"0.1","valid","obs","din",9.99999999999999,"baseline"
2021-10-26,"0.1","valid","mod","din",17.8602393734401,"baseline"
2021-10-27,"0.1","valid","mod","wl",11.0220491811698,"baseline"
2021-10-27,"0.1","valid","obs","wl",10.5052168872222,"baseline"
2021-10-28,"0.1","valid","mod","wl",11.0080347855531,"baseline"
2021-10-28,"0.1","valid","obs","wl",10.4903820954167,"baseline"
2021-10-29,"0.1","valid","mod","wl",11.0298982934441,"baseline"
2021-10-29,"0.1","valid","obs","wl",10.5258503244444,"baseline"
2021-10-30,"0.1","valid","mod","wl",11.0584532847569,"baseline"
2021-10-30,"0.1","valid","obs","wl",10.5333213189583,"baseline"
2021-10-31,"0.1","valid","mod","wl",11.0531503384364,"baseline"
2021-10-31,"0.1","valid","obs","wl",10.5254268229861,"baseline"
2021-11-01,"0.1","valid","mod","wl",11.0399831844356,"baseline"
2021-11-01,"0.1","valid","obs","wl",10.5106668519444,"baseline"
2021-11-02,"0.1","valid","mod","wl",11.0313619894867,"baseline"
2021-11-02,"0.1","valid","obs","wl",10.5029751615278,"baseline"
2021-11-03,"0.1","valid","mod","wl",11.0249500257225,"baseline"
2021-11-03,"0.1","valid","obs","wl",10.4909745049306,"baseline"
2021-11-04,"0.1","valid","mod","wl",11.0132415211837,"baseline"
2021-11-04,"0.1","valid","obs","wl",10.477479968125,"baseline"
2021-11-05,"0.1","valid","mod","wl",11.00387421843,"baseline"
2021-11-05,"0.1","valid","obs","wl",10.4654662015972,"baseline"
2021-11-06,"0.1","valid","mod","wl",10.9934844514587,"baseline"
2021-11-06,"0.1","valid","obs","wl",10.4527266084722,"baseline"
2021-11-07,"0.1","valid","mod","wl",10.9841664788492,"baseline"
2021-11-07,"0.1","valid","obs","wl",10.4408469833333,"baseline"
2021-11-08,"0.1","valid","mod","wl",10.9737112730516,"baseline"
2021-11-08,"0.1","valid","obs","wl",10.4278740189583,"baseline"
2021-11-09,"0.1","valid","mod","wl",10.9606080416603,"baseline"
2021-11-09,"0.1","valid","obs","wl",10.4121937760993,"baseline"
2021-11-09,"0.1","valid","mod","temp",11.9078328180662,"baseline"
2021-11-09,"0.1","valid","obs","temp",11.8,"baseline"
2021-11-09,"0.1","valid","mod","oxy",10.4845937379874,"baseline"
2021-11-09,"0.1","valid","obs","oxy",9.34,"baseline"
2021-11-09,"0.1","valid","mod","nh4",20.6924257117437,"baseline"
2021-11-09,"0.1","valid","obs","nh4",80,"baseline"
2021-11-09,"0.1","valid","mod","no3",3.65981951173939,"baseline"
2021-11-09,"0.1","valid","obs","no3",6,"baseline"
2021-11-09,"0.1","valid","mod","po4",3.84198601815807,"baseline"
2021-11-09,"0.1","valid","obs","po4",7,"baseline"
2021-11-09,"0.1","valid","obs","din",86,"baseline"
2021-11-09,"0.1","valid","mod","din",24.3522452234831,"baseline"
2021-11-10,"0.1","valid","mod","wl",10.9478987673972,"baseline"
2021-11-10,"0.1","valid","obs","wl",10.3948277228472,"baseline"
2021-11-11,"0.1","valid","mod","wl",10.9389684203779,"baseline"
2021-11-11,"0.1","valid","obs","wl",10.3830413158333,"baseline"
2021-11-12,"0.1","valid","mod","wl",10.9542653619127,"baseline"
2021-11-12,"0.1","valid","obs","wl",10.4078885454861,"baseline"
2021-11-13,"0.1","valid","mod","wl",10.9671544943167,"baseline"
2021-11-13,"0.1","valid","obs","wl",10.4025049995833,"baseline"
2021-11-14,"0.1","valid","mod","wl",10.9546010046299,"baseline"
2021-11-14,"0.1","valid","obs","wl",10.3887400070833,"baseline"
2021-11-15,"0.1","valid","mod","wl",10.944024257413,"baseline"
2021-11-15,"0.1","valid","obs","wl",10.3770822367361,"baseline"
2021-11-16,"0.1","valid","mod","wl",10.9314058255951,"baseline"
2021-11-16,"0.1","valid","obs","wl",10.3620988174306,"baseline"
2021-11-17,"0.1","valid","mod","wl",10.9222891160854,"baseline"
2021-11-17,"0.1","valid","obs","wl",10.3506606565278,"baseline"
2021-11-18,"0.1","valid","mod","wl",10.9161281169979,"baseline"
2021-11-18,"0.1","valid","obs","wl",10.3424560853472,"baseline"
2021-11-19,"0.1","valid","mod","wl",10.907219890316,"baseline"
2021-11-19,"0.1","valid","obs","wl",10.3295656918056,"baseline"
2021-11-20,"0.1","valid","mod","wl",10.8945207630381,"baseline"
2021-11-20,"0.1","valid","obs","wl",10.3136161213194,"baseline"
2021-11-21,"0.1","valid","mod","wl",10.8866928476805,"baseline"
2021-11-21,"0.1","valid","obs","wl",10.3031571490972,"baseline"
2021-11-22,"0.1","valid","mod","wl",10.8879406840629,"baseline"
2021-11-22,"0.1","valid","obs","wl",10.3063559798582,"baseline"
2021-11-22,"0.1","valid","mod","temp",8.43999849847127,"baseline"
2021-11-22,"0.1","valid","obs","temp",8.6,"baseline"
2021-11-22,"0.1","valid","mod","oxy",11.0967819480536,"baseline"
2021-11-22,"0.1","valid","obs","oxy",11.32,"baseline"
2021-11-22,"0.1","valid","mod","nh4",26.5339522946244,"baseline"
2021-11-22,"0.1","valid","obs","nh4",28.9999999999999,"baseline"
2021-11-22,"0.1","valid","mod","no3",3.38044514172356,"baseline"
2021-11-22,"0.1","valid","obs","no3",7.00000000000002,"baseline"
2021-11-22,"0.1","valid","mod","po4",3.09658688691708,"baseline"
2021-11-22,"0.1","valid","obs","po4",7,"baseline"
2021-11-22,"0.1","valid","obs","din",36,"baseline"
2021-11-22,"0.1","valid","mod","din",29.914397436348,"baseline"
2021-11-23,"0.1","valid","mod","wl",10.884087405018,"baseline"
2021-11-23,"0.1","valid","obs","wl",10.3019053318056,"baseline"
2021-11-24,"0.1","valid","mod","wl",10.8732050574266,"baseline"
2021-11-24,"0.1","valid","obs","wl",10.2883711030556,"baseline"
2021-11-25,"0.1","valid","mod","wl",10.8641393358451,"baseline"
2021-11-25,"0.1","valid","obs","wl",10.2765459456944,"baseline"
2021-11-26,"0.1","valid","mod","wl",10.8562104565141,"baseline"
2021-11-26,"0.1","valid","obs","wl",10.2666983597917,"baseline"
2021-11-27,"0.1","valid","mod","wl",10.8458279150815,"baseline"
2021-11-27,"0.1","valid","obs","wl",10.2529499538889,"baseline"
2021-11-28,"0.1","valid","mod","wl",10.8364196447134,"baseline"
2021-11-28,"0.1","valid","obs","wl",10.2406632690278,"baseline"
2021-11-29,"0.1","valid","mod","wl",10.8261380694456,"baseline"
2021-11-29,"0.1","valid","obs","wl",10.2276169325,"baseline"
2021-11-30,"0.1","valid","mod","wl",10.8154197626269,"baseline"
2021-11-30,"0.1","valid","obs","wl",10.2140988557639,"baseline"
2021-12-01,"0.1","valid","mod","wl",10.8070890433757,"baseline"
2021-12-01,"0.1","valid","obs","wl",10.2029656999306,"baseline"
2021-12-02,"0.1","valid","mod","wl",10.7993008441156,"baseline"
2021-12-02,"0.1","valid","obs","wl",10.1926214577083,"baseline"
2021-12-03,"0.1","valid","mod","wl",10.7902167683485,"baseline"
2021-12-03,"0.1","valid","obs","wl",10.1797440002639,"baseline"
2021-12-04,"0.1","valid","mod","wl",10.7827150911508,"baseline"
2021-12-04,"0.1","valid","obs","wl",10.169325618125,"baseline"
2021-12-05,"0.1","valid","mod","wl",10.7741525879839,"baseline"
2021-12-05,"0.1","valid","obs","wl",10.1569804528333,"baseline"
2021-12-06,"0.1","valid","mod","wl",10.7610095887845,"baseline"
2021-12-06,"0.1","valid","obs","wl",10.1382683042128,"baseline"
2021-12-06,"0.1","valid","mod","temp",10.6918121820559,"baseline"
2021-12-06,"0.1","valid","obs","temp",7,"baseline"
2021-12-06,"0.1","valid","mod","oxy",11.2829338101691,"baseline"
2021-12-06,"0.1","valid","obs","oxy",12.09,"baseline"
2021-12-06,"0.1","valid","mod","nh4",36.9124709628161,"baseline"
2021-12-06,"0.1","valid","obs","nh4",11,"baseline"
2021-12-06,"0.1","valid","mod","no3",3.25988441254036,"baseline"
2021-12-06,"0.1","valid","obs","no3",3,"baseline"
2021-12-06,"0.1","valid","mod","po4",2.89638768361413,"baseline"
2021-12-06,"0.1","valid","obs","po4",8,"baseline"
2021-12-06,"0.1","valid","obs","din",14,"baseline"
2021-12-06,"0.1","valid","mod","din",40.1723553753565,"baseline"
2021-12-07,"0.1","valid","mod","wl",10.7481017123085,"baseline"
2021-12-07,"0.1","valid","obs","wl",10.1192201878472,"baseline"
2021-12-08,"0.1","valid","mod","wl",10.7381076597625,"baseline"
2021-12-08,"0.1","valid","obs","wl",10.1069351326736,"baseline"
2021-12-09,"0.1","valid","mod","wl",10.7292883480535,"baseline"
2021-12-09,"0.1","valid","obs","wl",10.0948563886944,"baseline"
2021-12-10,"0.1","valid","mod","wl",10.7219551292659,"baseline"
2021-12-10,"0.1","valid","obs","wl",10.0860742852361,"baseline"
2021-12-11,"0.1","valid","mod","wl",10.7243388854461,"baseline"
2021-12-11,"0.1","valid","obs","wl",10.0836138554792,"baseline"
2021-12-12,"0.1","valid","mod","wl",10.7187197803194,"baseline"
2021-12-12,"0.1","valid","obs","wl",10.0753939145347,"baseline"
2021-12-13,"0.1","valid","mod","wl",10.7083295266011,"baseline"
2021-12-13,"0.1","valid","obs","wl",10.0631271263472,"baseline"
2021-12-14,"0.1","valid","mod","wl",10.698062282655,"baseline"
2021-12-14,"0.1","valid","obs","wl",10.0501633534097,"baseline"
2021-12-15,"0.1","valid","mod","wl",10.6884694737957,"baseline"
2021-12-15,"0.1","valid","obs","wl",10.0377770548056,"baseline"
2021-12-16,"0.1","valid","mod","wl",10.6795958918408,"baseline"
2021-12-16,"0.1","valid","obs","wl",10.0258509437361,"baseline"
2021-12-17,"0.1","valid","mod","wl",10.6727359343569,"baseline"
2021-12-17,"0.1","valid","obs","wl",10.0162867568681,"baseline"
2021-12-18,"0.1","valid","mod","wl",10.6671366240498,"baseline"
2021-12-18,"0.1","valid","obs","wl",10.0080730956528,"baseline"
2021-12-19,"0.1","valid","mod","wl",10.663242117764,"baseline"
2021-12-19,"0.1","valid","obs","wl",9.99945682195139,"baseline"
2021-12-20,"0.1","valid","mod","wl",10.6564553438352,"baseline"
2021-12-20,"0.1","valid","obs","wl",9.99088367340278,"baseline"
2021-12-21,"0.1","valid","mod","wl",10.6472339456915,"baseline"
2021-12-21,"0.1","valid","obs","wl",9.97779966574305,"baseline"
2021-12-22,"0.1","valid","mod","wl",10.627982375231,"baseline"
2021-12-22,"0.1","valid","obs","wl",9.94634322756944,"baseline"
2021-12-23,"0.1","valid","mod","wl",10.6211692784833,"baseline"
2021-12-23,"0.1","valid","obs","wl",9.93833709438194,"baseline"
2021-12-24,"0.1","valid","mod","wl",10.6195308215196,"baseline"
2021-12-24,"0.1","valid","obs","wl",9.93937579925,"baseline"
2021-12-25,"0.1","valid","mod","wl",10.6146198531441,"baseline"
2021-12-25,"0.1","valid","obs","wl",9.93208790918056,"baseline"
2021-12-26,"0.1","valid","mod","wl",10.6073325552102,"baseline"
2021-12-26,"0.1","valid","obs","wl",9.91996418582639,"baseline"
2021-12-27,"0.1","valid","mod","wl",10.599534981601,"baseline"
2021-12-27,"0.1","valid","obs","wl",9.90683795839583,"baseline"
2021-12-28,"0.1","valid","mod","wl",10.5923499144025,"baseline"
2021-12-28,"0.1","valid","obs","wl",9.8953158939375,"baseline"
2021-12-29,"0.1","valid","mod","wl",10.587937181344,"baseline"
2021-12-29,"0.1","valid","obs","wl",9.88813607025694,"baseline"
2021-12-30,"0.1","valid","mod","wl",10.5875476234456,"baseline"
2021-12-30,"0.1","valid","obs","wl",9.88347181047222,"baseline"
2021-12-31,"0.1","valid","mod","wl",10.5849184813471,"baseline"
2021-12-31,"0.1","valid","obs","wl",9.87443876411111,"baseline"
2022-01-01,"0.1","valid","mod","wl",10.5820460132075,"baseline"
2022-01-01,"0.1","valid","obs","wl",9.86994444813889,"baseline"
2022-01-02,"0.1","valid","mod","wl",10.5985771077156,"baseline"
2022-01-02,"0.1","valid","obs","wl",9.89425785735417,"baseline"
2022-01-03,"0.1","valid","mod","wl",10.6329892301547,"baseline"
2022-01-03,"0.1","valid","obs","wl",9.9280020798125,"baseline"
2022-01-04,"0.1","valid","mod","wl",10.6450662675988,"baseline"
2022-01-04,"0.1","valid","obs","wl",9.93464423699305,"baseline"
2022-01-05,"0.1","valid","mod","wl",10.6375777986961,"baseline"
2022-01-05,"0.1","valid","obs","wl",9.92850676868055,"baseline"
2022-01-06,"0.1","valid","mod","wl",10.6343756560634,"baseline"
2022-01-06,"0.1","valid","obs","wl",9.924104062875,"baseline"
2022-01-07,"0.1","valid","mod","wl",10.5843549063216,"baseline"
2022-01-07,"0.1","valid","obs","wl",9.92171834523611,"baseline"
2022-01-08,"0.1","valid","mod","wl",10.5747956167012,"baseline"
2022-01-08,"0.1","valid","obs","wl",9.90966618327083,"baseline"
2022-01-09,"0.1","valid","mod","wl",10.5692000218433,"baseline"
2022-01-09,"0.1","valid","obs","wl",9.90433598971528,"baseline"
2022-01-10,"0.1","valid","mod","wl",10.5731923899185,"baseline"
2022-01-10,"0.1","valid","obs","wl",9.90681987972917,"baseline"
2022-01-11,"0.1","valid","mod","wl",10.5662002074516,"baseline"
2022-01-11,"0.1","valid","obs","wl",9.89878029086806,"baseline"
2022-01-12,"0.1","valid","mod","wl",10.5607936473507,"baseline"
2022-01-12,"0.1","valid","obs","wl",9.89301643384722,"baseline"
2022-01-13,"0.1","valid","mod","wl",10.5570059649678,"baseline"
2022-01-13,"0.1","valid","obs","wl",9.88856816197917,"baseline"
2022-01-14,"0.1","valid","mod","wl",10.5540715903881,"baseline"
2022-01-14,"0.1","valid","obs","wl",9.88537001977083,"baseline"
2022-01-15,"0.1","valid","mod","wl",10.5404460518717,"baseline"
2022-01-15,"0.1","valid","obs","wl",9.87542182058333,"baseline"
2022-01-16,"0.1","valid","mod","wl",10.5364922176245,"baseline"
2022-01-16,"0.1","valid","obs","wl",9.87840049096528,"baseline"
2022-01-17,"0.1","valid","mod","wl",10.5479307801067,"baseline"
2022-01-17,"0.1","valid","obs","wl",9.904473759875,"baseline"
2022-01-18,"0.1","valid","mod","wl",10.5458454175117,"baseline"
2022-01-18,"0.1","valid","obs","wl",9.89843964996528,"baseline"
2022-01-19,"0.1","valid","mod","wl",10.5450772953379,"baseline"
2022-01-19,"0.1","valid","obs","wl",9.89047669263194,"baseline"
2022-01-20,"0.1","valid","mod","wl",10.5324108089271,"baseline"
2022-01-20,"0.1","valid","obs","wl",9.88950694889583,"baseline"
2022-01-21,"0.1","valid","mod","wl",10.5167456725168,"baseline"
2022-01-21,"0.1","valid","obs","wl",9.88364908425694,"baseline"
2022-01-22,"0.1","valid","mod","wl",10.4917638261055,"baseline"
2022-01-22,"0.1","valid","obs","wl",9.87572934623611,"baseline"
2022-01-23,"0.1","valid","mod","wl",10.4629979776338,"baseline"
2022-01-23,"0.1","valid","obs","wl",9.86847126134028,"baseline"
2022-01-24,"0.1","valid","mod","wl",10.4454550032928,"baseline"
2022-01-24,"0.1","valid","obs","wl",9.86401070525,"baseline"
2022-01-25,"0.1","valid","mod","wl",10.4329412732308,"baseline"
2022-01-25,"0.1","valid","obs","wl",9.85845097202083,"baseline"
2022-01-26,"0.1","valid","mod","wl",10.4288817257206,"baseline"
2022-01-26,"0.1","valid","obs","wl",9.85236570440972,"baseline"
2022-01-26,"0.1","valid","mod","temp",-1.5148458515984,"baseline"
2022-01-26,"0.1","valid","obs","temp",2.8,"baseline"
2022-01-26,"0.1","valid","mod","oxy",13.4036704298741,"baseline"
2022-01-26,"0.1","valid","obs","oxy",12.45,"baseline"
2022-01-26,"0.1","valid","mod","nh4",43.0490450999843,"baseline"
2022-01-26,"0.1","valid","obs","nh4",9.99999999999999,"baseline"
2022-01-26,"0.1","valid","mod","no3",4.94507708878316,"baseline"
2022-01-26,"0.1","valid","obs","no3",2,"baseline"
2022-01-26,"0.1","valid","mod","po4",6.63848563907255,"baseline"
2022-01-26,"0.1","valid","obs","po4",3,"baseline"
2022-01-26,"0.1","valid","obs","din",12,"baseline"
2022-01-26,"0.1","valid","mod","din",47.9941221887674,"baseline"
2022-01-27,"0.1","valid","mod","wl",10.4150458208029,"baseline"
2022-01-27,"0.1","valid","obs","wl",9.84266118334028,"baseline"
2022-01-28,"0.1","valid","mod","wl",10.4122546377535,"baseline"
2022-01-28,"0.1","valid","obs","wl",9.8380530153986,"baseline"
2022-01-29,"0.1","valid","mod","wl",10.4352034974883,"baseline"
2022-01-29,"0.1","valid","obs","wl",9.84311669186111,"baseline"
2022-01-30,"0.1","valid","mod","wl",10.4359149989274,"baseline"
2022-01-30,"0.1","valid","obs","wl",9.83348404363194,"baseline"
2022-01-31,"0.1","valid","mod","wl",10.4363329043314,"baseline"
2022-01-31,"0.1","valid","obs","wl",9.82420588502778,"baseline"
2022-02-01,"0.1","valid","mod","wl",10.4417805462441,"baseline"
2022-02-01,"0.1","valid","obs","wl",9.81411045625,"baseline"
2022-02-02,"0.1","valid","mod","wl",10.4530448168594,"baseline"
2022-02-02,"0.1","valid","obs","wl",9.80591821275,"baseline"
2022-02-03,"0.1","valid","mod","wl",10.4816481596106,"baseline"
2022-02-03,"0.1","valid","obs","wl",9.82995673352083,"baseline"
2022-02-04,"0.1","valid","mod","wl",10.6055081204006,"baseline"
2022-02-04,"0.1","valid","obs","wl",9.922987270625,"baseline"
2022-02-05,"0.1","valid","mod","wl",10.6550524499198,"baseline"
2022-02-05,"0.1","valid","obs","wl",9.99978241178472,"baseline"
2022-02-06,"0.1","valid","mod","wl",10.6663023376986,"baseline"
2022-02-06,"0.1","valid","obs","wl",10.0228989495278,"baseline"
2022-02-07,"0.1","valid","mod","wl",10.6728546001233,"baseline"
2022-02-07,"0.1","valid","obs","wl",10.0367048363194,"baseline"
2022-02-08,"0.1","valid","mod","wl",10.6796894743878,"baseline"
2022-02-08,"0.1","valid","obs","wl",10.0471734128333,"baseline"
2022-02-09,"0.1","valid","mod","wl",10.6792018520044,"baseline"
2022-02-09,"0.1","valid","obs","wl",10.0489843867708,"baseline"
2022-02-10,"0.1","valid","mod","wl",10.6785912874702,"baseline"
2022-02-10,"0.1","valid","obs","wl",10.049995205875,"baseline"
2022-02-11,"0.1","valid","mod","wl",10.676841790324,"baseline"
2022-02-11,"0.1","valid","obs","wl",10.0488343830903,"baseline"
2022-02-12,"0.1","valid","mod","wl",10.6750952807005,"baseline"
2022-02-12,"0.1","valid","obs","wl",10.0480752094653,"baseline"
2022-02-13,"0.1","valid","mod","wl",10.6761366874093,"baseline"
2022-02-13,"0.1","valid","obs","wl",10.0508551521319,"baseline"
2022-02-14,"0.1","valid","mod","wl",10.6750720214359,"baseline"
2022-02-14,"0.1","valid","obs","wl",10.0485664334931,"baseline"
2022-02-15,"0.1","valid","mod","wl",10.6690157166777,"baseline"
2022-02-15,"0.1","valid","obs","wl",10.0415473984028,"baseline"
2022-02-16,"0.1","valid","mod","wl",10.6640910161034,"baseline"
2022-02-16,"0.1","valid","obs","wl",10.0357597696736,"baseline"
2022-02-17,"0.1","valid","mod","wl",10.6622891153684,"baseline"
2022-02-17,"0.1","valid","obs","wl",10.0342361856944,"baseline"
2022-02-18,"0.1","valid","mod","wl",10.6221673899219,"baseline"
2022-02-18,"0.1","valid","obs","wl",9.97078110869444,"baseline"
2022-02-19,"0.1","valid","mod","wl",10.6520315275757,"baseline"
2022-02-19,"0.1","valid","obs","wl",10.0082792837153,"baseline"
2022-02-20,"0.1","valid","mod","wl",10.6669105498257,"baseline"
2022-02-20,"0.1","valid","obs","wl",10.0352145052083,"baseline"
2022-02-21,"0.1","valid","mod","wl",10.660923176222,"baseline"
2022-02-21,"0.1","valid","obs","wl",10.0297027427361,"baseline"
2022-02-22,"0.1","valid","mod","wl",10.6614461700517,"baseline"
2022-02-22,"0.1","valid","obs","wl",10.0324472596181,"baseline"
2022-02-23,"0.1","valid","mod","wl",10.6715296273731,"baseline"
2022-02-23,"0.1","valid","obs","wl",10.0403749722431,"baseline"
2022-02-24,"0.1","valid","mod","wl",10.6845218652986,"baseline"
2022-02-24,"0.1","valid","obs","wl",10.057580944875,"baseline"
2022-02-24,"0.1","valid","mod","temp",7.15159495205198,"baseline"
2022-02-24,"0.1","valid","obs","temp",5.1364,"baseline"
2022-02-24,"0.1","valid","mod","oxy",12.3038046077372,"baseline"
2022-02-24,"0.1","valid","obs","oxy",10.2955,"baseline"
2022-02-24,"0.1","valid","mod","nh4",32.139337029964,"baseline"
2022-02-24,"0.1","valid","obs","nh4",44,"baseline"
2022-02-24,"0.1","valid","mod","no3",2.77004365698426,"baseline"
2022-02-24,"0.1","valid","obs","no3",16,"baseline"
2022-02-24,"0.1","valid","mod","po4",3.46583632583104,"baseline"
2022-02-24,"0.1","valid","obs","po4",2,"baseline"
2022-02-24,"0.1","valid","mod","chla",2.02592738741474,"baseline"
2022-02-24,"0.1","valid","obs","chla",6.5733,"baseline"
2022-02-24,"0.1","valid","obs","din",59.9999999999999,"baseline"
2022-02-24,"0.1","valid","mod","din",34.9093806869483,"baseline"
2022-02-25,"0.1","valid","mod","wl",10.7202614401734,"baseline"
2022-02-25,"0.1","valid","obs","wl",10.0888952525694,"baseline"
2022-02-26,"0.1","valid","mod","wl",10.7246000073069,"baseline"
2022-02-26,"0.1","valid","obs","wl",10.0983723344514,"baseline"
2022-02-27,"0.1","valid","mod","wl",10.7234489143584,"baseline"
2022-02-27,"0.1","valid","obs","wl",10.1024286121528,"baseline"
2022-02-28,"0.1","valid","mod","wl",10.7204894008382,"baseline"
2022-02-28,"0.1","valid","obs","wl",10.1021113156181,"baseline"
2022-03-01,"0.1","valid","mod","wl",10.7175138253277,"baseline"
2022-03-01,"0.1","valid","obs","wl",10.1014721883958,"baseline"
2022-03-02,"0.1","valid","mod","wl",10.7148650148475,"baseline"
2022-03-02,"0.1","valid","obs","wl",10.0996260566667,"baseline"
2022-03-03,"0.1","valid","mod","wl",10.7117096132394,"baseline"
2022-03-03,"0.1","valid","obs","wl",10.0975101790625,"baseline"
2022-03-04,"0.1","valid","mod","wl",10.7063491887059,"baseline"
2022-03-04,"0.1","valid","obs","wl",10.0917317562569,"baseline"
2022-03-05,"0.1","valid","mod","wl",10.7012909594151,"baseline"
2022-03-05,"0.1","valid","obs","wl",10.08713343725,"baseline"
2022-03-06,"0.1","valid","mod","wl",10.698748575586,"baseline"
2022-03-06,"0.1","valid","obs","wl",10.0851974626597,"baseline"
2022-03-07,"0.1","valid","mod","wl",10.6970348108607,"baseline"
2022-03-07,"0.1","valid","obs","wl",10.0840450635486,"baseline"
2022-03-08,"0.1","valid","mod","wl",10.696209750433,"baseline"
2022-03-08,"0.1","valid","obs","wl",10.0822526318333,"baseline"
2022-03-09,"0.1","valid","mod","wl",10.7105624364981,"baseline"
2022-03-09,"0.1","valid","obs","wl",10.1071032222639,"baseline"
2022-03-10,"0.1","valid","mod","wl",10.7263927521638,"baseline"
2022-03-10,"0.1","valid","obs","wl",10.1097137788333,"baseline"
2022-03-11,"0.1","valid","mod","wl",10.7214814035638,"baseline"
2022-03-11,"0.1","valid","obs","wl",10.1074753052708,"baseline"
2022-03-12,"0.1","valid","mod","wl",10.7262922163396,"baseline"
2022-03-12,"0.1","valid","obs","wl",10.1183664561319,"baseline"
2022-03-13,"0.1","valid","mod","wl",10.7337399590121,"baseline"
2022-03-13,"0.1","valid","obs","wl",10.1217510345903,"baseline"
2022-03-14,"0.1","valid","mod","wl",10.7306398750859,"baseline"
2022-03-14,"0.1","valid","obs","wl",10.121528578625,"baseline"
2022-03-15,"0.1","valid","mod","wl",10.7272932127231,"baseline"
2022-03-15,"0.1","valid","obs","wl",10.1196545611319,"baseline"
2022-03-16,"0.1","valid","mod","wl",10.7266002688063,"baseline"
2022-03-16,"0.1","valid","obs","wl",10.1208435159444,"baseline"
2022-03-17,"0.1","valid","mod","wl",10.7326659133339,"baseline"
2022-03-17,"0.1","valid","obs","wl",10.1293549174444,"baseline"
2022-03-18,"0.1","valid","mod","wl",10.734302440945,"baseline"
2022-03-18,"0.1","valid","obs","wl",10.1278946377708,"baseline"
2022-03-19,"0.1","valid","mod","wl",10.7320939905582,"baseline"
2022-03-19,"0.1","valid","obs","wl",10.1259276194444,"baseline"
2022-03-20,"0.1","valid","mod","wl",10.727633247118,"baseline"
2022-03-20,"0.1","valid","obs","wl",10.1202706337083,"baseline"
2022-03-21,"0.1","valid","mod","wl",10.7217322725727,"baseline"
2022-03-21,"0.1","valid","obs","wl",10.1138144926806,"baseline"
2022-03-22,"0.1","valid","mod","wl",10.7000668102601,"baseline"
2022-03-22,"0.1","valid","obs","wl",10.0838335996444,"baseline"
2022-03-22,"0.1","valid","mod","temp",10.0302526432742,"baseline"
2022-03-22,"0.1","valid","obs","temp",12.1508,"baseline"
2022-03-22,"0.1","valid","mod","oxy",11.4621464175335,"baseline"
2022-03-22,"0.1","valid","obs","oxy",7.4516,"baseline"
2022-03-22,"0.1","valid","mod","nh4",28.5853444824524,"baseline"
2022-03-22,"0.1","valid","obs","nh4",19,"baseline"
2022-03-22,"0.1","valid","mod","no3",5.6115961224331,"baseline"
2022-03-22,"0.1","valid","obs","no3",4,"baseline"
2022-03-22,"0.1","valid","mod","po4",4.06449672478255,"baseline"
2022-03-22,"0.1","valid","obs","po4",5,"baseline"
2022-03-22,"0.1","valid","mod","chla",0.177738769820736,"baseline"
2022-03-22,"0.1","valid","obs","chla",1.398,"baseline"
2022-03-22,"0.1","valid","obs","din",23,"baseline"
2022-03-22,"0.1","valid","mod","din",34.1969406048855,"baseline"
2022-03-23,"0.1","valid","mod","wl",10.6920247117133,"baseline"
2022-03-23,"0.1","valid","obs","wl",10.0736008381875,"baseline"
2022-03-24,"0.1","valid","mod","wl",10.7303055138184,"baseline"
2022-03-24,"0.1","valid","obs","wl",10.1126156003958,"baseline"
2022-03-25,"0.1","valid","mod","wl",10.7558643103571,"baseline"
2022-03-25,"0.1","valid","obs","wl",10.1347959804514,"baseline"
2022-03-26,"0.1","valid","mod","wl",10.7571522776575,"baseline"
2022-03-26,"0.1","valid","obs","wl",10.1426863333958,"baseline"
2022-03-27,"0.1","valid","mod","wl",10.7536129173453,"baseline"
2022-03-27,"0.1","valid","obs","wl",10.1434668595486,"baseline"
2022-03-28,"0.1","valid","mod","wl",10.7487409370506,"baseline"
2022-03-28,"0.1","valid","obs","wl",10.1414299167639,"baseline"
2022-03-29,"0.1","valid","mod","wl",10.743347133707,"baseline"
2022-03-29,"0.1","valid","obs","wl",10.1377219141458,"baseline"
2022-03-30,"0.1","valid","mod","wl",10.7398257597311,"baseline"
2022-03-30,"0.1","valid","obs","wl",10.1353253029514,"baseline"
2022-03-31,"0.1","valid","mod","wl",10.742384069575,"baseline"
2022-03-31,"0.1","valid","obs","wl",10.1408303728403,"baseline"
2022-04-01,"0.1","valid","mod","wl",10.747335028407,"baseline"
2022-04-01,"0.1","valid","obs","wl",10.1430035140417,"baseline"
2022-04-02,"0.1","valid","mod","wl",10.7412946129143,"baseline"
2022-04-02,"0.1","valid","obs","wl",10.1364540824583,"baseline"
2022-04-03,"0.1","valid","mod","wl",10.7355589769329,"baseline"
2022-04-03,"0.1","valid","obs","wl",10.1307123457292,"baseline"
2022-04-04,"0.1","valid","mod","wl",10.7292017768848,"baseline"
2022-04-04,"0.1","valid","obs","wl",10.1241166165347,"baseline"
2022-04-05,"0.1","valid","mod","wl",10.7283092623895,"baseline"
2022-04-05,"0.1","valid","obs","wl",10.1253934223681,"baseline"
2022-04-06,"0.1","valid","mod","wl",10.7553079515883,"baseline"
2022-04-06,"0.1","valid","obs","wl",10.1600230938819,"baseline"
2022-04-07,"0.1","valid","mod","wl",10.7775852098564,"baseline"
2022-04-07,"0.1","valid","obs","wl",10.1773010262708,"baseline"
2022-04-08,"0.1","valid","mod","wl",10.7865892085941,"baseline"
2022-04-08,"0.1","valid","obs","wl",10.1848103655208,"baseline"
2022-04-09,"0.1","valid","mod","wl",10.7875449660644,"baseline"
2022-04-09,"0.1","valid","obs","wl",10.1905619745347,"baseline"
2022-04-10,"0.1","valid","mod","wl",10.7840308021975,"baseline"
2022-04-10,"0.1","valid","obs","wl",10.1888433567986,"baseline"
2022-04-11,"0.1","valid","mod","wl",10.7794891583654,"baseline"
2022-04-11,"0.1","valid","obs","wl",10.1864864810069,"baseline"
2022-04-12,"0.1","valid","mod","wl",10.7822548513186,"baseline"
2022-04-12,"0.1","valid","obs","wl",10.1943664068794,"baseline"
2022-04-12,"0.1","valid","mod","temp",11.9087837539815,"baseline"
2022-04-12,"0.1","valid","obs","temp",14.7876,"baseline"
2022-04-12,"0.1","valid","mod","oxy",10.7664847639208,"baseline"
2022-04-12,"0.1","valid","obs","oxy",8.9514,"baseline"
2022-04-12,"0.1","valid","mod","nh4",32.6327664593676,"baseline"
2022-04-12,"0.1","valid","obs","nh4",9.99999999999999,"baseline"
2022-04-12,"0.1","valid","mod","no3",4.31938443044456,"baseline"
2022-04-12,"0.1","valid","obs","no3",0.999999999999999,"baseline"
2022-04-12,"0.1","valid","mod","po4",3.56537820550719,"baseline"
2022-04-12,"0.1","valid","obs","po4",3,"baseline"
2022-04-12,"0.1","valid","mod","chla",0.160388108467976,"baseline"
2022-04-12,"0.1","valid","obs","chla",6.527,"baseline"
2022-04-12,"0.1","valid","obs","din",11,"baseline"
2022-04-12,"0.1","valid","mod","din",36.9521508898122,"baseline"
2022-04-13,"0.1","valid","mod","wl",10.7908615570137,"baseline"
2022-04-13,"0.1","valid","obs","wl",10.2090229948611,"baseline"
2022-04-14,"0.1","valid","mod","wl",10.7891128964639,"baseline"
2022-04-14,"0.1","valid","obs","wl",10.2078344094444,"baseline"
2022-04-15,"0.1","valid","mod","wl",10.7818112384357,"baseline"
2022-04-15,"0.1","valid","obs","wl",10.19849246125,"baseline"
2022-04-16,"0.1","valid","mod","wl",10.7753876794551,"baseline"
2022-04-16,"0.1","valid","obs","wl",10.1932300192361,"baseline"
2022-04-17,"0.1","valid","mod","wl",10.7701920520602,"baseline"
2022-04-17,"0.1","valid","obs","wl",10.1873857135972,"baseline"
2022-04-18,"0.1","valid","mod","wl",10.7814046481194,"baseline"
2022-04-18,"0.1","valid","obs","wl",10.2075288104444,"baseline"
2022-04-19,"0.1","valid","mod","wl",10.8127087609809,"baseline"
2022-04-19,"0.1","valid","obs","wl",10.2294517433333,"baseline"
2022-04-20,"0.1","valid","mod","wl",10.8049483416889,"baseline"
2022-04-20,"0.1","valid","obs","wl",10.2250867159028,"baseline"
2022-04-21,"0.1","valid","mod","wl",10.8004593863542,"baseline"
2022-04-21,"0.1","valid","obs","wl",10.2232485008333,"baseline"
2022-04-22,"0.1","valid","mod","wl",10.7976941237426,"baseline"
2022-04-22,"0.1","valid","obs","wl",10.2224606736806,"baseline"
2022-04-23,"0.1","valid","mod","wl",10.7945303179851,"baseline"
2022-04-23,"0.1","valid","obs","wl",10.2197157729167,"baseline"
2022-04-24,"0.1","valid","mod","wl",10.7914486589361,"baseline"
2022-04-24,"0.1","valid","obs","wl",10.2168102211806,"baseline"
2022-04-25,"0.1","valid","mod","wl",10.786069070065,"baseline"
2022-04-25,"0.1","valid","obs","wl",10.2107408303472,"baseline"
2022-04-26,"0.1","valid","mod","wl",10.7834973710285,"baseline"
2022-04-26,"0.1","valid","obs","wl",10.2091170097222,"baseline"
2022-04-27,"0.1","valid","mod","wl",10.7775603122048,"baseline"
2022-04-27,"0.1","valid","obs","wl",10.2010183320139,"baseline"
2022-04-28,"0.1","valid","mod","wl",10.7656802090141,"baseline"
2022-04-28,"0.1","valid","obs","wl",10.1894176876458,"baseline"
2022-04-29,"0.1","valid","mod","wl",10.7556770282328,"baseline"
2022-04-29,"0.1","valid","obs","wl",10.1791192287778,"baseline"
2022-04-30,"0.1","valid","mod","wl",10.754189733854,"baseline"
2022-04-30,"0.1","valid","obs","wl",10.1799731343264,"baseline"
2022-05-01,"0.1","valid","mod","wl",10.759250002599,"baseline"
2022-05-01,"0.1","valid","obs","wl",10.1826148143056,"baseline"
2022-05-02,"0.1","valid","mod","wl",10.7577611197657,"baseline"
2022-05-02,"0.1","valid","obs","wl",10.1813299572766,"baseline"
2022-05-02,"0.1","valid","mod","temp",16.0668517219887,"baseline"
2022-05-02,"0.1","valid","obs","temp",16.083,"baseline"
2022-05-02,"0.1","valid","mod","oxy",10.4205892713547,"baseline"
2022-05-02,"0.1","valid","obs","oxy",7.7829,"baseline"
2022-05-02,"0.1","valid","mod","nh4",43.547582209047,"baseline"
2022-05-02,"0.1","valid","obs","nh4",8,"baseline"
2022-05-02,"0.1","valid","mod","no3",4.23922581784898,"baseline"
2022-05-02,"0.1","valid","obs","no3",0.999999999999999,"baseline"
2022-05-02,"0.1","valid","mod","po4",5.10296514368764,"baseline"
2022-05-02,"0.1","valid","obs","po4",2,"baseline"
2022-05-02,"0.1","valid","mod","chla",0.317421955960044,"baseline"
2022-05-02,"0.1","valid","obs","chla",1.3102,"baseline"
2022-05-02,"0.1","valid","obs","din",9,"baseline"
2022-05-02,"0.1","valid","mod","din",47.786808026896,"baseline"
2022-05-03,"0.1","valid","mod","wl",10.753884903005,"baseline"
2022-05-03,"0.1","valid","obs","wl",10.1774180668056,"baseline"
2015-07-30,"9","calib","mod","temp",8.9816438236144,"baseline"
2015-07-30,"9","calib","obs","temp",10.1,"baseline"
2015-07-30,"9","calib","mod","oxy",0,"baseline"
2015-07-30,"9","calib","obs","oxy",1.26,"baseline"
2015-07-30,"9","calib","mod","nh4",1824.36108368311,"baseline"
2015-07-30,"9","calib","obs","nh4",263.000000000001,"baseline"
2015-07-30,"9","calib","mod","no3",0.0693272586445734,"baseline"
2015-07-30,"9","calib","obs","no3",3,"baseline"
2015-07-30,"9","calib","mod","po4",19.3873520697963,"baseline"
2015-07-30,"9","calib","obs","po4",8,"baseline"
2015-07-30,"9","calib","mod","chla",1.75916085381353,"baseline"
2015-07-30,"9","calib","obs","chla",2.1345,"baseline"
2015-07-30,"9","calib","obs","din",266.000000000001,"baseline"
2015-07-30,"9","calib","mod","din",1824.43041094176,"baseline"
2015-08-13,"9","calib","mod","temp",9.27673688631993,"baseline"
2015-08-13,"9","calib","obs","temp",9.5,"baseline"
2015-08-13,"9","calib","mod","oxy",0,"baseline"
2015-08-13,"9","calib","obs","oxy",0.68,"baseline"
2015-08-13,"9","calib","mod","nh4",2319.43232688476,"baseline"
2015-08-13,"9","calib","obs","nh4",187,"baseline"
2015-08-13,"9","calib","mod","no3",0.474137862265273,"baseline"
2015-08-13,"9","calib","obs","no3",2,"baseline"
2015-08-13,"9","calib","mod","po4",24.9021796250298,"baseline"
2015-08-13,"9","calib","obs","po4",11,"baseline"
2015-08-13,"9","calib","obs","din",189,"baseline"
2015-08-13,"9","calib","mod","din",2319.90646474703,"baseline"
2016-04-05,"9","calib","mod","temp",7.89030049933068,"baseline"
2016-04-05,"9","calib","obs","temp",6.6,"baseline"
2016-04-05,"9","calib","mod","oxy",9.43904984969811,"baseline"
2016-04-05,"9","calib","obs","oxy",7.925,"baseline"
2017-03-17,"9","calib","mod","temp",7.06359703766521,"baseline"
2017-03-17,"9","calib","obs","temp",5.4,"baseline"
2017-03-17,"9","calib","mod","oxy",11.6164924890715,"baseline"
2017-03-17,"9","calib","obs","oxy",11.59,"baseline"
2017-03-17,"9","calib","mod","nh4",28.4442884287469,"baseline"
2017-03-17,"9","calib","obs","nh4",5.99999999999999,"baseline"
2017-03-17,"9","calib","mod","no3",4.18772006136874,"baseline"
2017-03-17,"9","calib","obs","no3",3,"baseline"
2017-03-17,"9","calib","mod","po4",3.73588411964335,"baseline"
2017-03-17,"9","calib","obs","po4",6,"baseline"
2017-03-17,"9","calib","mod","chla",1.80116372740201,"baseline"
2017-03-17,"9","calib","obs","chla",4.1285,"baseline"
2017-03-17,"9","calib","obs","din",8.99999999999999,"baseline"
2017-03-17,"9","calib","mod","din",32.6320084901156,"baseline"
2017-04-10,"9","calib","mod","temp",6.3487481661073,"baseline"
2017-04-10,"9","calib","obs","temp",8.5,"baseline"
2017-04-10,"9","calib","mod","oxy",9.50411041774283,"baseline"
2017-04-10,"9","calib","obs","oxy",8.22,"baseline"
2017-04-10,"9","calib","mod","nh4",21.4920053034588,"baseline"
2017-04-10,"9","calib","obs","nh4",9,"baseline"
2017-04-10,"9","calib","mod","no3",3.41037654556889,"baseline"
2017-04-10,"9","calib","obs","no3",4,"baseline"
2017-04-10,"9","calib","mod","po4",2.10319792421769,"baseline"
2017-04-10,"9","calib","obs","po4",12,"baseline"
2017-04-10,"9","calib","mod","chla",2.21299912376097,"baseline"
2017-04-10,"9","calib","obs","chla",2.8779,"baseline"
2017-04-10,"9","calib","obs","din",13,"baseline"
2017-04-10,"9","calib","mod","din",24.9023818490277,"baseline"
2017-05-05,"9","calib","mod","temp",7.8668326170804,"baseline"
2017-05-05,"9","calib","obs","temp",9,"baseline"
2017-05-05,"9","calib","mod","oxy",0.418777672498509,"baseline"
2017-05-05,"9","calib","obs","oxy",1.51,"baseline"
2017-05-05,"9","calib","mod","nh4",293.865673252237,"baseline"
2017-05-05,"9","calib","obs","nh4",18,"baseline"
2017-05-05,"9","calib","mod","no3",2.70130733824143,"baseline"
2017-05-05,"9","calib","obs","no3",5,"baseline"
2017-05-05,"9","calib","mod","po4",5.69606337585815,"baseline"
2017-05-05,"9","calib","obs","po4",5,"baseline"
2017-05-05,"9","calib","mod","chla",2.06668287751475,"baseline"
2017-05-05,"9","calib","obs","chla",0.5212,"baseline"
2017-05-05,"9","calib","obs","din",23,"baseline"
2017-05-05,"9","calib","mod","din",296.566980590478,"baseline"
2017-05-10,"9","calib","mod","temp",8.52507395471728,"baseline"
2017-05-10,"9","calib","obs","temp",9.3,"baseline"
2017-05-10,"9","calib","mod","oxy",3.02163971624057,"baseline"
2017-05-10,"9","calib","obs","oxy",0.75,"baseline"
2017-05-10,"9","calib","mod","nh4",220.039011536657,"baseline"
2017-05-10,"9","calib","obs","nh4",46,"baseline"
2017-05-10,"9","calib","mod","no3",2.89533208007711,"baseline"
2017-05-10,"9","calib","obs","no3",2,"baseline"
2017-05-10,"9","calib","mod","po4",6.376677315481,"baseline"
2017-05-10,"9","calib","obs","po4",5,"baseline"
2017-05-10,"9","calib","mod","chla",1.28165070914387,"baseline"
2017-05-10,"9","calib","obs","chla",0.6314,"baseline"
2017-05-10,"9","calib","obs","din",48,"baseline"
2017-05-10,"9","calib","mod","din",222.934343616735,"baseline"
2017-05-18,"9","calib","mod","temp",8.0929621383198,"baseline"
2017-05-18,"9","calib","obs","temp",9.1,"baseline"
2017-05-18,"9","calib","mod","oxy",0.757360558622062,"baseline"
2017-05-18,"9","calib","obs","oxy",0.47,"baseline"
2017-05-18,"9","calib","mod","nh4",336.149841274431,"baseline"
2017-05-18,"9","calib","obs","nh4",360.000000000001,"baseline"
2017-05-18,"9","calib","mod","no3",3.78979198280861,"baseline"
2017-05-18,"9","calib","obs","no3",3,"baseline"
2017-05-18,"9","calib","mod","po4",6.26685694352115,"baseline"
2017-05-18,"9","calib","obs","po4",5,"baseline"
2017-05-18,"9","calib","obs","din",363.000000000001,"baseline"
2017-05-18,"9","calib","mod","din",339.93963325724,"baseline"
2017-05-25,"9","calib","mod","temp",8.14008436176383,"baseline"
2017-05-25,"9","calib","obs","temp",9.7,"baseline"
2017-05-25,"9","calib","mod","oxy",0.550574082322523,"baseline"
2017-05-25,"9","calib","obs","oxy",0.55,"baseline"
2017-05-25,"9","calib","mod","nh4",491.36295338089,"baseline"
2017-05-25,"9","calib","obs","nh4",91.0000000000001,"baseline"
2017-05-25,"9","calib","mod","no3",2.50674265363574,"baseline"
2017-05-25,"9","calib","obs","no3",4,"baseline"
2017-05-25,"9","calib","mod","po4",6.45657448919597,"baseline"
2017-05-25,"9","calib","obs","po4",7,"baseline"
2017-05-25,"9","calib","obs","din",95.0000000000001,"baseline"
2017-05-25,"9","calib","mod","din",493.869696034525,"baseline"
2017-05-30,"9","calib","mod","temp",8.44119778435591,"baseline"
2017-05-30,"9","calib","obs","temp",9.6,"baseline"
2017-05-30,"9","calib","mod","oxy",1.81939694185737,"baseline"
2017-05-30,"9","calib","obs","oxy",0.49,"baseline"
2017-05-30,"9","calib","mod","nh4",367.216522801259,"baseline"
2017-05-30,"9","calib","obs","nh4",181,"baseline"
2017-05-30,"9","calib","mod","no3",4.25169481339411,"baseline"
2017-05-30,"9","calib","obs","no3",2,"baseline"
2017-05-30,"9","calib","mod","po4",5.61601697211919,"baseline"
2017-05-30,"9","calib","obs","po4",2,"baseline"
2017-05-30,"9","calib","obs","din",183,"baseline"
2017-05-30,"9","calib","mod","din",371.468217614653,"baseline"
2017-06-01,"9","calib","mod","temp",8.21741837723636,"baseline"
2017-06-01,"9","calib","obs","temp",9.6,"baseline"
2017-06-01,"9","calib","mod","oxy",0.986538433464476,"baseline"
2017-06-01,"9","calib","obs","oxy",0.54,"baseline"
2017-06-08,"9","calib","mod","temp",8.1364274263313,"baseline"
2017-06-08,"9","calib","obs","temp",9.7,"baseline"
2017-06-08,"9","calib","mod","oxy",0.0865890047014871,"baseline"
2017-06-08,"9","calib","obs","oxy",0.47,"baseline"
2017-06-08,"9","calib","mod","nh4",605.397508473935,"baseline"
2017-06-08,"9","calib","obs","nh4",432,"baseline"
2017-06-08,"9","calib","mod","no3",1.60636037330281,"baseline"
2017-06-08,"9","calib","obs","no3",2,"baseline"
2017-06-08,"9","calib","mod","po4",6.11232568691238,"baseline"
2017-06-08,"9","calib","obs","po4",2,"baseline"
2017-06-08,"9","calib","obs","din",434,"baseline"
2017-06-08,"9","calib","mod","din",607.003868847238,"baseline"
2017-06-22,"9","calib","mod","temp",8.39957612313168,"baseline"
2017-06-22,"9","calib","obs","temp",9.6,"baseline"
2017-06-22,"9","calib","mod","oxy",0.0678172029886097,"baseline"
2017-06-22,"9","calib","obs","oxy",0.38,"baseline"
2017-06-22,"9","calib","mod","nh4",869.192139066542,"baseline"
2017-06-22,"9","calib","obs","nh4",324,"baseline"
2017-06-22,"9","calib","mod","no3",2.11921346877447,"baseline"
2017-06-22,"9","calib","obs","no3",2,"baseline"
2017-06-22,"9","calib","mod","po4",7.05567296981739,"baseline"
2017-06-22,"9","calib","obs","po4",4,"baseline"
2017-06-22,"9","calib","obs","din",326,"baseline"
2017-06-22,"9","calib","mod","din",871.311352535317,"baseline"
2017-06-29,"9","calib","mod","temp",8.42383290631043,"baseline"
2017-06-29,"9","calib","obs","temp",9.8,"baseline"
2017-06-29,"9","calib","mod","oxy",2.38350462818225e-05,"baseline"
2017-06-29,"9","calib","obs","oxy",0.42,"baseline"
2017-06-29,"9","calib","mod","nh4",1088.62573160959,"baseline"
2017-06-29,"9","calib","obs","nh4",467.999999999999,"baseline"
2017-06-29,"9","calib","mod","no3",0.520362970176306,"baseline"
2017-06-29,"9","calib","obs","no3",4,"baseline"
2017-06-29,"9","calib","mod","po4",7.69756010803705,"baseline"
2017-06-29,"9","calib","obs","po4",13,"baseline"
2017-06-29,"9","calib","obs","din",471.999999999999,"baseline"
2017-06-29,"9","calib","mod","din",1089.14609457977,"baseline"
2017-07-07,"9","calib","mod","temp",8.53725215845108,"baseline"
2017-07-07,"9","calib","obs","temp",9.4,"baseline"
2017-07-07,"9","calib","mod","oxy",0.000205391873121154,"baseline"
2017-07-07,"9","calib","obs","oxy",0.38,"baseline"
2017-07-07,"9","calib","mod","nh4",1589.08556144863,"baseline"
2017-07-07,"9","calib","obs","nh4",592,"baseline"
2017-07-07,"9","calib","mod","no3",0.141555959454709,"baseline"
2017-07-07,"9","calib","obs","no3",5,"baseline"
2017-07-07,"9","calib","mod","po4",9.17363420967434,"baseline"
2017-07-07,"9","calib","obs","po4",7,"baseline"
2017-07-07,"9","calib","obs","din",597,"baseline"
2017-07-07,"9","calib","mod","din",1589.22711740809,"baseline"
2017-07-13,"9","calib","mod","temp",8.71996006901924,"baseline"
2017-07-13,"9","calib","obs","temp",9.5,"baseline"
2017-07-13,"9","calib","mod","oxy",7.6298972717422e-05,"baseline"
2017-07-13,"9","calib","obs","oxy",0.44,"baseline"
2017-07-20,"9","calib","mod","temp",8.81419293464881,"baseline"
2017-07-20,"9","calib","obs","temp",9.5,"baseline"
2017-07-20,"9","calib","mod","oxy",7.23556696525554e-05,"baseline"
2017-07-20,"9","calib","obs","oxy",0.43,"baseline"
2017-07-20,"9","calib","mod","nh4",1692.47675342553,"baseline"
2017-07-20,"9","calib","obs","nh4",1030,"baseline"
2017-07-20,"9","calib","mod","no3",0.456286584359714,"baseline"
2017-07-20,"9","calib","obs","no3",7.99999999999999,"baseline"
2017-07-20,"9","calib","mod","po4",11.0483895794869,"baseline"
2017-07-20,"9","calib","obs","po4",20,"baseline"
2017-07-20,"9","calib","obs","din",1038,"baseline"
2017-07-20,"9","calib","mod","din",1692.93304000989,"baseline"
2017-07-27,"9","calib","mod","temp",8.96072419914733,"baseline"
2017-07-27,"9","calib","obs","temp",9.5,"baseline"
2017-07-27,"9","calib","mod","oxy",0,"baseline"
2017-07-27,"9","calib","obs","oxy",0.42,"baseline"
2017-07-27,"9","calib","mod","nh4",1755.75699525924,"baseline"
2017-07-27,"9","calib","obs","nh4",886,"baseline"
2017-07-27,"9","calib","mod","no3",0.276074965235769,"baseline"
2017-07-27,"9","calib","obs","no3",5,"baseline"
2017-07-27,"9","calib","mod","po4",12.0971420876661,"baseline"
2017-07-27,"9","calib","obs","po4",14,"baseline"
2017-07-27,"9","calib","obs","din",891,"baseline"
2017-07-27,"9","calib","mod","din",1756.03307022447,"baseline"
2017-08-03,"9","calib","mod","temp",9.09144448565649,"baseline"
2017-08-03,"9","calib","obs","temp",9.5,"baseline"
2017-08-03,"9","calib","mod","oxy",0.000376719938411332,"baseline"
2017-08-03,"9","calib","obs","oxy",0.36,"baseline"
2017-08-03,"9","calib","mod","nh4",1853.06657573156,"baseline"
2017-08-03,"9","calib","obs","nh4",1060,"baseline"
2017-08-03,"9","calib","mod","no3",0.0724008161853685,"baseline"
2017-08-03,"9","calib","obs","no3",4,"baseline"
2017-08-03,"9","calib","mod","po4",13.3430767386491,"baseline"
2017-08-03,"9","calib","obs","po4",13,"baseline"
2017-08-03,"9","calib","obs","din",1064,"baseline"
2017-08-03,"9","calib","mod","din",1853.13897654775,"baseline"
2017-08-10,"9","calib","mod","temp",9.26105550955469,"baseline"
2017-08-10,"9","calib","obs","temp",9.5,"baseline"
2017-08-10,"9","calib","mod","oxy",0,"baseline"
2017-08-10,"9","calib","obs","oxy",0.4,"baseline"
2017-08-10,"9","calib","mod","nh4",1882.22219133758,"baseline"
2017-08-10,"9","calib","obs","nh4",961.000000000001,"baseline"
2017-08-10,"9","calib","mod","no3",0.762636769420389,"baseline"
2017-08-10,"9","calib","obs","no3",4,"baseline"
2017-08-10,"9","calib","mod","po4",15.2563104824131,"baseline"
2017-08-10,"9","calib","obs","po4",22,"baseline"
2017-08-10,"9","calib","obs","din",965.000000000001,"baseline"
2017-08-10,"9","calib","mod","din",1882.984828107,"baseline"
2017-08-17,"9","calib","mod","temp",9.37077131023495,"baseline"
2017-08-17,"9","calib","obs","temp",9.5,"baseline"
2017-08-17,"9","calib","mod","oxy",5.22006050307471e-06,"baseline"
2017-08-17,"9","calib","obs","oxy",0.44,"baseline"
2017-08-17,"9","calib","mod","nh4",2171.22962975098,"baseline"
2017-08-17,"9","calib","obs","nh4",126,"baseline"
2017-08-17,"9","calib","mod","no3",0.0412224715983826,"baseline"
2017-08-17,"9","calib","obs","no3",0,"baseline"
2017-08-17,"9","calib","mod","po4",16.7542911834731,"baseline"
2017-08-17,"9","calib","obs","po4",3,"baseline"
2017-08-17,"9","calib","obs","din",126,"baseline"
2017-08-17,"9","calib","mod","din",2171.27085222258,"baseline"
2017-08-24,"9","calib","mod","temp",9.50236569070148,"baseline"
2017-08-24,"9","calib","obs","temp",9.7,"baseline"
2017-08-24,"9","calib","mod","oxy",0,"baseline"
2017-08-24,"9","calib","obs","oxy",0.39,"baseline"
2017-08-24,"9","calib","mod","nh4",2507.677773862,"baseline"
2017-08-24,"9","calib","obs","nh4",1100,"baseline"
2017-08-24,"9","calib","mod","no3",0.0106573974250416,"baseline"
2017-08-24,"9","calib","obs","no3",0.999999999999999,"baseline"
2017-08-24,"9","calib","mod","po4",18.8058843014117,"baseline"
2017-08-24,"9","calib","obs","po4",14,"baseline"
2017-08-24,"9","calib","obs","din",1101,"baseline"
2017-08-24,"9","calib","mod","din",2507.68843125942,"baseline"
2017-09-05,"9","calib","mod","temp",9.78710526600278,"baseline"
2017-09-05,"9","calib","obs","temp",10,"baseline"
2017-09-05,"9","calib","mod","oxy",0,"baseline"
2017-09-05,"9","calib","obs","oxy",0.5,"baseline"
2017-09-05,"9","calib","mod","nh4",2356.67649274641,"baseline"
2017-09-05,"9","calib","obs","nh4",1160,"baseline"
2017-09-05,"9","calib","mod","no3",1.35749396842067,"baseline"
2017-09-05,"9","calib","obs","no3",3,"baseline"
2017-09-05,"9","calib","mod","po4",23.9942544353166,"baseline"
2017-09-05,"9","calib","obs","po4",20,"baseline"
2017-09-05,"9","calib","obs","din",1163,"baseline"
2017-09-05,"9","calib","mod","din",2358.03398671483,"baseline"
2017-09-19,"9","calib","mod","temp",9.93343883550004,"baseline"
2017-09-19,"9","calib","obs","temp",10,"baseline"
2017-09-19,"9","calib","mod","oxy",0,"baseline"
2017-09-19,"9","calib","obs","oxy",0.47,"baseline"
2017-09-19,"9","calib","mod","nh4",2116.61972699936,"baseline"
2017-09-19,"9","calib","obs","nh4",169,"baseline"
2017-09-19,"9","calib","mod","no3",0.232378132387252,"baseline"
2017-09-19,"9","calib","obs","no3",0,"baseline"
2017-09-19,"9","calib","mod","po4",28.1326784924865,"baseline"
2017-09-19,"9","calib","obs","po4",2,"baseline"
2017-09-19,"9","calib","obs","din",169,"baseline"
2017-09-19,"9","calib","mod","din",2116.85210513175,"baseline"
2017-10-03,"9","calib","mod","temp",10.0781221240196,"baseline"
2017-10-03,"9","calib","obs","temp",10.2,"baseline"
2017-10-03,"9","calib","mod","oxy",0,"baseline"
2017-10-03,"9","calib","obs","oxy",0.42,"baseline"
2017-10-03,"9","calib","mod","nh4",2751.55738539573,"baseline"
2017-10-03,"9","calib","obs","nh4",169,"baseline"
2017-10-03,"9","calib","mod","no3",0.00885900972733848,"baseline"
2017-10-03,"9","calib","obs","no3",0,"baseline"
2017-10-03,"9","calib","mod","po4",31.7008163806073,"baseline"
2017-10-03,"9","calib","obs","po4",3,"baseline"
2017-10-03,"9","calib","obs","din",169,"baseline"
2017-10-03,"9","calib","mod","din",2751.56624440546,"baseline"
2017-10-17,"9","calib","mod","temp",10.2863745963566,"baseline"
2017-10-17,"9","calib","obs","temp",9.1,"baseline"
2017-10-17,"9","calib","mod","oxy",0,"baseline"
2017-10-17,"9","calib","obs","oxy",0.3,"baseline"
2017-10-17,"9","calib","mod","nh4",2364.583243429,"baseline"
2017-10-17,"9","calib","obs","nh4",228.000000000001,"baseline"
2017-10-17,"9","calib","mod","no3",2.35120060217828,"baseline"
2017-10-17,"9","calib","obs","no3",2,"baseline"
2017-10-17,"9","calib","mod","po4",28.5609397734341,"baseline"
2017-10-17,"9","calib","obs","po4",2,"baseline"
2017-10-17,"9","calib","obs","din",230.000000000001,"baseline"
2017-10-17,"9","calib","mod","din",2366.93444403118,"baseline"
2017-11-07,"9","calib","mod","temp",6.74998705646108,"baseline"
2017-11-07,"9","calib","obs","temp",11.8,"baseline"
2017-11-07,"9","calib","mod","oxy",10.5245791127003,"baseline"
2017-11-07,"9","calib","obs","oxy",4.23,"baseline"
2017-11-07,"9","calib","mod","nh4",14.7145958392108,"baseline"
2017-11-07,"9","calib","obs","nh4",128,"baseline"
2017-11-07,"9","calib","mod","no3",4.50587278768867,"baseline"
2017-11-07,"9","calib","obs","no3",4,"baseline"
2017-11-07,"9","calib","mod","po4",3.52553790280973,"baseline"
2017-11-07,"9","calib","obs","po4",12,"baseline"
2017-11-07,"9","calib","obs","din",132,"baseline"
2017-11-07,"9","calib","mod","din",19.2204686268994,"baseline"
2018-05-04,"9","calib","mod","temp",7.97883050485095,"baseline"
2018-05-04,"9","calib","obs","temp",7.0405,"baseline"
2018-05-04,"9","calib","mod","oxy",3.00561226995314,"baseline"
2018-05-04,"9","calib","obs","oxy",2.5519,"baseline"
2018-05-04,"9","calib","mod","nh4",97.68870300218,"baseline"
2018-05-04,"9","calib","obs","nh4",322,"baseline"
2018-05-04,"9","calib","mod","no3",5.61052190639157,"baseline"
2018-05-04,"9","calib","obs","no3",15,"baseline"
2018-05-04,"9","calib","mod","po4",4.90099665530239,"baseline"
2018-05-04,"9","calib","obs","po4",8,"baseline"
2018-05-04,"9","calib","mod","chla",2.14744133930316,"baseline"
2018-05-04,"9","calib","obs","chla",1.3647,"baseline"
2018-05-04,"9","calib","obs","din",337,"baseline"
2018-05-04,"9","calib","mod","din",103.299224908572,"baseline"
2018-05-11,"9","calib","mod","temp",7.86620363034788,"baseline"
2018-05-11,"9","calib","obs","temp",7.2542,"baseline"
2018-05-11,"9","calib","mod","oxy",0.0395487964524119,"baseline"
2018-05-11,"9","calib","obs","oxy",0.3206,"baseline"
2018-05-11,"9","calib","mod","nh4",266.928430458751,"baseline"
2018-05-11,"9","calib","obs","nh4",339.000000000001,"baseline"
2018-05-11,"9","calib","mod","no3",3.79698092186616,"baseline"
2018-05-11,"9","calib","obs","no3",13,"baseline"
2018-05-11,"9","calib","mod","po4",5.37704991223997,"baseline"
2018-05-11,"9","calib","obs","po4",8,"baseline"
2018-05-11,"9","calib","mod","chla",2.65432200078839,"baseline"
2018-05-11,"9","calib","obs","chla",1.0501,"baseline"
2018-05-11,"9","calib","obs","din",352.000000000001,"baseline"
2018-05-11,"9","calib","mod","din",270.725411380617,"baseline"
2018-05-17,"9","calib","mod","temp",7.90367630760313,"baseline"
2018-05-17,"9","calib","obs","temp",7.2911,"baseline"
2018-05-17,"9","calib","mod","oxy",0.089373757961863,"baseline"
2018-05-17,"9","calib","obs","oxy",0.1253,"baseline"
2018-05-17,"9","calib","mod","nh4",451.692040438879,"baseline"
2018-05-17,"9","calib","obs","nh4",360.000000000001,"baseline"
2018-05-17,"9","calib","mod","no3",1.64098766295099,"baseline"
2018-05-17,"9","calib","obs","no3",12,"baseline"
2018-05-17,"9","calib","mod","po4",5.96938270789214,"baseline"
2018-05-17,"9","calib","obs","po4",9,"baseline"
2018-05-17,"9","calib","mod","chla",0.320276837694374,"baseline"
2018-05-17,"9","calib","obs","chla",1.3142,"baseline"
2018-05-17,"9","calib","obs","din",372.000000000001,"baseline"
2018-05-17,"9","calib","mod","din",453.33302810183,"baseline"
2018-05-24,"9","calib","mod","temp",9.01293674159534,"baseline"
2018-05-24,"9","calib","obs","temp",7.6289,"baseline"
2018-05-24,"9","calib","mod","oxy",3.23647577934806,"baseline"
2018-05-24,"9","calib","obs","oxy",0.1063,"baseline"
2018-05-24,"9","calib","mod","nh4",213.219394522076,"baseline"
2018-05-24,"9","calib","obs","nh4",473.000000000001,"baseline"
2018-05-24,"9","calib","mod","no3",4.6613272406272,"baseline"
2018-05-24,"9","calib","obs","no3",3,"baseline"
2018-05-24,"9","calib","mod","po4",5.08688951233894,"baseline"
2018-05-24,"9","calib","obs","po4",8,"baseline"
2018-05-24,"9","calib","mod","chla",0.0627449104937566,"baseline"
2018-05-24,"9","calib","obs","chla",1.5487,"baseline"
2018-05-24,"9","calib","obs","din",476.000000000001,"baseline"
2018-05-24,"9","calib","mod","din",217.880721762704,"baseline"
2018-05-31,"9","calib","mod","temp",8.3201240449404,"baseline"
2018-05-31,"9","calib","obs","temp",7.5635,"baseline"
2018-05-31,"9","calib","mod","oxy",1.19091869010243,"baseline"
2018-05-31,"9","calib","obs","oxy",0.1179,"baseline"
2018-05-31,"9","calib","mod","nh4",363.246143827223,"baseline"
2018-05-31,"9","calib","obs","nh4",427.000000000001,"baseline"
2018-05-31,"9","calib","mod","no3",5.56030102232277,"baseline"
2018-05-31,"9","calib","obs","no3",4,"baseline"
2018-05-31,"9","calib","mod","po4",5.50887157914444,"baseline"
2018-05-31,"9","calib","obs","po4",8,"baseline"
2018-05-31,"9","calib","mod","chla",0.0215308224669041,"baseline"
2018-05-31,"9","calib","obs","chla",1.1239,"baseline"
2018-05-31,"9","calib","obs","din",431.000000000001,"baseline"
2018-05-31,"9","calib","mod","din",368.806444849546,"baseline"
2018-06-07,"9","calib","mod","temp",8.12198070047624,"baseline"
2018-06-07,"9","calib","obs","temp",7.6518,"baseline"
2018-06-07,"9","calib","mod","oxy",0.0800195772482122,"baseline"
2018-06-07,"9","calib","obs","oxy",0.1086,"baseline"
2018-06-07,"9","calib","mod","nh4",587.562172550916,"baseline"
2018-06-07,"9","calib","obs","nh4",398,"baseline"
2018-06-07,"9","calib","mod","no3",4.45457247000906,"baseline"
2018-06-07,"9","calib","obs","no3",3,"baseline"
2018-06-07,"9","calib","mod","po4",6.16193719835699,"baseline"
2018-06-07,"9","calib","obs","po4",4,"baseline"
2018-06-07,"9","calib","mod","chla",0.080569613399635,"baseline"
2018-06-07,"9","calib","obs","chla",1.397,"baseline"
2018-06-07,"9","calib","obs","din",401,"baseline"
2018-06-07,"9","calib","mod","din",592.016745020925,"baseline"
2018-06-14,"9","calib","mod","temp",8.4659629753102,"baseline"
2018-06-14,"9","calib","obs","temp",7.6632,"baseline"
2018-06-14,"9","calib","mod","oxy",0.717891993574718,"baseline"
2018-06-14,"9","calib","obs","oxy",0.0794,"baseline"
2018-06-14,"9","calib","mod","nh4",754.923575951697,"baseline"
2018-06-14,"9","calib","obs","nh4",508.000000000001,"baseline"
2018-06-14,"9","calib","mod","no3",3.38400978130583,"baseline"
2018-06-14,"9","calib","obs","no3",2,"baseline"
2018-06-14,"9","calib","mod","po4",6.88377024654912,"baseline"
2018-06-14,"9","calib","obs","po4",6,"baseline"
2018-06-14,"9","calib","mod","chla",1.48001264893829,"baseline"
2018-06-14,"9","calib","obs","chla",1.4465,"baseline"
2018-06-14,"9","calib","obs","din",510.000000000001,"baseline"
2018-06-14,"9","calib","mod","din",758.307585733003,"baseline"
2018-06-21,"9","calib","mod","temp",8.28900471041578,"baseline"
2018-06-21,"9","calib","obs","temp",7.7686,"baseline"
2018-06-21,"9","calib","mod","oxy",0.0105683234046581,"baseline"
2018-06-21,"9","calib","obs","oxy",0.0833,"baseline"
2018-06-21,"9","calib","mod","nh4",969.185008422207,"baseline"
2018-06-21,"9","calib","obs","nh4",680,"baseline"
2018-06-21,"9","calib","mod","no3",0.706361212640037,"baseline"
2018-06-21,"9","calib","obs","no3",5,"baseline"
2018-06-21,"9","calib","mod","po4",7.32345997106907,"baseline"
2018-06-21,"9","calib","obs","po4",8,"baseline"
2018-06-21,"9","calib","mod","chla",2.7767671090757,"baseline"
2018-06-21,"9","calib","obs","chla",1.29,"baseline"
2018-06-21,"9","calib","obs","din",685,"baseline"
2018-06-21,"9","calib","mod","din",969.891369634847,"baseline"
2018-06-28,"9","calib","mod","temp",8.40179295324424,"baseline"
2018-06-28,"9","calib","obs","temp",7.7103,"baseline"
2018-06-28,"9","calib","mod","oxy",1.38699830024015e-05,"baseline"
2018-06-28,"9","calib","obs","oxy",0.0872,"baseline"
2018-06-28,"9","calib","mod","nh4",1234.11784673371,"baseline"
2018-06-28,"9","calib","obs","nh4",999,"baseline"
2018-06-28,"9","calib","mod","no3",1.00574011511156,"baseline"
2018-06-28,"9","calib","obs","no3",3,"baseline"
2018-06-28,"9","calib","mod","po4",8.31100084382987,"baseline"
2018-06-28,"9","calib","obs","po4",19,"baseline"
2018-06-28,"9","calib","mod","chla",1.89525241515202,"baseline"
2018-06-28,"9","calib","obs","chla",1.0473,"baseline"
2018-06-28,"9","calib","obs","din",1002,"baseline"
2018-06-28,"9","calib","mod","din",1235.12358684882,"baseline"
2018-07-05,"9","calib","mod","temp",8.50314231489429,"baseline"
2018-07-05,"9","calib","obs","temp",7.7378,"baseline"
2018-07-05,"9","calib","mod","oxy",0,"baseline"
2018-07-05,"9","calib","obs","oxy",0.0896,"baseline"
2018-07-05,"9","calib","mod","nh4",1494.62188172177,"baseline"
2018-07-05,"9","calib","obs","nh4",756.999999999999,"baseline"
2018-07-05,"9","calib","mod","no3",0.0496868252196591,"baseline"
2018-07-05,"9","calib","obs","no3",3,"baseline"
2018-07-05,"9","calib","mod","po4",9.01678357725152,"baseline"
2018-07-05,"9","calib","obs","po4",11,"baseline"
2018-07-05,"9","calib","mod","chla",1.83542553569656,"baseline"
2018-07-05,"9","calib","obs","chla",1.1686,"baseline"
2018-07-05,"9","calib","obs","din",759.999999999999,"baseline"
2018-07-05,"9","calib","mod","din",1494.67156854699,"baseline"
2018-07-12,"9","calib","mod","temp",8.65811995486412,"baseline"
2018-07-12,"9","calib","obs","temp",7.7935,"baseline"
2018-07-12,"9","calib","mod","oxy",0.000158911544988508,"baseline"
2018-07-12,"9","calib","obs","oxy",0.0848,"baseline"
2018-07-12,"9","calib","mod","nh4",1737.64161437013,"baseline"
2018-07-12,"9","calib","obs","nh4",873.000000000001,"baseline"
2018-07-12,"9","calib","mod","no3",0.3529537108615,"baseline"
2018-07-12,"9","calib","obs","no3",3,"baseline"
2018-07-12,"9","calib","mod","po4",9.88987371368131,"baseline"
2018-07-12,"9","calib","obs","po4",15,"baseline"
2018-07-12,"9","calib","mod","chla",3.79436555098352,"baseline"
2018-07-12,"9","calib","obs","chla",0.9665,"baseline"
2018-07-12,"9","calib","obs","din",876.000000000001,"baseline"
2018-07-12,"9","calib","mod","din",1737.99456808099,"baseline"
2018-07-19,"9","calib","mod","temp",8.77174994324036,"baseline"
2018-07-19,"9","calib","obs","temp",7.8609,"baseline"
2018-07-19,"9","calib","mod","oxy",0,"baseline"
2018-07-19,"9","calib","obs","oxy",0.0622,"baseline"
2018-07-19,"9","calib","mod","nh4",2061.14543613108,"baseline"
2018-07-19,"9","calib","obs","nh4",1401,"baseline"
2018-07-19,"9","calib","mod","no3",0.0235341735209236,"baseline"
2018-07-19,"9","calib","obs","no3",9.99999999999999,"baseline"
2018-07-19,"9","calib","mod","po4",10.7968830694943,"baseline"
2018-07-19,"9","calib","obs","po4",30,"baseline"
2018-07-19,"9","calib","mod","chla",5.08278295543098,"baseline"
2018-07-19,"9","calib","obs","chla",1.298,"baseline"
2018-07-19,"9","calib","obs","din",1411,"baseline"
2018-07-19,"9","calib","mod","din",2061.1689703046,"baseline"
2018-07-26,"9","calib","mod","temp",9.41550298482959,"baseline"
2018-07-26,"9","calib","obs","temp",9.0393,"baseline"
2018-07-26,"9","calib","mod","oxy",0.859540336353686,"baseline"
2018-07-26,"9","calib","obs","oxy",0.0947,"baseline"
2018-07-26,"9","calib","mod","nh4",1697.93872352292,"baseline"
2018-07-26,"9","calib","obs","nh4",1503,"baseline"
2018-07-26,"9","calib","mod","no3",6.51134582939723,"baseline"
2018-07-26,"9","calib","obs","no3",14,"baseline"
2018-07-26,"9","calib","mod","po4",13.3383990286389,"baseline"
2018-07-26,"9","calib","obs","po4",46,"baseline"
2018-07-26,"9","calib","mod","chla",1.5404576593536,"baseline"
2018-07-26,"9","calib","obs","chla",1.5599,"baseline"
2018-07-26,"9","calib","obs","din",1517,"baseline"
2018-07-26,"9","calib","mod","din",1704.45006935231,"baseline"
2018-08-02,"9","calib","mod","temp",9.2782990747997,"baseline"
2018-08-02,"9","calib","obs","temp",7.96,"baseline"
2018-08-02,"9","calib","mod","oxy",0.274139307980125,"baseline"
2018-08-02,"9","calib","obs","oxy",0.0883,"baseline"
2018-08-02,"9","calib","mod","nh4",1288.3800818761,"baseline"
2018-08-02,"9","calib","obs","nh4",1140,"baseline"
2018-08-02,"9","calib","mod","no3",8.12607004603641,"baseline"
2018-08-02,"9","calib","obs","no3",5,"baseline"
2018-08-02,"9","calib","mod","po4",15.7338171568885,"baseline"
2018-08-02,"9","calib","obs","po4",19,"baseline"
2018-08-02,"9","calib","mod","chla",2.7336904034879,"baseline"
2018-08-02,"9","calib","obs","chla",1.4274,"baseline"
2018-08-02,"9","calib","obs","din",1145,"baseline"
2018-08-02,"9","calib","mod","din",1296.50615192213,"baseline"
2018-08-09,"9","calib","mod","temp",9.57483700257657,"baseline"
2018-08-09,"9","calib","obs","temp",8.0693,"baseline"
2018-08-09,"9","calib","mod","oxy",0.41804334589034,"baseline"
2018-08-09,"9","calib","obs","oxy",0.0812,"baseline"
2018-08-09,"9","calib","mod","nh4",1013.86780489159,"baseline"
2018-08-09,"9","calib","obs","nh4",955.999999999999,"baseline"
2018-08-09,"9","calib","mod","no3",9.56923322343805,"baseline"
2018-08-09,"9","calib","obs","no3",6,"baseline"
2018-08-09,"9","calib","mod","po4",17.4716829647857,"baseline"
2018-08-09,"9","calib","obs","po4",16,"baseline"
2018-08-09,"9","calib","mod","chla",1.79368761887606,"baseline"
2018-08-09,"9","calib","obs","chla",1.6013,"baseline"
2018-08-09,"9","calib","obs","din",961.999999999999,"baseline"
2018-08-09,"9","calib","mod","din",1023.43703811503,"baseline"
2018-08-16,"9","calib","mod","temp",9.37728874083512,"baseline"
2018-08-16,"9","calib","obs","temp",8.1188,"baseline"
2018-08-16,"9","calib","mod","oxy",0,"baseline"
2018-08-16,"9","calib","obs","oxy",0.0749,"baseline"
2018-08-16,"9","calib","mod","nh4",1237.63246634429,"baseline"
2018-08-16,"9","calib","obs","nh4",1460,"baseline"
2018-08-16,"9","calib","mod","no3",0.768190319970256,"baseline"
2018-08-16,"9","calib","obs","no3",14,"baseline"
2018-08-16,"9","calib","mod","po4",18.3947853643155,"baseline"
2018-08-16,"9","calib","obs","po4",38,"baseline"
2018-08-16,"9","calib","mod","chla",6.09778045020759,"baseline"
2018-08-16,"9","calib","obs","chla",1.941,"baseline"
2018-08-16,"9","calib","obs","din",1474,"baseline"
2018-08-16,"9","calib","mod","din",1238.40065666426,"baseline"
2018-08-24,"9","calib","mod","temp",9.80016814257365,"baseline"
2018-08-24,"9","calib","obs","temp",8.1703,"baseline"
2018-08-24,"9","calib","mod","oxy",0.191018782717945,"baseline"
2018-08-24,"9","calib","obs","oxy",0.0668,"baseline"
2018-08-24,"9","calib","mod","chla",3.9806681202138,"baseline"
2018-08-24,"9","calib","obs","chla",1.8925,"baseline"
2018-09-07,"9","calib","mod","temp",9.7502961383164,"baseline"
2018-09-07,"9","calib","obs","temp",8.2026,"baseline"
2018-09-07,"9","calib","mod","oxy",0,"baseline"
2018-09-07,"9","calib","obs","oxy",0.0841,"baseline"
2018-09-07,"9","calib","mod","nh4",1693.90379001688,"baseline"
2018-09-07,"9","calib","obs","nh4",1340,"baseline"
2018-09-07,"9","calib","mod","no3",0.0522616998691786,"baseline"
2018-09-07,"9","calib","obs","no3",5,"baseline"
2018-09-07,"9","calib","mod","po4",22.1160252283259,"baseline"
2018-09-07,"9","calib","obs","po4",15,"baseline"
2018-09-07,"9","calib","mod","chla",6.76885495239814,"baseline"
2018-09-07,"9","calib","obs","chla",2.0156,"baseline"
2018-09-07,"9","calib","obs","din",1345,"baseline"
2018-09-07,"9","calib","mod","din",1693.95605171675,"baseline"
2018-09-21,"9","calib","mod","temp",10.529999301398,"baseline"
2018-09-21,"9","calib","obs","temp",8.2817,"baseline"
2018-09-21,"9","calib","mod","oxy",0.579951017904576,"baseline"
2018-09-21,"9","calib","obs","oxy",0.0778,"baseline"
2018-09-21,"9","calib","mod","nh4",862.100209776591,"baseline"
2018-09-21,"9","calib","obs","nh4",1740,"baseline"
2018-09-21,"9","calib","mod","no3",8.73193191481375,"baseline"
2018-09-21,"9","calib","obs","no3",9.99999999999999,"baseline"
2018-09-21,"9","calib","mod","po4",18.3308318607042,"baseline"
2018-09-21,"9","calib","obs","po4",68,"baseline"
2018-09-21,"9","calib","mod","chla",1.00342667765773,"baseline"
2018-09-21,"9","calib","obs","chla",1.3142,"baseline"
2018-09-21,"9","calib","obs","din",1750,"baseline"
2018-09-21,"9","calib","mod","din",870.832141691405,"baseline"
2018-10-05,"9","calib","mod","temp",10.4260360753876,"baseline"
2018-10-05,"9","calib","obs","temp",8.6717,"baseline"
2018-10-05,"9","calib","mod","oxy",0.190495468575468,"baseline"
2018-10-05,"9","calib","obs","oxy",0.0891,"baseline"
2018-10-05,"9","calib","mod","nh4",622.247912939936,"baseline"
2018-10-05,"9","calib","obs","nh4",1600,"baseline"
2018-10-05,"9","calib","mod","no3",7.39544255746285,"baseline"
2018-10-05,"9","calib","obs","no3",7.00000000000002,"baseline"
2018-10-05,"9","calib","mod","po4",13.6068152506321,"baseline"
2018-10-05,"9","calib","obs","po4",47,"baseline"
2018-10-05,"9","calib","mod","chla",0.932530500255308,"baseline"
2018-10-05,"9","calib","obs","chla",0.922,"baseline"
2018-10-05,"9","calib","obs","din",1607,"baseline"
2018-10-05,"9","calib","mod","din",629.643355497399,"baseline"
2018-10-19,"9","calib","mod","temp",10.7444011945105,"baseline"
2018-10-19,"9","calib","obs","temp",9.0327,"baseline"
2018-10-19,"9","calib","mod","oxy",0.788785848431619,"baseline"
2018-10-19,"9","calib","obs","oxy",0.128,"baseline"
2018-10-19,"9","calib","mod","nh4",690.238393583934,"baseline"
2018-10-19,"9","calib","obs","nh4",2089.99999999999,"baseline"
2018-10-19,"9","calib","mod","no3",6.43277441226486,"baseline"
2018-10-19,"9","calib","obs","no3",7.99999999999999,"baseline"
2018-10-19,"9","calib","mod","po4",12.1980354758697,"baseline"
2018-10-19,"9","calib","obs","po4",56,"baseline"
2018-10-19,"9","calib","mod","chla",2.40450857440653,"baseline"
2018-10-19,"9","calib","obs","chla",1.4477,"baseline"
2018-10-19,"9","calib","obs","din",2097.99999999999,"baseline"
2018-10-19,"9","calib","mod","din",696.671167996199,"baseline"
2018-10-29,"9","calib","mod","temp",8.00051218130122,"baseline"
2018-10-29,"9","calib","obs","temp",8.1,"baseline"
2018-10-29,"9","calib","mod","oxy",10.2136684102486,"baseline"
2018-10-29,"9","calib","obs","oxy",10.04,"baseline"
2018-11-02,"9","calib","mod","temp",9.08278271010693,"baseline"
2018-11-02,"9","calib","obs","temp",10.92,"baseline"
2018-11-02,"9","calib","mod","oxy",8.48919298000116,"baseline"
2018-11-02,"9","calib","obs","oxy",4.6706,"baseline"
2018-11-02,"9","calib","mod","nh4",23.3619290154121,"baseline"
2018-11-02,"9","calib","obs","nh4",201,"baseline"
2018-11-02,"9","calib","mod","no3",4.4340357042858,"baseline"
2018-11-02,"9","calib","obs","no3",5,"baseline"
2018-11-02,"9","calib","mod","po4",12.2914038866591,"baseline"
2018-11-02,"9","calib","obs","po4",9,"baseline"
2018-11-02,"9","calib","mod","chla",2.96789215247933,"baseline"
2018-11-02,"9","calib","obs","chla",2.6531,"baseline"
2018-11-02,"9","calib","obs","din",206,"baseline"
2018-11-02,"9","calib","mod","din",27.7959647196979,"baseline"
2018-11-16,"9","calib","mod","temp",5.1860984956277,"baseline"
2018-11-16,"9","calib","obs","temp",8.1308,"baseline"
2018-11-16,"9","calib","mod","oxy",10.8675351953607,"baseline"
2018-11-16,"9","calib","obs","oxy",9.4528,"baseline"
2018-11-16,"9","calib","mod","chla",0.928646804656427,"baseline"
2018-11-16,"9","calib","obs","chla",1.015,"baseline"
2018-12-06,"9","calib","mod","temp",6.63496661876884,"baseline"
2018-12-06,"9","calib","obs","temp",4.4487,"baseline"
2018-12-06,"9","calib","mod","oxy",11.6586676262252,"baseline"
2018-12-06,"9","calib","obs","oxy",11.4138,"baseline"
2018-12-06,"9","calib","mod","nh4",20.7965854086939,"baseline"
2018-12-06,"9","calib","obs","nh4",96,"baseline"
2018-12-06,"9","calib","mod","no3",3.13774758000226,"baseline"
2018-12-06,"9","calib","obs","no3",24,"baseline"
2018-12-06,"9","calib","mod","po4",4.69708188228756,"baseline"
2018-12-06,"9","calib","obs","po4",11,"baseline"
2018-12-06,"9","calib","mod","chla",1.57861552377258,"baseline"
2018-12-06,"9","calib","obs","chla",2.0825,"baseline"
2018-12-06,"9","calib","obs","din",120,"baseline"
2018-12-06,"9","calib","mod","din",23.9343329886961,"baseline"
2019-04-08,"9","calib","mod","temp",7.65240816004205,"baseline"
2019-04-08,"9","calib","obs","temp",7.9,"baseline"
2019-04-08,"9","calib","mod","oxy",6.95085460503515,"baseline"
2019-04-08,"9","calib","obs","oxy",9.84,"baseline"
2019-04-08,"9","calib","mod","nh4",33.8511863916343,"baseline"
2019-04-08,"9","calib","obs","nh4",34.9999999999999,"baseline"
2019-04-08,"9","calib","mod","no3",8.32521136368532,"baseline"
2019-04-08,"9","calib","obs","no3",6,"baseline"
2019-04-08,"9","calib","mod","po4",2.72179247582343,"baseline"
2019-04-08,"9","calib","obs","po4",2,"baseline"
2019-04-08,"9","calib","obs","din",40.9999999999999,"baseline"
2019-04-08,"9","calib","mod","din",42.1763977553196,"baseline"
2019-04-29,"9","calib","mod","temp",8.15429138031465,"baseline"
2019-04-29,"9","calib","obs","temp",8.5,"baseline"
2019-04-29,"9","calib","mod","oxy",2.39488629627282,"baseline"
2019-04-29,"9","calib","obs","oxy",4.53,"baseline"
2019-04-29,"9","calib","mod","nh4",183.378805233369,"baseline"
2019-04-29,"9","calib","obs","nh4",115,"baseline"
2019-04-29,"9","calib","mod","no3",6.29034576045724,"baseline"
2019-04-29,"9","calib","obs","no3",3,"baseline"
2019-04-29,"9","calib","mod","po4",3.67225785501314,"baseline"
2019-04-29,"9","calib","obs","po4",0.999999999999998,"baseline"
2019-04-29,"9","calib","obs","din",118,"baseline"
2019-04-29,"9","calib","mod","din",189.669150993826,"baseline"
2019-05-16,"9","calib","mod","temp",8.17319148937868,"baseline"
2019-05-16,"9","calib","obs","temp",8.6,"baseline"
2019-05-16,"9","calib","mod","oxy",1.10919633440268,"baseline"
2019-05-16,"9","calib","obs","oxy",0.99,"baseline"
2019-05-16,"9","calib","mod","nh4",545.67168163904,"baseline"
2019-05-16,"9","calib","obs","nh4",173,"baseline"
2019-05-16,"9","calib","mod","no3",4.33343761828014,"baseline"
2019-05-16,"9","calib","obs","no3",12,"baseline"
2019-05-16,"9","calib","mod","po4",4.4586867587774,"baseline"
2019-05-16,"9","calib","obs","po4",4,"baseline"
2019-05-16,"9","calib","obs","din",185,"baseline"
2019-05-16,"9","calib","mod","din",550.00511925732,"baseline"
2019-05-23,"9","calib","mod","temp",7.99866136260293,"baseline"
2019-05-23,"9","calib","obs","temp",8.6,"baseline"
2019-05-23,"9","calib","mod","oxy",0.263300715901858,"baseline"
2019-05-23,"9","calib","obs","oxy",0.87,"baseline"
2019-05-23,"9","calib","mod","nh4",685.592423870062,"baseline"
2019-05-23,"9","calib","obs","nh4",217,"baseline"
2019-05-23,"9","calib","mod","no3",5.29595301615982,"baseline"
2019-05-23,"9","calib","obs","no3",3,"baseline"
2019-05-23,"9","calib","mod","po4",4.55258904383909,"baseline"
2019-05-23,"9","calib","obs","po4",2,"baseline"
2019-05-23,"9","calib","obs","din",220,"baseline"
2019-05-23,"9","calib","mod","din",690.888376886222,"baseline"
2019-05-30,"9","calib","mod","temp",8.15715321137915,"baseline"
2019-05-30,"9","calib","obs","temp",8.7,"baseline"
2019-05-30,"9","calib","mod","oxy",0.570671492373053,"baseline"
2019-05-30,"9","calib","obs","oxy",0.72,"baseline"
2019-05-30,"9","calib","mod","nh4",842.663413142769,"baseline"
2019-05-30,"9","calib","obs","nh4",185,"baseline"
2019-05-30,"9","calib","mod","no3",3.25607932909195,"baseline"
2019-05-30,"9","calib","obs","no3",0.999999999999999,"baseline"
2019-05-30,"9","calib","mod","po4",5.14835363656765,"baseline"
2019-05-30,"9","calib","obs","po4",2,"baseline"
2019-05-30,"9","calib","obs","din",186,"baseline"
2019-05-30,"9","calib","mod","din",845.919492471861,"baseline"
2019-06-06,"9","calib","mod","temp",8.23900806722313,"baseline"
2019-06-06,"9","calib","obs","temp",9,"baseline"
2019-06-06,"9","calib","mod","oxy",0.785563786063958,"baseline"
2019-06-06,"9","calib","obs","oxy",0.72,"baseline"
2019-06-06,"9","calib","mod","nh4",862.968755010558,"baseline"
2019-06-06,"9","calib","obs","nh4",414,"baseline"
2019-06-06,"9","calib","mod","no3",4.60040196197278,"baseline"
2019-06-06,"9","calib","obs","no3",0,"baseline"
2019-06-06,"9","calib","mod","po4",6.07457117987561,"baseline"
2019-06-06,"9","calib","obs","po4",5,"baseline"
2019-06-06,"9","calib","obs","din",414,"baseline"
2019-06-06,"9","calib","mod","din",867.56915697253,"baseline"
2019-06-13,"9","calib","mod","temp",8.97132050369025,"baseline"
2019-06-13,"9","calib","obs","temp",8.6355,"baseline"
2019-06-13,"9","calib","mod","oxy",3.05900997708912,"baseline"
2019-06-13,"9","calib","obs","oxy",0.1197,"baseline"
2019-06-13,"9","calib","mod","nh4",577.041365095336,"baseline"
2019-06-13,"9","calib","obs","nh4",270,"baseline"
2019-06-13,"9","calib","mod","no3",6.46270357025438,"baseline"
2019-06-13,"9","calib","obs","no3",0.999999999999999,"baseline"
2019-06-13,"9","calib","mod","po4",9.33677455002794,"baseline"
2019-06-13,"9","calib","obs","po4",3,"baseline"
2019-06-13,"9","calib","mod","chla",1.02475935576708,"baseline"
2019-06-13,"9","calib","obs","chla",2.186,"baseline"
2019-06-13,"9","calib","obs","din",271,"baseline"
2019-06-13,"9","calib","mod","din",583.50406866559,"baseline"
2019-06-20,"9","calib","mod","temp",8.5342241240907,"baseline"
2019-06-20,"9","calib","obs","temp",8.7157,"baseline"
2019-06-20,"9","calib","mod","oxy",1.20108411499073,"baseline"
2019-06-20,"9","calib","obs","oxy",0.1419,"baseline"
2019-06-20,"9","calib","mod","nh4",662.066461384584,"baseline"
2019-06-20,"9","calib","obs","nh4",641,"baseline"
2019-06-20,"9","calib","mod","no3",8.0310757166848,"baseline"
2019-06-20,"9","calib","obs","no3",0.999999999999999,"baseline"
2019-06-20,"9","calib","mod","po4",11.1814050475699,"baseline"
2019-06-20,"9","calib","obs","po4",12,"baseline"
2019-06-20,"9","calib","mod","chla",0.755419583290452,"baseline"
2019-06-20,"9","calib","obs","chla",1.5388,"baseline"
2019-06-20,"9","calib","obs","din",642,"baseline"
2019-06-20,"9","calib","mod","din",670.097537101269,"baseline"
2019-06-27,"9","calib","mod","temp",8.54043385886155,"baseline"
2019-06-27,"9","calib","obs","temp",8.7199,"baseline"
2019-06-27,"9","calib","mod","oxy",0.5397064706013,"baseline"
2019-06-27,"9","calib","obs","oxy",0.0907,"baseline"
2019-06-27,"9","calib","mod","nh4",814.281673175856,"baseline"
2019-06-27,"9","calib","obs","nh4",507,"baseline"
2019-06-27,"9","calib","mod","no3",6.95355135483019,"baseline"
2019-06-27,"9","calib","obs","no3",5,"baseline"
2019-06-27,"9","calib","mod","po4",12.775682378185,"baseline"
2019-06-27,"9","calib","obs","po4",8,"baseline"
2019-06-27,"9","calib","mod","chla",2.90947284359951,"baseline"
2019-06-27,"9","calib","obs","chla",1.5455,"baseline"
2019-06-27,"9","calib","obs","din",512,"baseline"
2019-06-27,"9","calib","mod","din",821.235224530686,"baseline"
2019-07-03,"9","calib","mod","temp",8.55903164632348,"baseline"
2019-07-03,"9","calib","obs","temp",8.8494,"baseline"
2019-07-03,"9","calib","mod","oxy",0.218614851278695,"baseline"
2019-07-03,"9","calib","obs","oxy",0.0954,"baseline"
2019-07-03,"9","calib","mod","nh4",908.764337614979,"baseline"
2019-07-03,"9","calib","obs","nh4",340,"baseline"
2019-07-03,"9","calib","mod","no3",8.19162106698466,"baseline"
2019-07-03,"9","calib","obs","no3",3,"baseline"
2019-07-03,"9","calib","mod","po4",14.2309264299434,"baseline"
2019-07-03,"9","calib","obs","po4",5,"baseline"
2019-07-03,"9","calib","mod","chla",3.47107630791285,"baseline"
2019-07-03,"9","calib","obs","chla",1.6445,"baseline"
2019-07-03,"9","calib","obs","din",343,"baseline"
2019-07-03,"9","calib","mod","din",916.955958681964,"baseline"
2019-07-10,"9","calib","mod","temp",8.89585703157856,"baseline"
2019-07-10,"9","calib","obs","temp",8.7907,"baseline"
2019-07-10,"9","calib","mod","oxy",0.993715458856021,"baseline"
2019-07-10,"9","calib","obs","oxy",0.0772,"baseline"
2019-07-10,"9","calib","mod","chla",1.95319974144685,"baseline"
2019-07-10,"9","calib","obs","chla",0.9885,"baseline"
2019-07-11,"9","calib","mod","temp",9.01188945265975,"baseline"
2019-07-11,"9","calib","obs","temp",8.7498,"baseline"
2019-07-11,"9","calib","mod","oxy",1.16756194108196,"baseline"
2019-07-11,"9","calib","obs","oxy",0.1056,"baseline"
2019-07-11,"9","calib","mod","nh4",833.175258775726,"baseline"
2019-07-11,"9","calib","obs","nh4",87.9999999999999,"baseline"
2019-07-11,"9","calib","mod","no3",8.62645463379963,"baseline"
2019-07-11,"9","calib","obs","no3",2,"baseline"
2019-07-11,"9","calib","mod","po4",16.0028752383712,"baseline"
2019-07-11,"9","calib","obs","po4",4,"baseline"
2019-07-11,"9","calib","mod","chla",2.11177729584751,"baseline"
2019-07-11,"9","calib","obs","chla",1.4043,"baseline"
2019-07-11,"9","calib","obs","din",89.9999999999999,"baseline"
2019-07-11,"9","calib","mod","din",841.801713409525,"baseline"
2019-07-24,"9","calib","mod","temp",9.05344388355582,"baseline"
2019-07-24,"9","calib","obs","temp",8.8789,"baseline"
2019-07-24,"9","calib","mod","oxy",0.382600490523165,"baseline"
2019-07-24,"9","calib","obs","oxy",0.097,"baseline"
2019-07-24,"9","calib","mod","nh4",1049.88264348429,"baseline"
2019-07-24,"9","calib","obs","nh4",1090,"baseline"
2019-07-24,"9","calib","mod","no3",6.77269301690659,"baseline"
2019-07-24,"9","calib","obs","no3",0,"baseline"
2019-07-24,"9","calib","mod","po4",19.4094969519856,"baseline"
2019-07-24,"9","calib","obs","po4",12,"baseline"
2019-07-24,"9","calib","mod","chla",2.08773453721741,"baseline"
2019-07-24,"9","calib","obs","chla",0.6203,"baseline"
2019-07-24,"9","calib","obs","din",1090,"baseline"
2019-07-24,"9","calib","mod","din",1056.65533650119,"baseline"
2019-07-25,"9","calib","mod","temp",9.42731621457123,"baseline"
2019-07-25,"9","calib","obs","temp",8.8819,"baseline"
2019-07-25,"9","calib","mod","oxy",1.1745489844886,"baseline"
2019-07-25,"9","calib","obs","oxy",0.1088,"baseline"
2019-07-25,"9","calib","mod","chla",2.39459894019502,"baseline"
2019-07-25,"9","calib","obs","chla",0.565,"baseline"
2019-08-01,"9","calib","mod","temp",9.3306721438817,"baseline"
2019-08-01,"9","calib","obs","temp",8.97,"baseline"
2019-08-01,"9","calib","mod","oxy",0.682909280135533,"baseline"
2019-08-01,"9","calib","obs","oxy",0.0758,"baseline"
2019-08-01,"9","calib","mod","nh4",958.192777987635,"baseline"
2019-08-01,"9","calib","obs","nh4",665.000000000001,"baseline"
2019-08-01,"9","calib","mod","no3",8.86232829389133,"baseline"
2019-08-01,"9","calib","obs","no3",2,"baseline"
2019-08-01,"9","calib","mod","po4",22.0198824543352,"baseline"
2019-08-01,"9","calib","obs","po4",9.99999999999998,"baseline"
2019-08-01,"9","calib","mod","chla",1.95832627543612,"baseline"
2019-08-01,"9","calib","obs","chla",0.8356,"baseline"
2019-08-01,"9","calib","obs","din",667.000000000001,"baseline"
2019-08-01,"9","calib","mod","din",967.055106281527,"baseline"
2019-08-08,"9","calib","mod","temp",10.190953662028,"baseline"
2019-08-08,"9","calib","obs","temp",9.1156,"baseline"
2019-08-08,"9","calib","mod","oxy",1.93568014638888,"baseline"
2019-08-08,"9","calib","obs","oxy",0.0681,"baseline"
2019-08-08,"9","calib","mod","nh4",699.483009831507,"baseline"
2019-08-08,"9","calib","obs","nh4",161,"baseline"
2019-08-08,"9","calib","mod","no3",9.8075338204309,"baseline"
2019-08-08,"9","calib","obs","no3",0.999999999999999,"baseline"
2019-08-08,"9","calib","mod","po4",21.9019106795474,"baseline"
2019-08-08,"9","calib","obs","po4",3,"baseline"
2019-08-08,"9","calib","mod","chla",0.606280525438559,"baseline"
2019-08-08,"9","calib","obs","chla",1.0131,"baseline"
2019-08-08,"9","calib","obs","din",162,"baseline"
2019-08-08,"9","calib","mod","din",709.290543651938,"baseline"
2019-08-14,"9","calib","mod","temp",9.62908193458584,"baseline"
2019-08-14,"9","calib","obs","temp",9.2186,"baseline"
2019-08-14,"9","calib","mod","oxy",0.589975511460267,"baseline"
2019-08-14,"9","calib","obs","oxy",0.0664,"baseline"
2019-08-14,"9","calib","mod","nh4",810.523221855412,"baseline"
2019-08-14,"9","calib","obs","nh4",746.000000000001,"baseline"
2019-08-14,"9","calib","mod","no3",8.97002472057227,"baseline"
2019-08-14,"9","calib","obs","no3",4,"baseline"
2019-08-14,"9","calib","mod","po4",23.0343804154277,"baseline"
2019-08-14,"9","calib","obs","po4",12,"baseline"
2019-08-14,"9","calib","mod","chla",1.37326648688922,"baseline"
2019-08-14,"9","calib","obs","chla",0.9644,"baseline"
2019-08-14,"9","calib","obs","din",750.000000000001,"baseline"
2019-08-14,"9","calib","mod","din",819.493246575984,"baseline"
2019-08-22,"9","calib","mod","temp",9.7556893828381,"baseline"
2019-08-22,"9","calib","obs","temp",9.3787,"baseline"
2019-08-22,"9","calib","mod","oxy",0.492064935524043,"baseline"
2019-08-22,"9","calib","obs","oxy",0.1413,"baseline"
2019-08-22,"9","calib","mod","chla",1.88906466191785,"baseline"
2019-08-22,"9","calib","obs","chla",1.6131,"baseline"
2019-09-04,"9","calib","mod","temp",9.83017386520041,"baseline"
2019-09-04,"9","calib","obs","temp",9.4406,"baseline"
2019-09-04,"9","calib","mod","oxy",0.218982874417851,"baseline"
2019-09-04,"9","calib","obs","oxy",0.0715,"baseline"
2019-09-04,"9","calib","mod","nh4",980.645470274585,"baseline"
2019-09-04,"9","calib","obs","nh4",203,"baseline"
2019-09-04,"9","calib","mod","no3",6.42829001227973,"baseline"
2019-09-04,"9","calib","obs","no3",0,"baseline"
2019-09-04,"9","calib","mod","po4",24.9224681425041,"baseline"
2019-09-04,"9","calib","obs","po4",4,"baseline"
2019-09-04,"9","calib","mod","chla",4.9906793386687,"baseline"
2019-09-04,"9","calib","obs","chla",1.3038,"baseline"
2019-09-04,"9","calib","obs","din",203,"baseline"
2019-09-04,"9","calib","mod","din",987.073760286864,"baseline"
2019-09-20,"9","calib","mod","temp",9.97303722129547,"baseline"
2019-09-20,"9","calib","obs","temp",9.4688,"baseline"
2019-09-20,"9","calib","mod","oxy",0,"baseline"
2019-09-20,"9","calib","obs","oxy",0.0623,"baseline"
2019-09-20,"9","calib","mod","nh4",1613.79327538485,"baseline"
2019-09-20,"9","calib","obs","nh4",2280.00000000001,"baseline"
2019-09-20,"9","calib","mod","no3",0.576922308772477,"baseline"
2019-09-20,"9","calib","obs","no3",0.999999999999999,"baseline"
2019-09-20,"9","calib","mod","po4",29.3697531021496,"baseline"
2019-09-20,"9","calib","obs","po4",8,"baseline"
2019-09-20,"9","calib","mod","chla",5.15246508799427,"baseline"
2019-09-20,"9","calib","obs","chla",1.4893,"baseline"
2019-09-20,"9","calib","obs","din",2281.00000000001,"baseline"
2019-09-20,"9","calib","mod","din",1614.37019769362,"baseline"
2019-10-04,"9","calib","mod","temp",10.0806835921659,"baseline"
2019-10-04,"9","calib","obs","temp",9.4669,"baseline"
2019-10-04,"9","calib","mod","oxy",0,"baseline"
2019-10-04,"9","calib","obs","oxy",0.0436,"baseline"
2019-10-04,"9","calib","mod","nh4",2473.31428966186,"baseline"
2019-10-04,"9","calib","obs","nh4",1730,"baseline"
2019-10-04,"9","calib","mod","no3",0.0141419026343879,"baseline"
2019-10-04,"9","calib","obs","no3",2,"baseline"
2019-10-04,"9","calib","mod","po4",35.4746390309565,"baseline"
2019-10-04,"9","calib","obs","po4",15,"baseline"
2019-10-04,"9","calib","mod","chla",14.8782910123886,"baseline"
2019-10-04,"9","calib","obs","chla",1.5689,"baseline"
2019-10-04,"9","calib","obs","din",1732,"baseline"
2019-10-04,"9","calib","mod","din",2473.3284315645,"baseline"
2019-10-07,"9","calib","mod","temp",10.1053042793378,"baseline"
2019-10-07,"9","calib","obs","temp",9.5091,"baseline"
2019-10-07,"9","calib","mod","oxy",0,"baseline"
2019-10-07,"9","calib","obs","oxy",0.0438,"baseline"
2019-10-07,"9","calib","mod","chla",14.9077925804601,"baseline"
2019-10-07,"9","calib","obs","chla",1.3987,"baseline"
2019-10-18,"9","calib","mod","temp",7.03826928706021,"baseline"
2019-10-18,"9","calib","obs","temp",9.538,"baseline"
2019-10-18,"9","calib","mod","oxy",10.421730834653,"baseline"
2019-10-18,"9","calib","obs","oxy",0.1129,"baseline"
2019-10-18,"9","calib","mod","nh4",6.15358051505254,"baseline"
2019-10-18,"9","calib","obs","nh4",2989.99999999999,"baseline"
2019-10-18,"9","calib","mod","no3",5.16852998460354,"baseline"
2019-10-18,"9","calib","obs","no3",0.999999999999999,"baseline"
2019-10-18,"9","calib","mod","po4",5.33335385815318,"baseline"
2019-10-18,"9","calib","obs","po4",15,"baseline"
2019-10-18,"9","calib","mod","chla",11.2200618158699,"baseline"
2019-10-18,"9","calib","obs","chla",1.4793,"baseline"
2019-10-18,"9","calib","obs","din",2990.99999999999,"baseline"
2019-10-18,"9","calib","mod","din",11.3221104996561,"baseline"
2019-10-28,"9","calib","mod","temp",9.28363668311939,"baseline"
2019-10-28,"9","calib","obs","temp",9.6618,"baseline"
2019-10-28,"9","calib","mod","oxy",8.49561669059051,"baseline"
2019-10-28,"9","calib","obs","oxy",0.0649,"baseline"
2019-10-28,"9","calib","mod","nh4",18.4793806028796,"baseline"
2019-10-28,"9","calib","obs","nh4",1440,"baseline"
2019-10-28,"9","calib","mod","no3",6.46190721975579,"baseline"
2019-10-28,"9","calib","obs","no3",2,"baseline"
2019-10-28,"9","calib","mod","po4",4.95982963647761,"baseline"
2019-10-28,"9","calib","obs","po4",34,"baseline"
2019-10-28,"9","calib","mod","chla",0.556471992833197,"baseline"
2019-10-28,"9","calib","obs","chla",1.9428,"baseline"
2019-10-28,"9","calib","obs","din",1442,"baseline"
2019-10-28,"9","calib","mod","din",24.9412878226354,"baseline"
2019-11-15,"9","calib","mod","temp",7.65503525199827,"baseline"
2019-11-15,"9","calib","obs","temp",8.0578,"baseline"
2019-11-15,"9","calib","mod","oxy",9.30440843467826,"baseline"
2019-11-15,"9","calib","obs","oxy",6.6814,"baseline"
2019-11-15,"9","calib","mod","nh4",20.6861279091188,"baseline"
2019-11-15,"9","calib","obs","nh4",37.9999999999999,"baseline"
2019-11-15,"9","calib","mod","no3",1.86683217057677,"baseline"
2019-11-15,"9","calib","obs","no3",3,"baseline"
2019-11-15,"9","calib","mod","po4",6.96958202286056,"baseline"
2019-11-15,"9","calib","obs","po4",5,"baseline"
2019-11-15,"9","calib","mod","chla",2.5299826560299,"baseline"
2019-11-15,"9","calib","obs","chla",5.8216,"baseline"
2019-11-15,"9","calib","obs","din",40.9999999999999,"baseline"
2019-11-15,"9","calib","mod","din",22.5529600796955,"baseline"
2019-12-06,"9","calib","mod","temp",4.95385435329937,"baseline"
2019-12-06,"9","calib","obs","temp",4.9815,"baseline"
2019-12-06,"9","calib","mod","oxy",12.129234789946,"baseline"
2019-12-06,"9","calib","obs","oxy",8.1186,"baseline"
2019-12-06,"9","calib","mod","chla",1.78339899909324,"baseline"
2019-12-06,"9","calib","obs","chla",5.4559,"baseline"
2020-03-16,"9","calib","mod","temp",3.86649530700364,"baseline"
2020-03-16,"9","calib","obs","temp",6.1,"baseline"
2020-03-16,"9","calib","mod","oxy",11.0093063935442,"baseline"
2020-03-16,"9","calib","obs","oxy",11.36,"baseline"
2020-05-14,"9","calib","mod","temp",8.08287036438351,"baseline"
2020-05-14,"9","calib","obs","temp",9.6,"baseline"
2020-05-14,"9","calib","mod","oxy",2.89510639674566,"baseline"
2020-05-14,"9","calib","obs","oxy",0.6,"baseline"
2020-05-14,"9","calib","mod","nh4",150.022089192237,"baseline"
2020-05-14,"9","calib","obs","nh4",142,"baseline"
2020-05-14,"9","calib","mod","no3",5.82726420620251,"baseline"
2020-05-14,"9","calib","obs","no3",5,"baseline"
2020-05-14,"9","calib","mod","po4",6.90925982200411,"baseline"
2020-05-14,"9","calib","obs","po4",3,"baseline"
2020-05-14,"9","calib","obs","din",147,"baseline"
2020-05-14,"9","calib","mod","din",155.84935339844,"baseline"
2020-06-04,"9","calib","mod","temp",10.0650533626948,"baseline"
2020-06-04,"9","calib","obs","temp",10.7,"baseline"
2020-06-04,"9","calib","mod","oxy",7.1497803608929,"baseline"
2020-06-04,"9","calib","obs","oxy",0.6,"baseline"
2020-06-04,"9","calib","mod","nh4",36.4708637464855,"baseline"
2020-06-04,"9","calib","obs","nh4",622.999999999999,"baseline"
2020-06-04,"9","calib","mod","no3",3.71714928525937,"baseline"
2020-06-04,"9","calib","obs","no3",11,"baseline"
2020-06-04,"9","calib","mod","po4",3.76526448188867,"baseline"
2020-06-04,"9","calib","obs","po4",40,"baseline"
2020-06-04,"9","calib","obs","din",633.999999999999,"baseline"
2020-06-04,"9","calib","mod","din",40.1880130317449,"baseline"
2020-06-18,"9","calib","mod","temp",13.5198664892218,"baseline"
2020-06-18,"9","calib","obs","temp",10.5665,"baseline"
2020-06-18,"9","calib","mod","oxy",9.34883370467408,"baseline"
2020-06-18,"9","calib","obs","oxy",0.0489,"baseline"
2020-06-18,"9","calib","mod","chla",0.189315792262592,"baseline"
2020-06-18,"9","calib","obs","chla",1.754,"baseline"
2020-06-25,"9","calib","mod","temp",11.3852754246335,"baseline"
2020-06-25,"9","calib","obs","temp",10.5136,"baseline"
2020-06-25,"9","calib","mod","oxy",7.74984912057875,"baseline"
2020-06-25,"9","calib","obs","oxy",0.05,"baseline"
2020-06-25,"9","calib","mod","nh4",23.63665905813,"baseline"
2020-06-25,"9","calib","obs","nh4",254,"baseline"
2020-06-25,"9","calib","mod","no3",2.62161517278953,"baseline"
2020-06-25,"9","calib","obs","no3",0.999999999999999,"baseline"
2020-06-25,"9","calib","mod","po4",3.46348647170016,"baseline"
2020-06-25,"9","calib","obs","po4",6,"baseline"
2020-06-25,"9","calib","mod","chla",0.355111463113461,"baseline"
2020-06-25,"9","calib","obs","chla",0.7866,"baseline"
2020-06-25,"9","calib","obs","din",255,"baseline"
2020-06-25,"9","calib","mod","din",26.2582742309196,"baseline"
2020-07-02,"9","calib","mod","temp",10.6091498725656,"baseline"
2020-07-02,"9","calib","obs","temp",10.7385,"baseline"
2020-07-02,"9","calib","mod","oxy",6.08687041970298,"baseline"
2020-07-02,"9","calib","obs","oxy",0.0417,"baseline"
2020-07-02,"9","calib","mod","nh4",50.7693248221046,"baseline"
2020-07-02,"9","calib","obs","nh4",310,"baseline"
2020-07-02,"9","calib","mod","no3",2.8525764950466,"baseline"
2020-07-02,"9","calib","obs","no3",6,"baseline"
2020-07-02,"9","calib","mod","po4",3.68365188091918,"baseline"
2020-07-02,"9","calib","obs","po4",6,"baseline"
2020-07-02,"9","calib","mod","chla",1.24617745354237,"baseline"
2020-07-02,"9","calib","obs","chla",1.456,"baseline"
2020-07-02,"9","calib","obs","din",316,"baseline"
2020-07-02,"9","calib","mod","din",53.6219013171512,"baseline"
2020-07-09,"9","calib","mod","temp",10.1523002638864,"baseline"
2020-07-09,"9","calib","obs","temp",10.1069,"baseline"
2020-07-09,"9","calib","mod","oxy",3.63425716000751,"baseline"
2020-07-09,"9","calib","obs","oxy",0.0402,"baseline"
2020-07-09,"9","calib","mod","nh4",145.028595153059,"baseline"
2020-07-09,"9","calib","obs","nh4",517.000000000001,"baseline"
2020-07-09,"9","calib","mod","no3",3.65185553487562,"baseline"
2020-07-09,"9","calib","obs","no3",6,"baseline"
2020-07-09,"9","calib","mod","po4",4.07005058106471,"baseline"
2020-07-09,"9","calib","obs","po4",18,"baseline"
2020-07-09,"9","calib","mod","chla",2.97899421324629,"baseline"
2020-07-09,"9","calib","obs","chla",0.3223,"baseline"
2020-07-09,"9","calib","obs","din",523.000000000001,"baseline"
2020-07-09,"9","calib","mod","din",148.680450687935,"baseline"
2020-07-17,"9","calib","mod","temp",10.2604742134632,"baseline"
2020-07-17,"9","calib","obs","temp",10.493,"baseline"
2020-07-17,"9","calib","mod","oxy",2.96825380707337,"baseline"
2020-07-17,"9","calib","obs","oxy",0.0609,"baseline"
2020-07-17,"9","calib","mod","nh4",232.872535653146,"baseline"
2020-07-17,"9","calib","obs","nh4",407,"baseline"
2020-07-17,"9","calib","mod","no3",3.65760346234975,"baseline"
2020-07-17,"9","calib","obs","no3",3,"baseline"
2020-07-17,"9","calib","mod","po4",4.35891963539167,"baseline"
2020-07-17,"9","calib","obs","po4",11,"baseline"
2020-07-17,"9","calib","mod","chla",3.40257960102726,"baseline"
2020-07-17,"9","calib","obs","chla",0.4007,"baseline"
2020-07-17,"9","calib","obs","din",410,"baseline"
2020-07-17,"9","calib","mod","din",236.530139115496,"baseline"
2020-07-23,"9","calib","mod","temp",10.525851406967,"baseline"
2020-07-23,"9","calib","obs","temp",10.1417,"baseline"
2020-07-23,"9","calib","mod","oxy",2.95839634119802,"baseline"
2020-07-23,"9","calib","obs","oxy",0.0372,"baseline"
2020-07-23,"9","calib","mod","nh4",278.041623096199,"baseline"
2020-07-23,"9","calib","obs","nh4",981,"baseline"
2020-07-23,"9","calib","mod","no3",4.04023622082394,"baseline"
2020-07-23,"9","calib","obs","no3",2,"baseline"
2020-07-23,"9","calib","mod","po4",4.32808475655544,"baseline"
2020-07-23,"9","calib","obs","po4",38,"baseline"
2020-07-23,"9","calib","mod","chla",2.56885498498297,"baseline"
2020-07-23,"9","calib","obs","chla",0.869,"baseline"
2020-07-23,"9","calib","obs","din",983,"baseline"
2020-07-23,"9","calib","mod","din",282.081859317023,"baseline"
2020-07-30,"9","calib","mod","temp",10.679561188922,"baseline"
2020-07-30,"9","calib","obs","temp",9.9755,"baseline"
2020-07-30,"9","calib","mod","oxy",3.01277568371912,"baseline"
2020-07-30,"9","calib","obs","oxy",0.039,"baseline"
2020-07-30,"9","calib","mod","nh4",306.356353619922,"baseline"
2020-07-30,"9","calib","obs","nh4",856,"baseline"
2020-07-30,"9","calib","mod","no3",4.37777123557147,"baseline"
2020-07-30,"9","calib","obs","no3",3,"baseline"
2020-07-30,"9","calib","mod","po4",4.32783370746124,"baseline"
2020-07-30,"9","calib","obs","po4",22,"baseline"
2020-07-30,"9","calib","mod","chla",2.06542825535634,"baseline"
2020-07-30,"9","calib","obs","chla",1.3421,"baseline"
2020-07-30,"9","calib","obs","din",859,"baseline"
2020-07-30,"9","calib","mod","din",310.734124855493,"baseline"
2020-08-06,"9","calib","mod","temp",10.9289475317633,"baseline"
2020-08-06,"9","calib","obs","temp",10.1436,"baseline"
2020-08-06,"9","calib","mod","oxy",2.85295264630501,"baseline"
2020-08-06,"9","calib","obs","oxy",0.0376,"baseline"
2020-08-06,"9","calib","mod","nh4",320.620487147043,"baseline"
2020-08-06,"9","calib","obs","nh4",1590,"baseline"
2020-08-06,"9","calib","mod","no3",5.01948285632197,"baseline"
2020-08-06,"9","calib","obs","no3",7.00000000000002,"baseline"
2020-08-06,"9","calib","mod","po4",4.49348757496763,"baseline"
2020-08-06,"9","calib","obs","po4",38,"baseline"
2020-08-06,"9","calib","mod","chla",1.64595392971646,"baseline"
2020-08-06,"9","calib","obs","chla",2.1176,"baseline"
2020-08-06,"9","calib","obs","din",1597,"baseline"
2020-08-06,"9","calib","mod","din",325.639970003365,"baseline"
2020-08-12,"9","calib","mod","temp",10.4756085040079,"baseline"
2020-08-12,"9","calib","obs","temp",10.1148,"baseline"
2020-08-12,"9","calib","mod","oxy",1.79402637813614,"baseline"
2020-08-12,"9","calib","obs","oxy",0.0417,"baseline"
2020-08-12,"9","calib","mod","nh4",386.946457830669,"baseline"
2020-08-12,"9","calib","obs","nh4",699,"baseline"
2020-08-12,"9","calib","mod","no3",6.00950128019629,"baseline"
2020-08-12,"9","calib","obs","no3",6,"baseline"
2020-08-12,"9","calib","mod","po4",4.71723987935331,"baseline"
2020-08-12,"9","calib","obs","po4",4,"baseline"
2020-08-12,"9","calib","mod","chla",2.13621045853414,"baseline"
2020-08-12,"9","calib","obs","chla",1.9777,"baseline"
2020-08-12,"9","calib","obs","din",705,"baseline"
2020-08-12,"9","calib","mod","din",392.955959110866,"baseline"
2020-08-20,"9","calib","mod","temp",11.0147860522683,"baseline"
2020-08-20,"9","calib","obs","temp",10.3894,"baseline"
2020-08-20,"9","calib","mod","oxy",2.1295106751449,"baseline"
2020-08-20,"9","calib","obs","oxy",0.0338,"baseline"
2020-08-20,"9","calib","mod","nh4",376.369114882164,"baseline"
2020-08-20,"9","calib","obs","nh4",1170,"baseline"
2020-08-20,"9","calib","mod","no3",6.08597939708967,"baseline"
2020-08-20,"9","calib","obs","no3",7.00000000000002,"baseline"
2020-08-20,"9","calib","mod","po4",5.06161359633303,"baseline"
2020-08-20,"9","calib","obs","po4",41,"baseline"
2020-08-20,"9","calib","mod","chla",1.08647905114373,"baseline"
2020-08-20,"9","calib","obs","chla",3.0919,"baseline"
2020-08-20,"9","calib","obs","din",1177,"baseline"
2020-08-20,"9","calib","mod","din",382.455094279254,"baseline"
2020-08-26,"9","calib","mod","temp",10.3318575997075,"baseline"
2020-08-26,"9","calib","obs","temp",10.5952,"baseline"
2020-08-26,"9","calib","mod","oxy",0.781710904778717,"baseline"
2020-08-26,"9","calib","obs","oxy",0.0341,"baseline"
2020-08-26,"9","calib","mod","nh4",506.990743619748,"baseline"
2020-08-26,"9","calib","obs","nh4",615.999999999999,"baseline"
2020-08-26,"9","calib","mod","no3",6.92910648246889,"baseline"
2020-08-26,"9","calib","obs","no3",12,"baseline"
2020-08-26,"9","calib","mod","po4",5.71321964479516,"baseline"
2020-08-26,"9","calib","obs","po4",13,"baseline"
2020-08-26,"9","calib","mod","chla",1.70202984997336,"baseline"
2020-08-26,"9","calib","obs","chla",4.2571,"baseline"
2020-08-26,"9","calib","obs","din",627.999999999999,"baseline"
2020-08-26,"9","calib","mod","din",513.919850102217,"baseline"
2020-09-03,"9","calib","mod","temp",12.1120839803844,"baseline"
2020-09-03,"9","calib","obs","temp",10.0894,"baseline"
2020-09-03,"9","calib","mod","oxy",2.76248809434583,"baseline"
2020-09-03,"9","calib","obs","oxy",0.0368,"baseline"
2020-09-03,"9","calib","mod","nh4",409.014429111189,"baseline"
2020-09-03,"9","calib","obs","nh4",1420,"baseline"
2020-09-03,"9","calib","mod","no3",6.08429337886275,"baseline"
2020-09-03,"9","calib","obs","no3",6,"baseline"
2020-09-03,"9","calib","mod","po4",6.2366061682479,"baseline"
2020-09-03,"9","calib","obs","po4",63,"baseline"
2020-09-03,"9","calib","mod","chla",0.668391693109129,"baseline"
2020-09-03,"9","calib","obs","chla",1.9402,"baseline"
2020-09-03,"9","calib","obs","din",1426,"baseline"
2020-09-03,"9","calib","mod","din",415.098722490052,"baseline"
2020-09-16,"9","calib","mod","temp",10.5176805944612,"baseline"
2020-09-16,"9","calib","obs","temp",10.3054,"baseline"
2020-09-16,"9","calib","mod","oxy",0.36300190594355,"baseline"
2020-09-16,"9","calib","obs","oxy",0.0486,"baseline"
2020-09-16,"9","calib","mod","nh4",640.708623568744,"baseline"
2020-09-16,"9","calib","obs","nh4",1592,"baseline"
2020-09-16,"9","calib","mod","no3",7.60068376942649,"baseline"
2020-09-16,"9","calib","obs","no3",6,"baseline"
2020-09-16,"9","calib","mod","po4",7.1459513859293,"baseline"
2020-09-16,"9","calib","obs","po4",58,"baseline"
2020-09-16,"9","calib","mod","chla",4.36592277887835,"baseline"
2020-09-16,"9","calib","obs","chla",1.7842,"baseline"
2020-09-16,"9","calib","obs","din",1598,"baseline"
2020-09-16,"9","calib","mod","din",648.309307338171,"baseline"
2020-10-01,"9","calib","mod","temp",11.4086984411497,"baseline"
2020-10-01,"9","calib","obs","temp",10.2478,"baseline"
2020-10-01,"9","calib","mod","oxy",4.64274006957408,"baseline"
2020-10-01,"9","calib","obs","oxy",0.0391,"baseline"
2020-10-01,"9","calib","mod","nh4",401.227416519232,"baseline"
2020-10-01,"9","calib","obs","nh4",1130,"baseline"
2020-10-01,"9","calib","mod","no3",5.91290993092215,"baseline"
2020-10-01,"9","calib","obs","no3",5,"baseline"
2020-10-01,"9","calib","mod","po4",7.41277452458907,"baseline"
2020-10-01,"9","calib","obs","po4",6,"baseline"
2020-10-01,"9","calib","mod","chla",1.56142870483369,"baseline"
2020-10-01,"9","calib","obs","chla",0.9764,"baseline"
2020-10-01,"9","calib","obs","din",1135,"baseline"
2020-10-01,"9","calib","mod","din",407.140326450154,"baseline"
2020-10-14,"9","calib","mod","temp",10.6833994943712,"baseline"
2020-10-14,"9","calib","obs","temp",10.5277,"baseline"
2020-10-14,"9","calib","mod","oxy",3.18342690436203,"baseline"
2020-10-14,"9","calib","obs","oxy",0.059,"baseline"
2020-10-14,"9","calib","mod","nh4",96.4267050600219,"baseline"
2020-10-14,"9","calib","obs","nh4",1730,"baseline"
2020-10-14,"9","calib","mod","no3",5.89632160309231,"baseline"
2020-10-14,"9","calib","obs","no3",5,"baseline"
2020-10-14,"9","calib","mod","po4",4.58749725082423,"baseline"
2020-10-14,"9","calib","obs","po4",3,"baseline"
2020-10-14,"9","calib","mod","chla",1.12005944712483,"baseline"
2020-10-14,"9","calib","obs","chla",0.8758,"baseline"
2020-10-14,"9","calib","obs","din",1735,"baseline"
2020-10-14,"9","calib","mod","din",102.323026663114,"baseline"
2020-10-26,"9","calib","mod","temp",10.0900398713381,"baseline"
2020-10-26,"9","calib","obs","temp",10.7423,"baseline"
2020-10-26,"9","calib","mod","oxy",3.63626392884352,"baseline"
2020-10-26,"9","calib","obs","oxy",0.0772,"baseline"
2020-10-26,"9","calib","mod","nh4",69.9043470622253,"baseline"
2020-10-26,"9","calib","obs","nh4",1780,"baseline"
2020-10-26,"9","calib","mod","no3",4.11118705678925,"baseline"
2020-10-26,"9","calib","obs","no3",5,"baseline"
2020-10-26,"9","calib","mod","po4",0.625844446941159,"baseline"
2020-10-26,"9","calib","obs","po4",7,"baseline"
2020-10-26,"9","calib","mod","chla",3.49042703912836,"baseline"
2020-10-26,"9","calib","obs","chla",0.7116,"baseline"
2020-10-26,"9","calib","obs","din",1785,"baseline"
2020-10-26,"9","calib","mod","din",74.0155341190146,"baseline"
2020-11-10,"9","calib","mod","temp",9.56591135537766,"baseline"
2020-11-10,"9","calib","obs","temp",11.4398,"baseline"
2020-11-10,"9","calib","mod","oxy",7.55529451626751,"baseline"
2020-11-10,"9","calib","obs","oxy",4.8447,"baseline"
2020-11-10,"9","calib","mod","nh4",27.1073754528548,"baseline"
2020-11-10,"9","calib","obs","nh4",93,"baseline"
2020-11-10,"9","calib","mod","no3",9.54151483420155,"baseline"
2020-11-10,"9","calib","obs","no3",3,"baseline"
2020-11-10,"9","calib","mod","po4",2.48842837809124,"baseline"
2020-11-10,"9","calib","obs","po4",7,"baseline"
2020-11-10,"9","calib","mod","chla",1.03283207859171,"baseline"
2020-11-10,"9","calib","obs","chla",1.7453,"baseline"
2020-11-10,"9","calib","obs","din",96,"baseline"
2020-11-10,"9","calib","mod","din",36.6488902870563,"baseline"
2021-03-08,"9","valid","mod","temp",5.08369889630049,"baseline"
2021-03-08,"9","valid","obs","temp",5.5618,"baseline"
2021-03-08,"9","valid","mod","oxy",11.4946787362585,"baseline"
2021-03-08,"9","valid","obs","oxy",12.0838,"baseline"
2021-03-08,"9","valid","mod","nh4",14.2939967900113,"baseline"
2021-03-08,"9","valid","obs","nh4",8,"baseline"
2021-03-08,"9","valid","mod","no3",3.36122159480813,"baseline"
2021-03-08,"9","valid","obs","no3",2,"baseline"
2021-03-08,"9","valid","mod","po4",3.49785054866206,"baseline"
2021-03-08,"9","valid","obs","po4",0.999999999999998,"baseline"
2021-03-08,"9","valid","mod","chla",0.0984538137759904,"baseline"
2021-03-08,"9","valid","obs","chla",5.5753,"baseline"
2021-03-08,"9","valid","obs","din",10,"baseline"
2021-03-08,"9","valid","mod","din",17.6552183848195,"baseline"
2021-03-31,"9","valid","mod","temp",6.99415725676316,"baseline"
2021-03-31,"9","valid","obs","temp",6.4374,"baseline"
2021-03-31,"9","valid","mod","oxy",10.0848351535738,"baseline"
2021-03-31,"9","valid","obs","oxy",8.6867,"baseline"
2021-03-31,"9","valid","mod","chla",0.437539817303789,"baseline"
2021-03-31,"9","valid","obs","chla",2.1526,"baseline"
2021-04-05,"9","valid","mod","temp",5.18672564201092,"baseline"
2021-04-05,"9","valid","obs","temp",8.5059,"baseline"
2021-04-05,"9","valid","mod","oxy",10.7307357083792,"baseline"
2021-04-05,"9","valid","obs","oxy",9.5783,"baseline"
2021-04-05,"9","valid","mod","nh4",14.2747490893219,"baseline"
2021-04-05,"9","valid","obs","nh4",9,"baseline"
2021-04-05,"9","valid","mod","no3",5.6889334281986,"baseline"
2021-04-05,"9","valid","obs","no3",2,"baseline"
2021-04-05,"9","valid","mod","po4",0.768315572051593,"baseline"
2021-04-05,"9","valid","obs","po4",6,"baseline"
2021-04-05,"9","valid","mod","chla",0.677932362648159,"baseline"
2021-04-05,"9","valid","obs","chla",8.1723,"baseline"
2021-04-05,"9","valid","obs","din",11,"baseline"
2021-04-05,"9","valid","mod","din",19.9636825175205,"baseline"
2021-05-03,"9","valid","mod","temp",8.21317165561604,"baseline"
2021-05-03,"9","valid","obs","temp",8.6069,"baseline"
2021-05-03,"9","valid","mod","oxy",6.1559848193258,"baseline"
2021-05-03,"9","valid","obs","oxy",2.4394,"baseline"
2021-05-03,"9","valid","mod","nh4",40.2945698358859,"baseline"
2021-05-03,"9","valid","obs","nh4",14,"baseline"
2021-05-03,"9","valid","mod","no3",7.82310783688835,"baseline"
2021-05-03,"9","valid","obs","no3",0,"baseline"
2021-05-03,"9","valid","mod","po4",5.27295731441544,"baseline"
2021-05-03,"9","valid","obs","po4",6,"baseline"
2021-05-03,"9","valid","mod","chla",0.644815424821682,"baseline"
2021-05-03,"9","valid","obs","chla",0.2416,"baseline"
2021-05-03,"9","valid","obs","din",14,"baseline"
2021-05-03,"9","valid","mod","din",48.1176776727743,"baseline"
2021-05-14,"9","valid","mod","temp",8.6263771960128,"baseline"
2021-05-14,"9","valid","obs","temp",8.797,"baseline"
2021-05-14,"9","valid","mod","oxy",4.09075940140654,"baseline"
2021-05-14,"9","valid","obs","oxy",0.1651,"baseline"
2021-05-14,"9","valid","mod","nh4",133.743151126692,"baseline"
2021-05-14,"9","valid","obs","nh4",12,"baseline"
2021-05-14,"9","valid","mod","no3",6.91567562294205,"baseline"
2021-05-14,"9","valid","obs","no3",4,"baseline"
2021-05-14,"9","valid","mod","po4",5.6623596287969,"baseline"
2021-05-14,"9","valid","obs","po4",0,"baseline"
2021-05-14,"9","valid","mod","chla",1.36097447773533,"baseline"
2021-05-14,"9","valid","obs","chla",1.4272,"baseline"
2021-05-14,"9","valid","obs","din",16,"baseline"
2021-05-14,"9","valid","mod","din",140.658826749634,"baseline"
2021-05-31,"9","valid","mod","temp",8.11061036248385,"baseline"
2021-05-31,"9","valid","obs","temp",8.789,"baseline"
2021-05-31,"9","valid","mod","oxy",0.976404142415101,"baseline"
2021-05-31,"9","valid","obs","oxy",1.1913,"baseline"
2021-05-31,"9","valid","mod","nh4",504.811055236463,"baseline"
2021-05-31,"9","valid","obs","nh4",114,"baseline"
2021-05-31,"9","valid","mod","no3",5.24585127881849,"baseline"
2021-05-31,"9","valid","obs","no3",3,"baseline"
2021-05-31,"9","valid","mod","po4",7.40783660662432,"baseline"
2021-05-31,"9","valid","obs","po4",4,"baseline"
2021-05-31,"9","valid","mod","chla",3.75645605590238,"baseline"
2021-05-31,"9","valid","obs","chla",0.599,"baseline"
2021-05-31,"9","valid","obs","din",117,"baseline"
2021-05-31,"9","valid","mod","din",510.056906515282,"baseline"
2021-06-16,"9","valid","mod","temp",8.41796788888206,"baseline"
2021-06-16,"9","valid","obs","temp",8.9873,"baseline"
2021-06-16,"9","valid","mod","oxy",0.61753867536601,"baseline"
2021-06-16,"9","valid","obs","oxy",0.9997,"baseline"
2021-06-16,"9","valid","mod","chla",6.20750874004955,"baseline"
2021-06-16,"9","valid","obs","chla",1.0614,"baseline"
2021-06-28,"9","valid","mod","temp",8.72932918683121,"baseline"
2021-06-28,"9","valid","obs","temp",9.135,"baseline"
2021-06-28,"9","valid","mod","oxy",1.43824564976457,"baseline"
2021-06-28,"9","valid","obs","oxy",0.5803,"baseline"
2021-06-28,"9","valid","mod","nh4",1035.45981973051,"baseline"
2021-06-28,"9","valid","obs","nh4",7.00000000000001,"baseline"
2021-06-28,"9","valid","mod","no3",8.13861829448048,"baseline"
2021-06-28,"9","valid","obs","no3",6,"baseline"
2021-06-28,"9","valid","mod","po4",9.71011305734919,"baseline"
2021-06-28,"9","valid","obs","po4",5,"baseline"
2021-06-28,"9","valid","mod","chla",2.90084662565352,"baseline"
2021-06-28,"9","valid","obs","chla",2.0423,"baseline"
2021-06-28,"9","valid","obs","din",13,"baseline"
2021-06-28,"9","valid","mod","din",1043.59843802499,"baseline"
2021-07-12,"9","valid","mod","temp",8.86337728061923,"baseline"
2021-07-12,"9","valid","obs","temp",9.1523,"baseline"
2021-07-12,"9","valid","mod","oxy",0.900566605673039,"baseline"
2021-07-12,"9","valid","obs","oxy",0.8215,"baseline"
2021-07-12,"9","valid","mod","nh4",941.489159507865,"baseline"
2021-07-12,"9","valid","obs","nh4",649.000000000001,"baseline"
2021-07-12,"9","valid","mod","no3",10.1716925976021,"baseline"
2021-07-12,"9","valid","obs","no3",3,"baseline"
2021-07-12,"9","valid","mod","po4",12.6987106290177,"baseline"
2021-07-12,"9","valid","obs","po4",16,"baseline"
2021-07-12,"9","valid","mod","chla",3.74315462900882,"baseline"
2021-07-12,"9","valid","obs","chla",1.4228,"baseline"
2021-07-12,"9","valid","obs","din",652.000000000001,"baseline"
2021-07-12,"9","valid","mod","din",951.660852105467,"baseline"
2021-07-26,"9","valid","mod","temp",8.96167620426447,"baseline"
2021-07-26,"9","valid","obs","temp",9.2417,"baseline"
2021-07-26,"9","valid","mod","oxy",0,"baseline"
2021-07-26,"9","valid","obs","oxy",1.9428,"baseline"
2021-07-26,"9","valid","mod","nh4",1317.71949688454,"baseline"
2021-07-26,"9","valid","obs","nh4",419,"baseline"
2021-07-26,"9","valid","mod","no3",3.59965718430489,"baseline"
2021-07-26,"9","valid","obs","no3",3,"baseline"
2021-07-26,"9","valid","mod","po4",15.4757972607294,"baseline"
2021-07-26,"9","valid","obs","po4",11,"baseline"
2021-07-26,"9","valid","mod","chla",5.55244463494327,"baseline"
2021-07-26,"9","valid","obs","chla",0.619,"baseline"
2021-07-26,"9","valid","obs","din",422,"baseline"
2021-07-26,"9","valid","mod","din",1321.31915406885,"baseline"
2021-08-23,"9","valid","mod","temp",11.3857811000469,"baseline"
2021-08-23,"9","valid","obs","temp",10.1,"baseline"
2021-08-23,"9","valid","mod","oxy",2.90751922407391,"baseline"
2021-08-23,"9","valid","obs","oxy",0.13,"baseline"
2021-08-23,"9","valid","mod","nh4",533.183107914951,"baseline"
2021-08-23,"9","valid","obs","nh4",1050,"baseline"
2021-08-23,"9","valid","mod","no3",9.38127704787387,"baseline"
2021-08-23,"9","valid","obs","no3",3,"baseline"
2021-08-23,"9","valid","mod","po4",11.2776819699971,"baseline"
2021-08-23,"9","valid","obs","po4",5,"baseline"
2021-08-23,"9","valid","obs","din",1053,"baseline"
2021-08-23,"9","valid","mod","din",542.564384962825,"baseline"
2021-09-06,"9","valid","mod","temp",10.8400630178316,"baseline"
2021-09-06,"9","valid","obs","temp",10.1,"baseline"
2021-09-06,"9","valid","mod","oxy",2.02170559040462,"baseline"
2021-09-06,"9","valid","obs","oxy",0.18,"baseline"
2021-09-06,"9","valid","mod","nh4",508.16840348627,"baseline"
2021-09-06,"9","valid","obs","nh4",1280,"baseline"
2021-09-06,"9","valid","mod","no3",7.12259412608879,"baseline"
2021-09-06,"9","valid","obs","no3",2,"baseline"
2021-09-06,"9","valid","mod","po4",8.24523039176093,"baseline"
2021-09-06,"9","valid","obs","po4",9.99999999999998,"baseline"
2021-09-06,"9","valid","obs","din",1282,"baseline"
2021-09-06,"9","valid","mod","din",515.290997612359,"baseline"
2021-09-21,"9","valid","mod","temp",9.9879369190463,"baseline"
2021-09-21,"9","valid","obs","temp",10.2,"baseline"
2021-09-21,"9","valid","mod","oxy",0.00763152196728752,"baseline"
2021-09-21,"9","valid","obs","oxy",0.19,"baseline"
2021-09-21,"9","valid","mod","nh4",1021.42444853848,"baseline"
2021-09-21,"9","valid","obs","nh4",1170,"baseline"
2021-09-21,"9","valid","mod","no3",0.663175639736375,"baseline"
2021-09-21,"9","valid","obs","no3",2,"baseline"
2021-09-21,"9","valid","mod","po4",9.21620943213276,"baseline"
2021-09-21,"9","valid","obs","po4",9.99999999999998,"baseline"
2021-09-21,"9","valid","obs","din",1172,"baseline"
2021-09-21,"9","valid","mod","din",1022.08762417822,"baseline"
2021-10-12,"9","valid","mod","temp",10.3996161727992,"baseline"
2021-10-12,"9","valid","obs","temp",10.3,"baseline"
2021-10-12,"9","valid","mod","oxy",1.68386562462977,"baseline"
2021-10-12,"9","valid","obs","oxy",0.26,"baseline"
2021-10-12,"9","valid","mod","nh4",236.236716202844,"baseline"
2021-10-12,"9","valid","obs","nh4",1540,"baseline"
2021-10-12,"9","valid","mod","no3",3.9587383084992,"baseline"
2021-10-12,"9","valid","obs","no3",0,"baseline"
2021-10-12,"9","valid","mod","po4",4.14623400938479,"baseline"
2021-10-12,"9","valid","obs","din",1540,"baseline"
2021-10-12,"9","valid","mod","din",240.195454511343,"baseline"
2021-10-26,"9","valid","mod","temp",10.2232405687152,"baseline"
2021-10-26,"9","valid","obs","temp",10.6,"baseline"
2021-10-26,"9","valid","mod","oxy",0.0127207456957413,"baseline"
2021-10-26,"9","valid","obs","oxy",0.41,"baseline"
2021-11-09,"9","valid","mod","temp",8.25476827727461,"baseline"
2021-11-09,"9","valid","obs","temp",11.1,"baseline"
2021-11-09,"9","valid","mod","oxy",10.1813952202766,"baseline"
2021-11-09,"9","valid","obs","oxy",8.67,"baseline"
2021-11-09,"9","valid","mod","nh4",6.70575318968121,"baseline"
2021-11-09,"9","valid","obs","nh4",86,"baseline"
2021-11-09,"9","valid","mod","no3",0.411075396392782,"baseline"
2021-11-09,"9","valid","obs","no3",3,"baseline"
2021-11-09,"9","valid","mod","po4",2.599391369656,"baseline"
2021-11-09,"9","valid","obs","po4",4,"baseline"
2021-11-09,"9","valid","obs","din",89,"baseline"
2021-11-09,"9","valid","mod","din",7.11682858607399,"baseline"
2021-11-22,"9","valid","mod","temp",6.54427869923346,"baseline"
2021-11-22,"9","valid","obs","temp",8.5,"baseline"
2021-11-22,"9","valid","mod","oxy",9.97510995122219,"baseline"
2021-11-22,"9","valid","obs","oxy",11.05,"baseline"
2021-11-22,"9","valid","mod","nh4",19.5934072887918,"baseline"
2021-11-22,"9","valid","obs","nh4",31.9999999999999,"baseline"
2021-11-22,"9","valid","mod","no3",2.32478368685039,"baseline"
2021-11-22,"9","valid","mod","po4",2.71911200429516,"baseline"
2021-11-22,"9","valid","obs","po4",8,"baseline"
2021-11-22,"9","valid","mod","din",21.9181909756422,"baseline"
2021-12-06,"9","valid","mod","temp",9.92521955850653,"baseline"
2021-12-06,"9","valid","obs","temp",6.3,"baseline"
2021-12-06,"9","valid","mod","oxy",7.68941565414765,"baseline"
2021-12-06,"9","valid","obs","oxy",11.56,"baseline"
2021-12-06,"9","valid","mod","nh4",51.2690983830503,"baseline"
2021-12-06,"9","valid","obs","nh4",12,"baseline"
2021-12-06,"9","valid","mod","no3",3.33611630648662,"baseline"
2021-12-06,"9","valid","obs","no3",5,"baseline"
2021-12-06,"9","valid","mod","po4",2.99273505703864,"baseline"
2021-12-06,"9","valid","obs","po4",7,"baseline"
2021-12-06,"9","valid","obs","din",17,"baseline"
2021-12-06,"9","valid","mod","din",54.6052146895369,"baseline"
2022-01-26,"9","valid","mod","temp",5.83676973347041,"baseline"
2022-01-26,"9","valid","obs","temp",2.7,"baseline"
2022-01-26,"9","valid","mod","oxy",12.2947793817721,"baseline"
2022-01-26,"9","valid","obs","oxy",12.32,"baseline"
2022-01-26,"9","valid","mod","nh4",33.9137737448845,"baseline"
2022-01-26,"9","valid","obs","nh4",9,"baseline"
2022-01-26,"9","valid","mod","no3",5.15177656575316,"baseline"
2022-01-26,"9","valid","obs","no3",0,"baseline"
2022-01-26,"9","valid","mod","po4",3.78923802456753,"baseline"
2022-01-26,"9","valid","obs","po4",2,"baseline"
2022-01-26,"9","valid","obs","din",9,"baseline"
2022-01-26,"9","valid","mod","din",39.0655503106377,"baseline"
2022-02-24,"9","valid","mod","temp",5.32725773752243,"baseline"
2022-02-24,"9","valid","obs","temp",4.9626,"baseline"
2022-02-24,"9","valid","mod","oxy",12.2141690005079,"baseline"
2022-02-24,"9","valid","obs","oxy",11.6682,"baseline"
2022-02-24,"9","valid","mod","nh4",24.8223757135255,"baseline"
2022-02-24,"9","valid","obs","nh4",45.0000000000001,"baseline"
2022-02-24,"9","valid","mod","no3",2.77675494685335,"baseline"
2022-02-24,"9","valid","obs","no3",18,"baseline"
2022-02-24,"9","valid","mod","po4",3.42546617426939,"baseline"
2022-02-24,"9","valid","obs","po4",4,"baseline"
2022-02-24,"9","valid","mod","chla",1.13439463281167,"baseline"
2022-02-24,"9","valid","obs","chla",10.3241,"baseline"
2022-02-24,"9","valid","obs","din",63.0000000000001,"baseline"
2022-02-24,"9","valid","mod","din",27.5991306603788,"baseline"
2022-03-22,"9","valid","mod","temp",5.60878378632941,"baseline"
2022-03-22,"9","valid","obs","temp",7.1981,"baseline"
2022-03-22,"9","valid","mod","oxy",10.6578511712901,"baseline"
2022-03-22,"9","valid","obs","oxy",8.0894,"baseline"
2022-03-22,"9","valid","mod","nh4",13.4583207506971,"baseline"
2022-03-22,"9","valid","obs","nh4",81,"baseline"
2022-03-22,"9","valid","mod","no3",12.7201419523517,"baseline"
2022-03-22,"9","valid","obs","no3",7.00000000000002,"baseline"
2022-03-22,"9","valid","mod","po4",4.77324794431715,"baseline"
2022-03-22,"9","valid","obs","po4",3,"baseline"
2022-03-22,"9","valid","mod","chla",2.35173888124826,"baseline"
2022-03-22,"9","valid","obs","chla",4.491,"baseline"
2022-03-22,"9","valid","obs","din",88,"baseline"
2022-03-22,"9","valid","mod","din",26.1784627030488,"baseline"
2022-04-12,"9","valid","mod","temp",5.09472410003583,"baseline"
2022-04-12,"9","valid","obs","temp",9.059,"baseline"
2022-04-12,"9","valid","mod","oxy",10.6465814681408,"baseline"
2022-04-12,"9","valid","obs","oxy",6.2576,"baseline"
2022-04-12,"9","valid","mod","nh4",23.1730425516111,"baseline"
2022-04-12,"9","valid","obs","nh4",17,"baseline"
2022-04-12,"9","valid","mod","no3",6.89924185985437,"baseline"
2022-04-12,"9","valid","obs","no3",7.00000000000002,"baseline"
2022-04-12,"9","valid","mod","po4",0.37133842841453,"baseline"
2022-04-12,"9","valid","obs","po4",6,"baseline"
2022-04-12,"9","valid","mod","chla",1.72342247348851,"baseline"
2022-04-12,"9","valid","obs","chla",8.4595,"baseline"
2022-04-12,"9","valid","obs","din",24,"baseline"
2022-04-12,"9","valid","mod","din",30.0722844114655,"baseline"
2022-05-02,"9","valid","mod","temp",7.79892375854821,"baseline"
2022-05-02,"9","valid","obs","temp",9.3524,"baseline"
2022-05-02,"9","valid","mod","oxy",2.19015378597092,"baseline"
2022-05-02,"9","valid","obs","oxy",0.0674,"baseline"
2022-05-02,"9","valid","mod","nh4",105.760885830958,"baseline"
2022-05-02,"9","valid","obs","nh4",19.9999999999999,"baseline"
2022-05-02,"9","valid","mod","no3",4.14438375270939,"baseline"
2022-05-02,"9","valid","obs","no3",3,"baseline"
2022-05-02,"9","valid","mod","po4",0.855949149603022,"baseline"
2022-05-02,"9","valid","obs","po4",2,"baseline"
2022-05-02,"9","valid","mod","chla",3.49615103142961,"baseline"
2022-05-02,"9","valid","obs","chla",3.0866,"baseline"
2022-05-02,"9","valid","obs","din",22.9999999999999,"baseline"
2022-05-02,"9","valid","mod","din",109.905269583668,"baseline"
2015-07-09,"9","calib","mod","nh4",920.219377951633,"baseline"
2015-07-09,"9","calib","obs","nh4",22,"baseline"
2015-07-09,"9","calib","mod","no3",6.30709013283706,"baseline"
2015-07-09,"9","calib","obs","no3",0,"baseline"
2015-07-09,"9","calib","mod","po4",14.9806439261004,"baseline"
2015-07-09,"9","calib","obs","po4",7,"baseline"
2015-07-09,"9","calib","mod","chla",2.04460017612324,"baseline"
2015-07-09,"9","calib","obs","chla",2.3447,"baseline"
2015-07-09,"9","calib","obs","din",22,"baseline"
2015-07-09,"9","calib","mod","din",926.52646808447,"baseline"
2015-07-16,"9","calib","mod","nh4",1143.43065394745,"baseline"
2015-07-16,"9","calib","obs","nh4",64,"baseline"
2015-07-16,"9","calib","mod","no3",1.09828283984167,"baseline"
2015-07-16,"9","calib","obs","no3",4,"baseline"
2015-07-16,"9","calib","mod","po4",16.0834782569077,"baseline"
2015-07-16,"9","calib","obs","po4",7,"baseline"
2015-07-16,"9","calib","mod","chla",2.98398974731414,"baseline"
2015-07-16,"9","calib","obs","chla",2.2495,"baseline"
2015-07-16,"9","calib","obs","din",68,"baseline"
2015-07-16,"9","calib","mod","din",1144.52893678729,"baseline"
2015-07-23,"9","calib","mod","nh4",1604.54839222989,"baseline"
2015-07-23,"9","calib","obs","nh4",349,"baseline"
2015-07-23,"9","calib","mod","no3",0.0120375426945548,"baseline"
2015-07-23,"9","calib","obs","no3",3,"baseline"
2015-07-23,"9","calib","mod","po4",17.0645211843805,"baseline"
2015-07-23,"9","calib","obs","po4",9.99999999999998,"baseline"
2015-07-23,"9","calib","mod","chla",6.14216732449221,"baseline"
2015-07-23,"9","calib","obs","chla",2.317,"baseline"
2015-07-23,"9","calib","obs","din",352,"baseline"
2015-07-23,"9","calib","mod","din",1604.56042977259,"baseline"
2015-08-20,"9","calib","mod","nh4",2476.57281458719,"baseline"
2015-08-20,"9","calib","obs","nh4",440,"baseline"
2015-08-20,"9","calib","mod","no3",0.134026904063455,"baseline"
2015-08-20,"9","calib","obs","no3",2,"baseline"
2015-08-20,"9","calib","mod","po4",27.8193895947299,"baseline"
2015-08-20,"9","calib","obs","po4",9.99999999999998,"baseline"
2015-08-20,"9","calib","obs","din",442,"baseline"
2015-08-20,"9","calib","mod","din",2476.70684149125,"baseline"
2015-10-02,"9","calib","mod","nh4",1626.14546234329,"baseline"
2015-10-02,"9","calib","obs","nh4",228.000000000001,"baseline"
2015-10-02,"9","calib","mod","no3",13.5134885200732,"baseline"
2015-10-02,"9","calib","obs","no3",4,"baseline"
2015-10-02,"9","calib","mod","po4",48.7124321110364,"baseline"
2015-10-02,"9","calib","obs","po4",9.99999999999998,"baseline"
2015-10-02,"9","calib","mod","chla",0.904472730239194,"baseline"
2015-10-02,"9","calib","obs","chla",1.4075,"baseline"
2015-10-02,"9","calib","obs","din",232.000000000001,"baseline"
2015-10-02,"9","calib","mod","din",1639.65895086337,"baseline"
2016-04-06,"9","calib","mod","nh4",11.3223183925976,"baseline"
2016-04-06,"9","calib","obs","nh4",7.00000000000001,"baseline"
2016-04-06,"9","calib","mod","no3",5.9398146940689,"baseline"
2016-04-06,"9","calib","obs","no3",0.999999999999999,"baseline"
2016-04-06,"9","calib","mod","po4",10.6881494920047,"baseline"
2016-04-06,"9","calib","obs","po4",4,"baseline"
2016-04-06,"9","calib","obs","din",8.00000000000001,"baseline"
2016-04-06,"9","calib","mod","din",17.2621330866665,"baseline"
2016-04-20,"9","calib","mod","nh4",82.4323050941176,"baseline"
2016-04-20,"9","calib","obs","nh4",5.99999999999999,"baseline"
2016-04-20,"9","calib","mod","no3",9.32523163050349,"baseline"
2016-04-20,"9","calib","obs","no3",5,"baseline"
2016-04-20,"9","calib","mod","po4",5.24401813075655,"baseline"
2016-04-20,"9","calib","obs","po4",5,"baseline"
2016-04-20,"9","calib","obs","din",11,"baseline"
2016-04-20,"9","calib","mod","din",91.757536724621,"baseline"
2016-05-04,"9","calib","mod","nh4",401.385693895104,"baseline"
2016-05-04,"9","calib","obs","nh4",5,"baseline"
2016-05-04,"9","calib","mod","no3",3.58658739573075,"baseline"
2016-05-04,"9","calib","obs","no3",4,"baseline"
2016-05-04,"9","calib","mod","po4",5.11344482726338,"baseline"
2016-05-04,"9","calib","obs","po4",4,"baseline"
2016-05-04,"9","calib","obs","din",9,"baseline"
2016-05-04,"9","calib","mod","din",404.972281290835,"baseline"
2016-05-12,"9","calib","mod","nh4",439.183006554488,"baseline"
2016-05-12,"9","calib","obs","nh4",4,"baseline"
2016-05-12,"9","calib","mod","no3",4.66734896456102,"baseline"
2016-05-12,"9","calib","obs","no3",0.999999999999999,"baseline"
2016-05-12,"9","calib","mod","po4",5.21044628545919,"baseline"
2016-05-12,"9","calib","obs","po4",3,"baseline"
2016-05-12,"9","calib","mod","chla",0.488293815610489,"baseline"
2016-05-12,"9","calib","obs","chla",2.0957,"baseline"
2016-05-12,"9","calib","obs","din",5,"baseline"
2016-05-12,"9","calib","mod","din",443.850355519049,"baseline"
2016-05-19,"9","calib","mod","nh4",630.217098155759,"baseline"
2016-05-19,"9","calib","obs","nh4",5.99999999999999,"baseline"
2016-05-19,"9","calib","mod","no3",2.83272591997596,"baseline"
2016-05-19,"9","calib","obs","no3",5,"baseline"
2016-05-19,"9","calib","mod","po4",5.61816732603163,"baseline"
2016-05-19,"9","calib","obs","po4",5,"baseline"
2016-05-19,"9","calib","mod","chla",3.49687597783269,"baseline"
2016-05-19,"9","calib","obs","chla",3.4048,"baseline"
2016-05-19,"9","calib","obs","din",11,"baseline"
2016-05-19,"9","calib","mod","din",633.049824075735,"baseline"
2016-05-26,"9","calib","mod","nh4",868.230901052047,"baseline"
2016-05-26,"9","calib","obs","nh4",78,"baseline"
2016-05-26,"9","calib","mod","no3",0.115308486823282,"baseline"
2016-05-26,"9","calib","obs","no3",2,"baseline"
2016-05-26,"9","calib","mod","po4",6.12426433816695,"baseline"
2016-05-26,"9","calib","obs","po4",3,"baseline"
2016-05-26,"9","calib","mod","chla",3.71918035105146,"baseline"
2016-05-26,"9","calib","obs","chla",2.4821,"baseline"
2016-05-26,"9","calib","obs","din",80,"baseline"
2016-05-26,"9","calib","mod","din",868.346209538871,"baseline"
2016-05-31,"9","calib","mod","nh4",1043.42406620061,"baseline"
2016-05-31,"9","calib","obs","nh4",7.00000000000001,"baseline"
2016-05-31,"9","calib","mod","no3",0.0315677928579135,"baseline"
2016-05-31,"9","calib","obs","no3",3,"baseline"
2016-05-31,"9","calib","mod","po4",6.44416070218482,"baseline"
2016-05-31,"9","calib","obs","po4",5,"baseline"
2016-05-31,"9","calib","mod","chla",3.85327856218171,"baseline"
2016-05-31,"9","calib","obs","chla",5.9081,"baseline"
2016-05-31,"9","calib","obs","din",10,"baseline"
2016-05-31,"9","calib","mod","din",1043.45563399347,"baseline"
2016-06-02,"9","calib","mod","nh4",1115.49551269487,"baseline"
2016-06-02,"9","calib","obs","nh4",16,"baseline"
2016-06-02,"9","calib","mod","no3",0.0323639668232184,"baseline"
2016-06-02,"9","calib","obs","no3",6,"baseline"
2016-06-02,"9","calib","mod","po4",6.59463825723274,"baseline"
2016-06-02,"9","calib","obs","po4",7,"baseline"
2016-06-02,"9","calib","mod","chla",3.97959832550354,"baseline"
2016-06-02,"9","calib","obs","chla",5.6189,"baseline"
2016-06-02,"9","calib","obs","din",22,"baseline"
2016-06-02,"9","calib","mod","din",1115.52787666169,"baseline"
2016-06-08,"9","calib","mod","nh4",1338.89775953231,"baseline"
2016-06-08,"9","calib","obs","nh4",5.99999999999999,"baseline"
2016-06-08,"9","calib","mod","no3",0.0330302625656814,"baseline"
2016-06-08,"9","calib","obs","no3",0.999999999999999,"baseline"
2016-06-08,"9","calib","mod","po4",7.17784341268839,"baseline"
2016-06-08,"9","calib","obs","po4",3,"baseline"
2016-06-08,"9","calib","mod","chla",5.31797249491805,"baseline"
2016-06-08,"9","calib","obs","chla",2.7461,"baseline"
2016-06-08,"9","calib","obs","din",6.99999999999999,"baseline"
2016-06-08,"9","calib","mod","din",1338.93078979487,"baseline"
2016-06-16,"9","calib","mod","nh4",1638.05587859668,"baseline"
2016-06-16,"9","calib","obs","nh4",9.99999999999999,"baseline"
2016-06-16,"9","calib","mod","no3",0.00652430180286066,"baseline"
2016-06-16,"9","calib","obs","no3",4,"baseline"
2016-06-16,"9","calib","mod","po4",8.12078351525446,"baseline"
2016-06-16,"9","calib","obs","po4",9,"baseline"
2016-06-16,"9","calib","mod","chla",14.1139852611187,"baseline"
2016-06-16,"9","calib","obs","chla",5.7666,"baseline"
2016-06-16,"9","calib","obs","din",14,"baseline"
2016-06-16,"9","calib","mod","din",1638.06240289849,"baseline"
2016-06-26,"9","calib","mod","nh4",2218.8230127953,"baseline"
2016-06-26,"9","calib","obs","nh4",4,"baseline"
2016-06-26,"9","calib","mod","no3",0.0197418535752747,"baseline"
2016-06-26,"9","calib","obs","no3",0.999999999999999,"baseline"
2016-06-26,"9","calib","mod","po4",11.5263800295081,"baseline"
2016-06-26,"9","calib","obs","po4",5,"baseline"
2016-06-26,"9","calib","mod","chla",31.2217227153803,"baseline"
2016-06-26,"9","calib","obs","chla",11.2086,"baseline"
2016-06-26,"9","calib","obs","din",5,"baseline"
2016-06-26,"9","calib","mod","din",2218.84275464887,"baseline"
2016-07-14,"9","calib","mod","nh4",2959.40481626699,"baseline"
2016-07-14,"9","calib","obs","nh4",7.00000000000001,"baseline"
2016-07-14,"9","calib","mod","no3",0.24138660297831,"baseline"
2016-07-14,"9","calib","obs","no3",2,"baseline"
2016-07-14,"9","calib","mod","po4",18.5275527058292,"baseline"
2016-07-14,"9","calib","obs","po4",2,"baseline"
2016-07-14,"9","calib","mod","chla",1.53206765908027,"baseline"
2016-07-14,"9","calib","obs","chla",3.3177,"baseline"
2016-07-14,"9","calib","obs","din",9,"baseline"
2016-07-14,"9","calib","mod","din",2959.64620286997,"baseline"
2016-07-24,"9","calib","mod","nh4",3433.0393747103,"baseline"
2016-07-24,"9","calib","obs","nh4",7.00000000000001,"baseline"
2016-07-24,"9","calib","mod","no3",0.00814944578813034,"baseline"
2016-07-24,"9","calib","obs","no3",3,"baseline"
2016-07-24,"9","calib","mod","po4",21.6917327623921,"baseline"
2016-07-24,"9","calib","obs","po4",6,"baseline"
2016-07-24,"9","calib","mod","chla",6.15292895607928,"baseline"
2016-07-24,"9","calib","obs","chla",2.4334,"baseline"
2016-07-24,"9","calib","obs","din",10,"baseline"
2016-07-24,"9","calib","mod","din",3433.04752415609,"baseline"
2016-08-04,"9","calib","mod","nh4",3869.63294272959,"baseline"
2016-08-04,"9","calib","obs","nh4",142,"baseline"
2016-08-04,"9","calib","mod","no3",0.0245437397299265,"baseline"
2016-08-04,"9","calib","obs","no3",2,"baseline"
2016-08-04,"9","calib","mod","po4",25.5898981605374,"baseline"
2016-08-04,"9","calib","obs","po4",6,"baseline"
2016-08-04,"9","calib","obs","din",144,"baseline"
2016-08-04,"9","calib","mod","din",3869.65748646932,"baseline"
2016-08-18,"9","calib","mod","nh4",4343.29842762961,"baseline"
2016-08-18,"9","calib","obs","nh4",28,"baseline"
2016-08-18,"9","calib","mod","no3",0.0188468685265586,"baseline"
2016-08-18,"9","calib","obs","no3",3,"baseline"
2016-08-18,"9","calib","mod","po4",30.0295076552337,"baseline"
2016-08-18,"9","calib","obs","po4",4,"baseline"
2016-08-18,"9","calib","mod","chla",0.362865560046556,"baseline"
2016-08-18,"9","calib","obs","chla",3.5617,"baseline"
2016-08-18,"9","calib","obs","din",31,"baseline"
2016-08-18,"9","calib","mod","din",4343.31727449814,"baseline"
2016-09-16,"9","calib","mod","nh4",4980.94913463589,"baseline"
2016-09-16,"9","calib","obs","nh4",149,"baseline"
2016-09-16,"9","calib","mod","no3",0.0532734549868921,"baseline"
2016-09-16,"9","calib","obs","no3",7.00000000000002,"baseline"
2016-09-16,"9","calib","mod","po4",43.461958278018,"baseline"
2016-09-16,"9","calib","obs","po4",18,"baseline"
2016-09-16,"9","calib","mod","chla",10.4882575654864,"baseline"
2016-09-16,"9","calib","obs","chla",1.1648,"baseline"
2016-09-16,"9","calib","obs","din",156,"baseline"
2016-09-16,"9","calib","mod","din",4981.00240809088,"baseline"
2016-09-27,"9","calib","mod","nh4",4093.45579634036,"baseline"
2016-09-27,"9","calib","obs","nh4",99.9999999999999,"baseline"
2016-09-27,"9","calib","mod","no3",1.32584725034125,"baseline"
2016-09-27,"9","calib","obs","no3",2,"baseline"
2016-09-27,"9","calib","mod","po4",51.9309816495285,"baseline"
2016-09-27,"9","calib","obs","po4",7,"baseline"
2016-09-27,"9","calib","mod","chla",1.88934400760427,"baseline"
2016-09-27,"9","calib","obs","chla",0.8564,"baseline"
2016-09-27,"9","calib","obs","din",102,"baseline"
2016-09-27,"9","calib","mod","din",4094.7816435907,"baseline"
2016-10-11,"9","calib","mod","nh4",1830.37124535774,"baseline"
2016-10-11,"9","calib","obs","nh4",36.0000000000001,"baseline"
2016-10-11,"9","calib","mod","no3",15.4218049779705,"baseline"
2016-10-11,"9","calib","obs","no3",5,"baseline"
2016-10-11,"9","calib","mod","po4",35.9668715722767,"baseline"
2016-10-11,"9","calib","obs","po4",2,"baseline"
2016-10-11,"9","calib","mod","chla",0.521315344283607,"baseline"
2016-10-11,"9","calib","obs","chla",2.2205,"baseline"
2016-10-11,"9","calib","obs","din",41.0000000000001,"baseline"
2016-10-11,"9","calib","mod","din",1845.79305033571,"baseline"
2016-11-11,"9","calib","mod","nh4",28.4945589311357,"baseline"
2016-11-11,"9","calib","obs","nh4",70.0000000000001,"baseline"
2016-11-11,"9","calib","mod","no3",6.6354205320293,"baseline"
2016-11-11,"9","calib","obs","no3",4,"baseline"
2016-11-11,"9","calib","mod","po4",5.92825191681139,"baseline"
2016-11-11,"9","calib","obs","po4",8,"baseline"
2016-11-11,"9","calib","mod","chla",2.9518471546664,"baseline"
2016-11-11,"9","calib","obs","chla",2.3595,"baseline"
2016-11-11,"9","calib","obs","din",74.0000000000001,"baseline"
2016-11-11,"9","calib","mod","din",35.129979463165,"baseline"
2017-06-15,"9","calib","mod","nh4",782.409537213578,"baseline"
2017-06-15,"9","calib","obs","nh4",464.000000000001,"baseline"
2017-06-15,"9","calib","mod","no3",2.09384690142823,"baseline"
2017-06-15,"9","calib","obs","no3",3,"baseline"
2017-06-15,"9","calib","mod","po4",6.60538582742875,"baseline"
2017-06-15,"9","calib","obs","po4",4,"baseline"
2017-06-15,"9","calib","obs","din",467.000000000001,"baseline"
2017-06-15,"9","calib","mod","din",784.503384115006,"baseline"
2018-08-23,"9","calib","mod","nh4",1260.57618219145,"baseline"
2018-08-23,"9","calib","obs","nh4",1960,"baseline"
2018-08-23,"9","calib","mod","no3",5.60059366301437,"baseline"
2018-08-23,"9","calib","obs","no3",12,"baseline"
2018-08-23,"9","calib","mod","po4",19.9122800960666,"baseline"
2018-08-23,"9","calib","obs","po4",41,"baseline"
2018-08-23,"9","calib","obs","din",1972,"baseline"
2018-08-23,"9","calib","mod","din",1266.17677585446,"baseline"
2020-03-30,"9","calib","mod","nh4",21.5487031286051,"baseline"
2020-03-30,"9","calib","obs","nh4",112,"baseline"
2020-03-30,"9","calib","mod","no3",5.50057255559985,"baseline"
2020-03-30,"9","calib","obs","no3",4,"baseline"
2020-03-30,"9","calib","mod","po4",7.65772789425296,"baseline"
2020-03-30,"9","calib","obs","po4",3,"baseline"
2020-03-30,"9","calib","obs","din",116,"baseline"
2020-03-30,"9","calib","mod","din",27.049275684205,"baseline"
2020-10-05,"9","calib","mod","nh4",21.6481793155436,"baseline"
2020-10-05,"9","calib","obs","nh4",1330,"baseline"
2020-10-05,"9","calib","mod","no3",5.99072389821697,"baseline"
2020-10-05,"9","calib","obs","no3",6,"baseline"
2020-10-05,"9","calib","mod","po4",4.55734550320336,"baseline"
2020-10-05,"9","calib","obs","po4",5,"baseline"
2020-10-05,"9","calib","obs","din",1336,"baseline"
2020-10-05,"9","calib","mod","din",27.6389032137606,"baseline"
2020-12-02,"9","calib","mod","nh4",18.6767176863222,"baseline"
2020-12-02,"9","calib","obs","nh4",49,"baseline"
2020-12-02,"9","calib","mod","no3",1.75686224583782,"baseline"
2020-12-02,"9","calib","obs","no3",9.99999999999999,"baseline"
2020-12-02,"9","calib","mod","po4",7.72378464012212,"baseline"
2020-12-02,"9","calib","obs","po4",8,"baseline"
2020-12-02,"9","calib","obs","din",59,"baseline"
2020-12-02,"9","calib","mod","din",20.43357993216,"baseline"
2021-06-15,"9","valid","mod","nh4",987.90021514001,"baseline"
2021-06-15,"9","valid","obs","nh4",222,"baseline"
2021-06-15,"9","valid","mod","no3",6.90507999297385,"baseline"
2021-06-15,"9","valid","obs","no3",4,"baseline"
2021-06-15,"9","valid","mod","po4",8.51322380644067,"baseline"
2021-06-15,"9","valid","obs","po4",7,"baseline"
2021-06-15,"9","valid","obs","din",226,"baseline"
2021-06-15,"9","valid","mod","din",994.805295132984,"baseline"
2021-08-09,"9","valid","mod","nh4",1152.11282733784,"baseline"
2021-08-09,"9","valid","obs","nh4",695.000000000001,"baseline"
2021-08-09,"9","valid","mod","no3",8.2861308704052,"baseline"
2021-08-09,"9","valid","obs","no3",2,"baseline"
2021-08-09,"9","valid","mod","po4",16.2376140293936,"baseline"
2021-08-09,"9","valid","obs","po4",9,"baseline"
2021-08-09,"9","valid","obs","din",697.000000000001,"baseline"
2021-08-09,"9","valid","mod","din",1160.39895820825,"baseline"
2015-09-04,"9","calib","mod","chla",11.4335972857821,"baseline"
2015-09-04,"9","calib","obs","chla",3.1917,"baseline"
2015-09-18,"9","calib","mod","chla",9.68112909661664,"baseline"
2015-09-18,"9","calib","obs","chla",2.3425,"baseline"
2015-10-23,"9","calib","mod","chla",2.86231999469284,"baseline"
2015-10-23,"9","calib","obs","chla",2.0881,"baseline"
2016-05-29,"9","calib","mod","chla",3.69193575874393,"baseline"
2016-05-29,"9","calib","obs","chla",4.6792,"baseline"
2016-06-07,"9","calib","mod","chla",4.86204404648101,"baseline"
2016-06-07,"9","calib","obs","chla",4.3583,"baseline"
2016-06-23,"9","calib","mod","chla",27.2671560608402,"baseline"
2016-06-23,"9","calib","obs","chla",11.6498,"baseline"
2016-06-28,"9","calib","mod","chla",32.8234680145774,"baseline"
2016-06-28,"9","calib","obs","chla",4.7089,"baseline"
2016-06-30,"9","calib","mod","chla",34.7589040590257,"baseline"
2016-06-30,"9","calib","obs","chla",5.6151,"baseline"
2016-07-07,"9","calib","mod","chla",37.2241277539501,"baseline"
2016-07-07,"9","calib","obs","chla",3.9709,"baseline"
2016-07-21,"9","calib","mod","chla",4.98826555655478,"baseline"
2016-07-21,"9","calib","obs","chla",3.3509,"baseline"
2016-07-28,"9","calib","mod","chla",1.86844377946774,"baseline"
2016-07-28,"9","calib","obs","chla",2.4956,"baseline"
2016-08-11,"9","calib","mod","chla",0.199540753646904,"baseline"
2016-08-11,"9","calib","obs","chla",2.364,"baseline"
2016-08-23,"9","calib","mod","chla",1.27959308792124,"baseline"
2016-08-23,"9","calib","obs","chla",2.9999,"baseline"
2016-09-06,"9","calib","mod","chla",4.18306222849754,"baseline"
2016-09-06,"9","calib","obs","chla",1.5521,"baseline"
2016-09-17,"9","calib","mod","chla",10.537195258263,"baseline"
2016-09-17,"9","calib","obs","chla",1.1718,"baseline"
