Rgrz_zoo,theta_grz_zoo,Rresp_zoo
43348.5253624905,-517495.975189727,42116.6215059118
0,28285.9582111551,15062.5671513354
28285.9582111551,0,0
