Rgrz_zoo,theta_grz_zoo,Rresp_zoo,Rmort_zoo
0,0,0,0
-34740.0773252487,8875.56851349358,37580.3527071846,-57231.7955260445
-9769.08440468484,4597.28945397637,0,-9769.08440468484
