Fsed_rsi,Ksed_rsi,theta_sed_rsi
335817.300121253,112473.91760336,-45735.2957657411
270891.557276371,132758.434346841,-66866.8059134481
259840.264494306,-77938.4533878084,92382.1935686727
