Fsed_oxy,Fsed_oxy,Ksed_oxy,theta_sed_oxy
-1363928.46834934,176039.901133079,2689.18080449477,64921.5311630084
635232.085850792,-21842.1977211339,-1904.77325320011,66610.4996896423
1783222.39197581,-1006238.18680913,-2834.02063566912,51504.1924906685
