Rch4ox,Kch4ox,vTch4ox,Fsed_ch4,Ksed_ch4,theta_sed_ch4
50991.8164980509,-656742.435616413,4703.82419590528,-108057.88442247,495171.783571327,13405.3746985315
247480.306257357,-73195.8593879533,3892.30486491835,-710627.308754022,-207060.015355497,-9609.81560688109
39523.8060484277,-13922.5164544604,-3641.79082149795,-429669.585598694,54184.1955075067,-9634.25251895251
