Fsed_frp,Ksed_frp,theta_sed_frp
67950725.7911728,-381724894.46558,-5645244.69874276
9235111.69391215,-423109064.551036,-7231446.22080319
-22433.5311062634,-225071038.674377,4280734.20568114
