Fsed_oxy,Fsed_oxy,Ksed_oxy,theta_sed_oxy
5126269.45180054,5001754.50490529,-80757.2315353164,-69104.5884870393
8823033.19822475,-293773.747626205,306531.150514738,-617805.01523153
9347393.1749882,-1910034.9274286,869609.606680757,110928.992491666
