Fsed_dic,Ksed_dic,theta_sed_dic
906839186.26276,-103001138.255774,-292253804.04612
1961444148.276,-58264190.7416662,164858991.439836
803838019.175188,28.8317978382111,-54.3754443118814
