wind_factor,sw_factor,lw_factor,coef_mix_conv,coef_wind_stir,coef_mix_shear,coef_mix_turb,coef_mix_KH,coef_mix_hyp,ce,ch,cd,sed_temp_mean,sed_temp_mean,sed_temp_amplitude,sed_temp_amplitude,sed_temp_peak_doy,sed_temp_peak_doy
-359.121179757838,-6363.61626006629,-20156.4921539931,191.855237083518,170.12493902146,0,249.91022077862,-78.0369079798604,215.103296633485,177.978188533557,-2915.92592515636,-136.182426045468,5828.47217713844,12653.9900924029,38.7989684978877,-1925.37293910949,455.396179910875,259.099218250218
-908.052190588379,6281.25871840429,18982.8207685576,-121.833223077976,-239.455229423919,0,-80.3475483422315,-35.6203651178172,74.2102715763718,-369.809741082649,2978.99365815436,-309.993729093128,-5677.13986528781,-12234.5287801423,517.59671698649,2056.38047212557,-224.608285331803,750.453266915837
-589.588252588146,-6248.88757379177,-19051.4779665039,15.8362069441985,-94.5168087725728,0,146.90175939317,-9.88488062096521,-77.0099222326543,-99.112878513115,-2801.02750684169,11.8554446451081,-6320.98933546679,13097.5600375689,506.951334364057,2154.74889277783,327.757173519777,429.133367412497
