wind_factor,sw_factor,lw_factor,coef_mix_conv,coef_wind_stir,coef_mix_shear,coef_mix_turb,coef_mix_KH,coef_mix_hyp,ce,ch,cd,sed_temp_mean,sed_temp_mean,sed_temp_amplitude,sed_temp_amplitude,sed_temp_peak_doy,sed_temp_peak_doy
-502.694677553756,-4373.88905430232,-7722.86384334247,7.83696118486356,-140.68514346863,0,64.1923062059222,-95.9951629775606,479.063374392143,-561.289578779555,-163.171167800061,-555.211322097692,10000.6451551929,-14723.787208436,2076.65705906779,-2453.55812663022,-653.557940296713,-746.424388062842
120.530022074668,-3859.95217511297,6442.98343647271,501.559099150319,-546.213229941932,0,-371.824001418451,524.837970286046,869.374838507938,428.779815414414,536.890472038661,663.85571359907,-10713.0351829791,13264.2765054159,1586.87189380493,2517.22615186462,-203.702361961182,-536.526369050795
-558.161377960359,4561.37292562281,6397.77176292218,225.415380227949,52.6778641632296,0,-20.5754345330529,-193.173925312525,-293.29342244526,-825.098052472478,-56.6977996556064,81.3326499714135,9454.2693139341,-15133.4650264092,-1064.28868791738,-1999.96418934528,666.534273155246,711.95019119707
