wind_factor,sw_factor,lw_factor,coef_mix_conv,coef_wind_stir,coef_mix_shear,coef_mix_turb,coef_mix_KH,coef_mix_hyp,ce,ch,cd,sed_temp_mean,sed_temp_mean,sed_temp_amplitude,sed_temp_amplitude,sed_temp_peak_doy,sed_temp_peak_doy
-334.794019189693,3752.45429584487,-5981.18244263155,551.833499003757,-1230.48186461876,0,-28.8498581160699,-270.799870249769,1193.23508346876,-905.893860094911,-33.4199285779646,474.411802054266,-9666.76881387155,-16081.9176393798,1922.57015169951,-2056.87979300293,-1543.50256183339,607.998915855804
101.738752115715,4081.84809934723,-5414.426400221,-490.72036533363,505.721958776711,0,1.05084453124113,-370.162952489538,13.4556499671412,-338.757654878852,610.943967920434,1.4841774773231,-10546.865270113,-14564.6964158147,1934.50511362572,2487.11313866275,630.371281747216,-1081.21603156533
-2204.27446343605,4100.81353403168,-8029.15435576237,187.274011139157,208.233317838741,0,658.55607180395,1995.23347537341,-190.02788141844,-360.770609335252,43.6061486966557,-1671.28555302817,9766.83672815676,-13546.4614780983,806.842825345767,3052.59104819254,983.040153317961,1892.12313583267
