Rch4ox,Kch4ox,vTch4ox,Fsed_ch4,Fsed_ch4,Ksed_ch4,theta_sed_ch4
238133073.366934,1085422989.23233,54384672.2006485,92774532.660854,12940376.6985986,360829777.383114,-478833054.857405
-134968643.919369,287048139.85239,27187.1843485057,-1741474131.6609,-395.635636264857,2669.45320396924,690465412.508128
139932687.799423,344267053.10703,-1285021.33225478,6088893076.18742,-80497493.4145322,372862488.849401,168632707.150355
