Fsed_oxy,Fsed_oxy,Ksed_oxy,theta_sed_oxy
1691199.13718166,-856627.399778662,2764.33480862575,-12017.674615239
1615176.62405955,630602.14014699,2180.15848270664,2159.5336855473
-800556.247307997,-847925.240840449,-1551.20085484325,11203.1589653257
