wind_factor,sw_factor,lw_factor,coef_mix_conv,coef_wind_stir,coef_mix_shear,coef_mix_turb,coef_mix_KH,coef_mix_hyp,ce,ch,cd,sed_temp_mean,sed_temp_mean,sed_temp_amplitude,sed_temp_amplitude,sed_temp_peak_doy,sed_temp_peak_doy
-427.912596981603,4078.67738755381,6921.93782691441,-47.1299627112482,-688.734658548258,0,-361.575102890917,-57.2839500604742,663.152823201591,817.875474230625,17.7850181630978,-951.470766376301,-10839.9084520106,-14646.1305872585,-1230.82844668645,-3264.04234009806,873.154347881856,593.013395745212
229.505657958325,-4976.4353301098,6851.93391456348,544.919352191884,9.318535175953,0,170.256129841772,274.091768907799,106.49131926583,-1485.52041564753,-253.286874299613,230.545605835679,-10369.9474878339,-14997.1491175193,-1358.50325306333,3054.856594946,1482.21522703897,729.929943822192
92.5164910710494,3794.3345937126,6946.09599537616,473.610689092954,-72.6079313502164,0,-783.730473037504,-1875.51213686716,767.459766972077,-2.19399734295924,336.068224768824,-115.106063488715,10789.4161656345,-15401.7010232834,3251.63515360078,3156.35507086195,187.774879268109,-1141.0659713397
