Fsed_dic,Ksed_dic,theta_sed_dic
288749566.494735,24655333.7095211,-208.431966340577
185537872.09933,-6833142.23492538,58533605.8116416
210832352.779863,13539138.4538855,-65668785.6221671
