Fsed_frp,Ksed_frp,theta_sed_frp
43686968.7762582,-1645913582.39327,-16707857.5839427
-14126640.1160403,1372505336.94781,232302494.137109
107034047.367907,-1586759980.98615,178579455.44707
