wind_factor,sw_factor,lw_factor,coef_mix_conv,coef_wind_stir,coef_mix_shear,coef_mix_turb,coef_mix_KH,coef_mix_hyp,ce,ch,cd,sed_temp_mean,sed_temp_mean,sed_temp_amplitude,sed_temp_amplitude,sed_temp_peak_doy,sed_temp_peak_doy
-1128.18915939818,7457.59935751119,-23305.2135253508,-3420.09229451823,76.0355236543546,0,2335.28278746765,371.601641067727,489.220657133717,786.235994830875,9068.6432046893,-29.6087976072684,8093.593025161,-16124.850194381,-4155.33480324725,4818.85641403291,486.197226681757,4148.72102822689
-1028.90249586855,7710.67530426312,21003.5389883742,-178.452763797961,-3909.00298711261,0,-206.030268920432,3821.9377974695,-900.019141709195,547.686560422278,10079.201594943,-707.52994788028,-6122.0946337258,12275.9596351827,1.36929255655963,-5767.4313908823,-183.2275378092,-1208.2464305898
-6449.44553328357,-7160.33644134541,22739.4863840684,-294.648969258301,-1534.21299252767,0,3478.34461405103,3274.2168729942,-54.8846838540501,1804.37712723812,-4605.79381684173,-4881.67222992019,6850.8086871807,-16768.0222964855,-3840.62626884253,-2009.30265726138,-27.7146890873175,1299.39809037978
