wind_factor,sw_factor,lw_factor,coef_mix_conv,coef_wind_stir,coef_mix_shear,coef_mix_turb,coef_mix_KH,coef_mix_hyp,ce,ch,cd,sed_temp_mean,sed_temp_mean,sed_temp_amplitude,sed_temp_amplitude,sed_temp_peak_doy,sed_temp_peak_doy
-1614.69747352032,-9129.61851415472,12978.7437026899,219.268930986477,888.561650570231,0,837.5754810608,-344.833368329459,114.626941957564,-1920.98049103141,918.138353499105,-146.24406020284,25585.9624750087,-25963.6163402705,-743.031878027121,-2089.84509254562,-2397.66894041355,-2099.22823034813
3502.28349235501,-5748.65266703734,-14803.1310764958,-1800.93305832265,2284.35587906272,0,-3679.30584486388,1257.58192517589,1686.33752780252,-2109.27334848393,-1001.76659398455,-501.735305067212,27175.6236824606,-29741.5909071093,6899.20153098284,1493.29993862313,-3823.00106160027,963.812932313481
-1026.12126382593,6374.16803864584,-12499.4568175595,-627.159515325903,492.143193244346,0,-1180.75281192359,1703.68408633501,-1334.36672451295,4404.49624949576,-2738.19642024713,-5300.61786938299,28732.0111822202,-30583.1312393496,-462.360377038802,-1088.3114025253,-2535.19433033136,3433.05080316052
