Rdom_minerl,Rpom_hydrol,theta_minerl,theta_hydrol,Kdom_minerl,Kpom_hydrol,Fsed_doc
-677190.277410952,0,213057.723977332,62588.6059909352,-36968.7923926245,-380062.861143767,2373650.58870171
-234635.960666471,0,-281804.741249871,-7873.21395135671,-24272.0122655502,-70565.8706594719,-2959439.23261808
-230929.044227733,0,34729.6715403698,133258.379773808,153513.268727888,-34745.1157234632,3549284.60308837
